feature_id	feature_order
chr12_9558001_9558300	1
chr4_189957301_189957600	2
chr18_77310601_77310900	3
chr18_77310301_77310600	4
chr7_158046901_158047200	5
chr16_86007001_86007300	6
chr18_77310901_77311200	7
chr12_9558301_9558600	8
chr18_77311201_77311500	9
chr4_187354201_187354500	10
chr8_597001_597300	11
chr4_19521601_19521900	12
chr18_77310001_77310300	13
chr17_724501_724800	14
chr4_187356301_187356600	15
chr9_44276701_44277000	16
chr8_595201_595500	17
chr4_187353901_187354200	18
chr7_121083601_121083900	19
chr4_9471601_9471900	20
chr2_1358101_1358400	21
chr1_25328701_25329000	22
chr8_594901_595200	23
chr1_152564701_152565000	24
chr22_24347401_24347700	25
chr4_69408301_69408600	26
chr4_19521901_19522200	27
chr9_43617001_43617300	28
chr4_187354501_187354800	29
chr4_187356601_187356900	30
chr4_9464101_9464400	31
chr9_140253601_140253900	32
chr4_187354801_187355100	33
chr1_152565001_152565300	34
chr18_77311501_77311800	35
chr4_187355101_187355400	36
chr4_1603201_1603500	37
chr6_32507401_32507700	38
chr6_29127901_29128200	39
chr9_71738701_71739000	40
chr4_69408601_69408900	41
chr19_15047701_15048000	42
chr9_131413501_131413800	43
chr17_724201_724500	44
chr4_9464401_9464700	45
chr6_31606201_31606500	46
chr4_187355401_187355700	47
chr4_9465301_9465600	48
chr21_44970901_44971200	49
chr8_597901_598200	50
chr9_138479101_138479400	51
chr20_1591801_1592100	52
chr4_69381301_69381600	53
chr8_8082601_8082900	54
chr4_9469801_9470100	55
chr9_140253901_140254200	56
chr22_18059401_18059700	57
chr9_44260201_44260500	58
chr4_187353601_187353900	59
chr17_62213701_62214000	60
chr4_9465601_9465900	61
chr7_154454701_154455000	62
chr6_32525701_32526000	63
chr3_194384101_194384400	64
chr8_596701_597000	65
chr6_32526001_32526300	66
chr4_10213201_10213500	67
chr22_24379201_24379500	68
chr3_192884701_192885000	69
chr9_136625701_136626000	70
chr22_24346801_24347100	71
chr3_192884401_192884700	72
chr6_29901901_29902200	73
chr4_9471301_9471600	74
chr9_44244901_44245200	75
chr4_187355701_187356000	76
chr6_32490001_32490300	77
chr9_136626001_136626300	78
chr4_9466201_9466500	79
chr4_187356901_187357200	80
chr4_9465901_9466200	81
chr4_9477901_9478200	82
chr7_73829701_73830000	83
chr7_73549801_73550100	84
chr9_44757901_44758200	85
chr9_44277001_44277300	86
chr7_76146301_76146600	87
chr15_59831401_59831700	88
chr6_32489701_32490000	89
chr4_9458101_9458400	90
chr6_32511301_32511600	91
chr6_32526301_32526600	92
chr18_50612701_50613000	93
chr7_73829101_73829400	94
chr4_9457501_9457800	95
chr6_29862001_29862300	96
chr7_121083301_121083600	97
chr7_154455001_154455300	98
chr6_32458501_32458800	99
chr19_3174601_3174900	100
chr14_74013901_74014200	101
chr22_24374101_24374400	102
chr12_9668101_9668400	103
chr22_24353701_24354000	104
chr11_69401101_69401400	105
chr8_8077201_8077500	106
chr11_47887801_47888100	107
chr7_154398901_154399200	108
chr6_151486501_151486800	109
chr13_72844201_72844500	110
chr9_44272501_44272800	111
chr6_32613001_32613300	112
chr4_9462901_9463200	113
chr22_24354001_24354300	114
chr9_44257201_44257500	115
chr16_85149601_85149900	116
chr22_24284701_24285000	117
chr6_32613301_32613600	118
chr20_1592101_1592400	119
chr4_9469501_9469800	120
chr19_3174301_3174600	121
chr13_72845401_72845700	122
chr4_9162301_9162600	123
chr4_187356001_187356300	124
chr22_18059701_18060000	125
chr4_31440601_31440900	126
chr8_1746301_1746600	127
chr6_29863801_29864100	128
chr2_242988901_242989200	129
chr14_74005201_74005500	130
chr4_9478201_9478500	131
chr7_57088501_57088800	132
chr11_134393701_134394000	133
chr3_98901601_98901900	134
chr7_73550401_73550700	135
chr11_47061001_47061300	136
chr8_8076301_8076600	137
chr1_13160401_13160700	138
chr9_44250001_44250300	139
chr8_8077501_8077800	140
chr7_73830301_73830600	141
chr19_3174901_3175200	142
chr6_32527501_32527800	143
chr2_71996401_71996700	144
chr14_40614601_40614900	145
chr12_66527701_66528000	146
chr4_189793201_189793500	147
chr4_9472201_9472500	148
chr21_47388001_47388300	149
chr7_56436601_56436900	150
chr14_24678301_24678600	151
chr6_32502601_32502900	152
chr4_4135801_4136100	153
chr9_93525901_93526200	154
chr19_5510401_5510700	155
chr4_69408001_69408300	156
chr3_196056001_196056300	157
chr1_72768601_72768900	158
chr4_9179701_9180000	159
chr7_76153501_76153800	160
chr1_146550301_146550600	161
chr10_135105001_135105300	162
chr8_144711001_144711300	163
chr5_95263201_95263500	164
chr15_59831701_59832000	165
chr21_14982901_14983200	166
chr7_73829401_73829700	167
chr14_40614301_40614600	168
chr3_194398801_194399100	169
chr19_5510101_5510400	170
chr8_8076001_8076300	171
chr11_134393401_134393700	172
chr22_24379501_24379800	173
chr3_194830201_194830500	174
chr9_44251801_44252100	175
chr8_8082901_8083200	176
chr4_4142701_4143000	177
chr4_9477301_9477600	178
chr12_9729601_9729900	179
chr19_3173701_3174000	180
chr19_53422501_53422800	181
chr1_146550601_146550900	182
chr4_4123801_4124100	183
chr10_135105301_135105600	184
chr8_144710701_144711000	185
chr22_39040501_39040800	186
chr6_29901601_29901900	187
chr6_165731401_165731700	188
chr9_44780401_44780700	189
chr6_32527801_32528100	190
chr2_206979901_206980200	191
chr4_69481801_69482100	192
chr22_24346501_24346800	193
chr22_18060001_18060300	194
chr6_32484001_32484300	195
chr1_228399901_228400200	196
chr3_162561301_162561600	197
chr4_9463501_9463800	198
chr3_162562501_162562800	199
chr3_68742601_68742900	200
chr7_76153801_76154100	201
chr7_6693301_6693600	202
chr4_9478501_9478800	203
chr6_32604601_32604900	204
chr22_24394501_24394800	205
chr4_9479701_9480000	206
chr19_3175201_3175500	207
chr5_172110601_172110900	208
chr7_56436301_56436600	209
chr4_4129201_4129500	210
chr19_4618801_4619100	211
chr16_32896801_32897100	212
chr9_44249701_44250000	213
chr14_74004901_74005200	214
chr14_74018101_74018400	215
chr6_31119601_31119900	216
chr9_71742001_71742300	217
chr4_4134001_4134300	218
chr19_1229101_1229400	219
chr3_162561601_162561900	220
chr7_76152301_76152600	221
chr6_165730201_165730500	222
chr1_94289401_94289700	223
chr6_29862301_29862600	224
chr7_73828801_73829100	225
chr22_24373801_24374100	226
chr3_162624301_162624600	227
chr22_24347101_24347400	228
chr6_32499301_32499600	229
chr6_32502901_32503200	230
chr19_1228801_1229100	231
chr19_23142301_23142600	232
chr4_9457801_9458100	233
chr5_119384401_119384700	234
chr7_5428201_5428500	235
chr17_79470601_79470900	236
chr3_47491501_47491800	237
chr7_6693601_6693900	238
chr12_9709501_9709800	239
chr4_9463201_9463500	240
chr1_110237401_110237700	241
chr8_594601_594900	242
chr1_248572201_248572500	243
chr4_4143001_4143300	244
chr8_1746601_1746900	245
chr9_44251501_44251800	246
chr16_18476701_18477000	247
chr2_242989201_242989500	248
chr8_143495101_143495400	249
chr7_57063901_57064200	250
chr3_98901301_98901600	251
chr22_51159001_51159300	252
chr16_28331701_28332000	253
chr12_9709801_9710100	254
chr3_48958201_48958500	255
chr12_9668401_9668700	256
chr4_9474001_9474300	257
chr9_44842201_44842500	258
chr6_32609101_32609400	259
chr2_426601_426900	260
chr19_4217701_4218000	261
chr6_165731101_165731400	262
chr14_74002201_74002500	263
chr14_35204101_35204400	264
chr6_165729901_165730200	265
chr21_16590001_16590300	266
chr1_146550001_146550300	267
chr1_25733101_25733400	268
chr19_1556101_1556400	269
chr2_130955401_130955700	270
chr8_598201_598500	271
chr6_32507101_32507400	272
chr13_39934201_39934500	273
chr15_77331901_77332200	274
chr2_427201_427500	275
chr22_39040201_39040500	276
chr2_135874801_135875100	277
chr9_44245801_44246100	278
chr2_426901_427200	279
chr2_206980201_206980500	280
chr4_9170101_9170400	281
chr14_89408701_89409000	282
chr16_28332001_28332300	283
chr1_213084301_213084600	284
chr9_83101_83400	285
chr22_24394801_24395100	286
chr3_194830501_194830800	287
chr19_56104501_56104800	288
chr9_44780101_44780400	289
chr9_90554401_90554700	290
chr2_242506801_242507100	291
chr4_19521301_19521600	292
chr3_162624001_162624300	293
chr6_32502301_32502600	294
chr8_597601_597900	295
chr2_71996701_71997000	296
chr19_3173401_3173700	297
chr19_4619101_4619400	298
chr16_87759901_87760200	299
chr19_15048001_15048300	300
chr8_8083201_8083500	301
chr6_32314501_32314800	302
chr22_24284401_24284700	303
chr4_9180601_9180900	304
chr1_1374901_1375200	305
chr9_71739001_71739300	306
chr12_31272901_31273200	307
chr7_138742201_138742500	308
chr11_60620101_60620400	309
chr8_8074201_8074500	310
chr22_24348301_24348600	311
chr9_44729101_44729400	312
chr6_29870101_29870400	313
chr6_31122001_31122300	314
chr8_68727001_68727300	315
chr15_58281901_58282200	316
chr6_29097001_29097300	317
chr1_146549701_146550000	318
chr17_44448001_44448300	319
chr7_121083901_121084200	320
chr19_54801901_54802200	321
chr19_44901001_44901300	322
chr22_24381601_24381900	323
chr12_9651601_9651900	324
chr11_104268601_104268900	325
chr21_44971201_44971500	326
chr19_1229701_1230000	327
chr2_87169501_87169800	328
chr19_1229401_1229700	329
chr7_5428501_5428800	330
chr6_32511001_32511300	331
chr6_35628001_35628300	332
chr20_1585801_1586100	333
chr10_10493401_10493700	334
chr22_28194301_28194600	335
chr14_102973501_102973800	336
chr4_9180301_9180600	337
chr10_19997401_19997700	338
chr19_1555801_1556100	339
chr2_166016401_166016700	340
chr22_24359101_24359400	341
chr7_152245801_152246100	342
chr8_112295401_112295700	343
chr22_51158701_51159000	344
chr9_44728801_44729100	345
chr2_107083201_107083500	346
chr9_43614301_43614600	347
chr19_50154901_50155200	348
chr9_44269801_44270100	349
chr1_94289101_94289400	350
chr10_135105601_135105900	351
chr18_50612401_50612700	352
chr16_2230501_2230800	353
chr5_172110901_172111200	354
chr4_9474901_9475200	355
chr10_18209401_18209700	356
chr6_31107001_31107300	357
chr4_6898801_6899100	358
chr1_120165901_120166200	359
chr16_32897101_32897400	360
chr14_102973801_102974100	361
chr19_44900701_44901000	362
chr11_65642401_65642700	363
chr22_24371101_24371400	364
chr2_107082901_107083200	365
chr19_40375501_40375800	366
chr10_135245101_135245400	367
chr12_9680101_9680400	368
chr21_16589401_16589700	369
chr6_32579101_32579400	370
chr1_24260101_24260400	371
chr22_38379601_38379900	372
chr6_31235101_31235400	373
chr19_54802501_54802800	374
chr13_72845701_72846000	375
chr12_30337801_30338100	376
chr9_44269501_44269800	377
chr19_56104201_56104500	378
chr4_4139101_4139400	379
chr8_144998401_144998700	380
chr19_24061201_24061500	381
chr19_812701_813000	382
chr4_9477601_9477900	383
chr14_74013601_74013900	384
chr19_54802201_54802500	385
chr4_4151401_4151700	386
chr11_134605201_134605500	387
chr12_9721501_9721800	388
chr8_2121901_2122200	389
chr20_21286501_21286800	390
chr12_9721801_9722100	391
chr7_5427901_5428200	392
chr4_9470701_9471000	393
chr4_4137001_4137300	394
chr17_39425101_39425400	395
chr11_3688501_3688800	396
chr7_57068101_57068400	397
chr2_108444301_108444600	398
chr1_155161201_155161500	399
chr4_132646801_132647100	400
chr7_6693901_6694200	401
chr7_152245501_152245800	402
chr1_152576101_152576400	403
chr6_32499601_32499900	404
chr3_194830801_194831100	405
chr9_131413801_131414100	406
chr4_1602901_1603200	407
chr2_130956001_130956300	408
chr4_69444301_69444600	409
chr1_218188501_218188800	410
chr9_44758201_44758500	411
chr17_44414401_44414700	412
chr17_44414701_44415000	413
chr6_32593801_32594100	414
chr8_8074501_8074800	415
chr2_121746001_121746300	416
chr22_24353401_24353700	417
chr15_77331001_77331300	418
chr12_133159801_133160100	419
chr4_9472501_9472800	420
chr6_29864101_29864400	421
chr6_32518201_32518500	422
chr7_62960701_62961000	423
chr20_61725001_61725300	424
chr18_76752301_76752600	425
chr1_248571901_248572200	426
chr7_150094801_150095100	427
chr17_44660701_44661000	428
chr1_207545101_207545400	429
chr1_207543901_207544200	430
chr7_158046601_158046900	431
chr8_966901_967200	432
chr11_126884101_126884400	433
chr8_144998701_144999000	434
chr6_32539201_32539500	435
chr1_236166301_236166600	436
chr8_145494901_145495200	437
chr15_77332201_77332500	438
chr4_69467401_69467700	439
chr20_62596501_62596800	440
chr4_4148401_4148700	441
chr19_4543801_4544100	442
chr6_32461801_32462100	443
chr2_108444601_108444900	444
chr16_86006701_86007000	445
chr22_18059101_18059400	446
chr17_205801_206100	447
chr5_12818401_12818700	448
chr8_23745901_23746200	449
chr2_108443701_108444000	450
chr12_9639901_9640200	451
chr4_9471901_9472200	452
chr20_21286201_21286500	453
chr3_32102101_32102400	454
chr17_723901_724200	455
chr19_7584601_7584900	456
chr16_683401_683700	457
chr4_9179401_9179700	458
chr4_9175801_9176100	459
chr1_7553101_7553400	460
chr17_44481901_44482200	461
chr19_56599501_56599800	462
chr19_40719601_40719900	463
chr19_13318201_13318500	464
chr7_158188201_158188500	465
chr10_127462501_127462800	466
chr7_6662101_6662400	467
chr8_144809701_144810000	468
chr19_58879501_58879800	469
chr2_108445201_108445500	470
chr14_74017501_74017800	471
chr6_32579401_32579700	472
chr22_24357001_24357300	473
chr22_24348601_24348900	474
chr1_14711101_14711400	475
chr4_69381001_69381300	476
chr17_43507201_43507500	477
chr8_966601_966900	478
chr4_4140001_4140300	479
chr1_213085501_213085800	480
chr19_50155201_50155500	481
chr7_127766701_127767000	482
chr3_129791701_129792000	483
chr6_5038801_5039100	484
chr7_150094201_150094500	485
chr11_45430801_45431100	486
chr2_740401_740700	487
chr8_596401_596700	488
chr13_72844501_72844800	489
chr16_32896501_32896800	490
chr22_24350101_24350400	491
chr19_1071301_1071600	492
chr14_35204401_35204700	493
chr10_19997701_19998000	494
chr12_9667501_9667800	495
chr9_82801_83100	496
chr22_24371401_24371700	497
chr22_37145701_37146000	498
chr7_66021301_66021600	499
chr19_21817801_21818100	500
chr22_49077601_49077900	501
chr2_52784101_52784400	502
chr13_37414501_37414800	503
chr19_48698101_48698400	504
chr4_9158401_9158700	505
chr7_16173601_16173900	506
chr2_121746301_121746600	507
chr22_24352801_24353100	508
chr14_74005501_74005800	509
chr6_32458201_32458500	510
chr7_50850001_50850300	511
chr19_519001_519300	512
chr1_151105201_151105500	513
chr6_31098001_31098300	514
chr12_9557701_9558000	515
chr4_9177301_9177600	516
chr19_21265201_21265500	517
chr11_69400801_69401100	518
chr9_44762701_44763000	519
chr2_108444901_108445200	520
chr4_9477001_9477300	521
chr7_150094501_150094800	522
chr4_9480001_9480300	523
chr6_31456201_31456500	524
chr7_57067801_57068100	525
chr9_44255401_44255700	526
chr6_32708101_32708400	527
chr8_112295701_112296000	528
chr2_108445501_108445800	529
chr17_45786301_45786600	530
chr1_108735301_108735600	531
chr2_107083501_107083800	532
chr6_32539501_32539800	533
chr19_4544101_4544400	534
chr9_43617301_43617600	535
chr8_144810001_144810300	536
chr6_29127601_29127900	537
chr21_23657401_23657700	538
chr19_2128501_2128800	539
chr19_15568201_15568500	540
chr4_4136101_4136400	541
chr9_44255701_44256000	542
chr6_32623801_32624100	543
chr11_376801_377100	544
chr21_29152501_29152800	545
chr10_81478801_81479100	546
chr1_110232901_110233200	547
chr1_152576401_152576700	548
chr8_144999001_144999300	549
chr16_57562801_57563100	550
chr7_1944601_1944900	551
chr13_113751001_113751300	552
chr9_140173801_140174100	553
chr3_129792001_129792300	554
chr6_32499901_32500200	555
chr11_131550901_131551200	556
chr19_1009201_1009500	557
chr17_18024001_18024300	558
chr6_32489401_32489700	559
chr3_129786601_129786900	560
chr8_966301_966600	561
chr18_74153401_74153700	562
chr2_35991901_35992200	563
chr11_376501_376800	564
chr9_44260501_44260800	565
chr19_18979801_18980100	566
chr3_129786301_129786600	567
chr13_72477601_72477900	568
chr19_58879201_58879500	569
chr10_75492901_75493200	570
chr1_25732801_25733100	571
chr3_162537901_162538200	572
chr3_32107201_32107500	573
chr1_166564801_166565100	574
chr5_178109101_178109400	575
chr17_79096201_79096500	576
chr7_138742501_138742800	577
chr11_66711901_66712200	578
chr11_129433501_129433800	579
chr11_18220801_18221100	580
chr17_9720001_9720300	581
chr6_170555401_170555700	582
chr2_107083801_107084100	583
chr1_45271801_45272100	584
chr4_9476101_9476400	585
chr7_57073501_57073800	586
chr21_48118801_48119100	587
chr1_112703101_112703400	588
chr19_3174001_3174300	589
chr12_9651301_9651600	590
chr12_9729901_9730200	591
chr14_103593301_103593600	592
chr14_74003101_74003400	593
chr11_87229201_87229500	594
chr11_73053901_73054200	595
chr10_47940001_47940300	596
chr6_31311901_31312200	597
chr19_298801_299100	598
chr4_9169801_9170100	599
chr1_36039601_36039900	600
chr22_18057901_18058200	601
chr19_55993501_55993800	602
chr5_748501_748800	603
chr8_143494801_143495100	604
chr6_129737401_129737700	605
chr4_4132201_4132500	606
chr16_1423501_1423800	607
chr7_86044801_86045100	608
chr6_31320001_31320300	609
chr4_9175201_9175500	610
chr17_62214001_62214300	611
chr21_44698501_44698800	612
chr11_65352601_65352900	613
chr1_72803401_72803700	614
chr2_35991601_35991900	615
chr4_69392701_69393000	616
chr19_519301_519600	617
chr19_47259001_47259300	618
chr2_740701_741000	619
chr17_18024301_18024600	620
chr17_44536201_44536500	621
chr22_24356701_24357000	622
chr19_2425201_2425500	623
chr6_32461501_32461800	624
chr17_44408401_44408700	625
chr4_4137301_4137600	626
chr18_1756201_1756500	627
chr13_110418601_110418900	628
chr14_89409001_89409300	629
chr18_77623801_77624100	630
chr16_28331401_28331700	631
chr6_32729401_32729700	632
chr9_44259901_44260200	633
chr5_1458901_1459200	634
chr10_47955601_47955900	635
chr18_76752601_76752900	636
chr7_57071401_57071700	637
chr4_9465001_9465300	638
chr5_1924801_1925100	639
chr7_6693001_6693300	640
chr21_44701201_44701500	641
chr4_4126201_4126500	642
chr2_108444001_108444300	643
chr6_3145501_3145800	644
chr11_109976401_109976700	645
chr16_2141101_2141400	646
chr1_223738801_223739100	647
chr1_146549401_146549700	648
chr8_8082301_8082600	649
chr2_3335401_3335700	650
chr11_6651601_6651900	651
chr6_32234401_32234700	652
chr3_126260701_126261000	653
chr7_6692701_6693000	654
chr4_9163501_9163800	655
chr12_111856201_111856500	656
chr10_81478501_81478800	657
chr19_23320501_23320800	658
chr4_4127101_4127400	659
chr9_140263201_140263500	660
chr6_32515201_32515500	661
chr22_43101601_43101900	662
chr7_57078301_57078600	663
chr3_194398501_194398800	664
chr11_65414101_65414400	665
chr20_61660201_61660500	666
chr1_25733401_25733700	667
chr11_117007501_117007800	668
chr17_18576001_18576300	669
chr8_144378601_144378900	670
chr11_63530401_63530700	671
chr7_149462101_149462400	672
chr12_44266201_44266500	673
chr21_36164401_36164700	674
chr1_1866601_1866900	675
chr3_170357401_170357700	676
chr20_62596801_62597100	677
chr6_77099401_77099700	678
chr17_79095901_79096200	679
chr14_82090201_82090500	680
chr1_248571601_248571900	681
chr10_88702501_88702800	682
chr11_129433801_129434100	683
chr2_177389401_177389700	684
chr11_104270101_104270400	685
chr7_142483501_142483800	686
chr20_3732301_3732600	687
chr1_166564501_166564800	688
chr6_32305801_32306100	689
chr22_24355501_24355800	690
chr9_90554101_90554400	691
chr14_99641101_99641400	692
chr4_69464101_69464400	693
chr9_71742301_71742600	694
chr5_392101_392400	695
chr7_154399201_154399500	696
chr9_43614001_43614300	697
chr7_6692401_6692700	698
chr4_108229201_108229500	699
chr11_65642701_65643000	700
chr11_47061301_47061600	701
chr7_6661801_6662100	702
chr7_2617201_2617500	703
chr2_107084401_107084700	704
chr3_192882301_192882600	705
chr12_9654001_9654300	706
chr10_135342301_135342600	707
chr2_52766101_52766400	708
chr7_149128801_149129100	709
chr19_56090401_56090700	710
chr10_135244801_135245100	711
chr22_37143901_37144200	712
chr6_32614801_32615100	713
chr14_105417601_105417900	714
chr4_128763901_128764200	715
chr1_213084601_213084900	716
chr20_1585201_1585500	717
chr3_170357101_170357400	718
chr5_12818101_12818400	719
chr6_32629801_32630100	720
chr7_148073101_148073400	721
chr7_57064201_57064500	722
chr4_128763601_128763900	723
chr9_44841901_44842200	724
chr4_95876101_95876400	725
chr12_60663601_60663900	726
chr22_24356401_24356700	727
chr1_72803101_72803400	728
chr10_49090801_49091100	729
chr19_47259301_47259600	730
chr13_114964801_114965100	731
chr1_149604601_149604900	732
chr2_107084101_107084400	733
chr6_32451601_32451900	734
chr8_8082001_8082300	735
chr19_56671201_56671500	736
chr17_44632501_44632800	737
chr5_79013701_79014000	738
chr17_44632201_44632500	739
chr10_18503101_18503400	740
chr19_55993201_55993500	741
chr8_11652301_11652600	742
chr7_86044501_86044800	743
chr4_96728101_96728400	744
chr20_62493001_62493300	745
chr19_48205201_48205500	746
chr22_37146001_37146300	747
chr9_140311801_140312100	748
chr22_24356101_24356400	749
chr10_46774501_46774800	750
chr17_44563201_44563500	751
chr4_9479401_9479700	752
chr7_157346701_157347000	753
chr12_9684601_9684900	754
chr6_110792101_110792400	755
chr7_6692101_6692400	756
chr14_74000101_74000400	757
chr3_125709601_125709900	758
chr19_56089801_56090100	759
chr3_194831101_194831400	760
chr4_187096801_187097100	761
chr9_132027301_132027600	762
chr9_104220301_104220600	763
chr4_4139701_4140000	764
chr3_140967301_140967600	765
chr7_127216201_127216500	766
chr17_44448301_44448600	767
chr3_195489301_195489600	768
chr2_108445801_108446100	769
chr4_4123501_4123800	770
chr14_74022601_74022900	771
chr12_110158501_110158800	772
chr13_69172201_69172500	773
chr4_4151101_4151400	774
chr19_806101_806400	775
chr4_4142401_4142700	776
chr7_93422701_93423000	777
chr4_4139401_4139700	778
chr10_127584601_127584900	779
chr1_27145201_27145500	780
chr1_1374601_1374900	781
chr12_9603001_9603300	782
chr18_74297401_74297700	783
chr22_51135901_51136200	784
chr6_32483701_32484000	785
chr19_45737701_45738000	786
chr5_751501_751800	787
chr13_49533901_49534200	788
chr22_24330301_24330600	789
chr8_8079601_8079900	790
chr7_91218901_91219200	791
chr17_44455201_44455500	792
chr19_20585101_20585400	793
chr7_224701_225000	794
chr12_44265901_44266200	795
chr2_113190001_113190300	796
chr13_72845101_72845400	797
chr6_32674201_32674500	798
chr1_24259801_24260100	799
chr4_132645901_132646200	800
chr14_74018401_74018700	801
chr6_77099701_77100000	802
chr2_135875101_135875400	803
chr7_101943901_101944200	804
chr19_23142601_23142900	805
chr9_44729401_44729700	806
chr7_225001_225300	807
chr22_24355201_24355500	808
chr8_72551101_72551400	809
chr6_29093701_29094000	810
chr11_114401401_114401700	811
chr3_194786401_194786700	812
chr3_129763501_129763800	813
chr3_162573901_162574200	814
chr4_26216401_26216700	815
chr6_31606501_31606800	816
chr4_4135201_4135500	817
chr1_151105501_151105800	818
chr15_77331301_77331600	819
chr16_31235701_31236000	820
chr16_32360101_32360400	821
chr2_235557001_235557300	822
chr10_13259101_13259400	823
chr9_104220001_104220300	824
chr8_68888701_68889000	825
chr5_10649701_10650000	826
chr12_9653701_9654000	827
chr13_19949101_19949400	828
chr19_2275801_2276100	829
chr22_24280201_24280500	830
chr6_31294201_31294500	831
chr6_31320301_31320600	832
chr3_32107501_32107800	833
chr16_33573001_33573300	834
chr1_25732501_25732800	835
chr20_22394101_22394400	836
chr8_145752601_145752900	837
chr8_144999301_144999600	838
chr17_18576301_18576600	839
chr16_16751401_16751700	840
chr1_27144901_27145200	841
chr10_61641901_61642200	842
chr3_125709301_125709600	843
chr14_74017801_74018100	844
chr19_12697501_12697800	845
chr10_81475501_81475800	846
chr5_487201_487500	847
chr5_495601_495900	848
chr6_29853301_29853600	849
chr6_9460201_9460500	850
chr4_9162001_9162300	851
chr19_54802801_54803100	852
chr6_74595301_74595600	853
chr21_29713801_29714100	854
chr20_24888601_24888900	855
chr3_75654901_75655200	856
chr19_17000701_17001000	857
chr9_38906701_38907000	858
chr19_12697801_12698100	859
chr6_121319401_121319700	860
chr8_37699201_37699500	861
chr9_132027601_132027900	862
chr17_28209301_28209600	863
chr4_4129501_4129800	864
chr7_101892001_101892300	865
chr2_225293101_225293400	866
chr16_18764401_18764700	867
chr8_25069201_25069500	868
chr15_32970001_32970300	869
chr19_1228501_1228800	870
chr1_43857301_43857600	871
chr6_31480501_31480800	872
chr18_27755101_27755400	873
chr19_33210601_33210900	874
chr12_128674201_128674500	875
chr16_3139501_3139800	876
chr7_23185201_23185500	877
chr4_25295101_25295400	878
chr14_84865801_84866100	879
chr6_32515501_32515800	880
chr1_112703401_112703700	881
chr5_32208301_32208600	882
chr4_69468301_69468600	883
chr7_57078001_57078300	884
chr11_82681801_82682100	885
chr8_1410301_1410600	886
chr2_130955701_130956000	887
chr17_44551201_44551500	888
chr5_180045901_180046200	889
chr9_44739601_44739900	890
chr7_76162501_76162800	891
chr17_79470901_79471200	892
chr11_125733301_125733600	893
chr4_187887601_187887900	894
chr4_9177001_9177300	895
chr16_30206101_30206400	896
chr19_813301_813600	897
chr16_88599901_88600200	898
chr7_102800701_102801000	899
chr9_44743801_44744100	900
chr10_55424101_55424400	901
chr17_9719701_9720000	902
chr13_69172501_69172800	903
chr4_115377901_115378200	904
chr3_142572901_142573200	905
chr15_65243701_65244000	906
chr2_208909201_208909500	907
chr5_55430101_55430400	908
chr12_128673601_128673900	909
chr16_15083701_15084000	910
chr10_94135201_94135500	911
chr10_47955301_47955600	912
chr2_180493801_180494100	913
chr3_136024201_136024500	914
chr21_29152201_29152500	915
chr6_29093401_29093700	916
chr2_1222501_1222800	917
chr6_31098301_31098600	918
chr17_81026101_81026400	919
chr19_813001_813300	920
chr2_87403201_87403500	921
chr5_178109401_178109700	922
chr1_110233201_110233500	923
chr22_24333301_24333600	924
chr22_24349801_24350100	925
chr8_140318701_140319000	926
chr5_135416401_135416700	927
chr4_115377601_115377900	928
chr7_150105001_150105300	929
chr13_72477301_72477600	930
chr1_120165601_120165900	931
chr16_2141401_2141700	932
chr6_32471401_32471700	933
chr1_86682001_86682300	934
chr7_148074001_148074300	935
chr15_67300501_67300800	936
chr1_56128201_56128500	937
chr22_45723901_45724200	938
chr11_129433201_129433500	939
chr1_48848401_48848700	940
chr22_18058801_18059100	941
chr7_533701_534000	942
chr19_48183301_48183600	943
chr19_1912801_1913100	944
chr14_106024201_106024500	945
chr6_29480701_29481000	946
chr13_114964501_114964800	947
chr8_144708901_144709200	948
chr1_155161501_155161800	949
chr4_9174601_9174900	950
chr22_51169201_51169500	951
chr4_9174901_9175200	952
chr15_40583401_40583700	953
chr10_80498101_80498400	954
chr17_66961201_66961500	955
chr6_31452001_31452300	956
chr1_56073901_56074200	957
chr4_4126801_4127100	958
chr4_69438301_69438600	959
chr19_51407401_51407700	960
chr3_140967601_140967900	961
chr6_32490301_32490600	962
chr20_6150601_6150900	963
chr19_19655401_19655700	964
chr11_129960901_129961200	965
chr6_32306101_32306400	966
chr10_71287801_71288100	967
chr7_143631601_143631900	968
chr14_52680001_52680300	969
chr22_37144201_37144500	970
chr12_133159501_133159800	971
chr17_81026401_81026700	972
chr19_56041201_56041500	973
chr19_44096401_44096700	974
chr15_30289201_30289500	975
chr6_29848801_29849100	976
chr4_69463801_69464100	977
chr11_65810101_65810400	978
chr6_144329101_144329400	979
chr4_4135501_4135800	980
chr11_131551201_131551500	981
chr5_749401_749700	982
chr20_35754601_35754900	983
chr15_43941001_43941300	984
chr10_24945601_24945900	985
chr10_94135501_94135800	986
chr16_1423201_1423500	987
chr12_52473601_52473900	988
chr8_144809401_144809700	989
chr11_47888101_47888400	990
chr6_32314201_32314500	991
chr4_9474601_9474900	992
chr12_9705001_9705300	993
chr15_65369401_65369700	994
chr6_33092101_33092400	995
chr19_52960801_52961100	996
chr10_75492601_75492900	997
chr11_47060701_47061000	998
chr17_55689301_55689600	999
chr4_4134901_4135200	1000
chr9_115848301_115848600	1001
chr4_42024001_42024300	1002
chr1_108735001_108735300	1003
chr18_77499901_77500200	1004
chr7_6832801_6833100	1005
chr6_29839201_29839500	1006
chr1_110237701_110238000	1007
chr17_39425401_39425700	1008
chr3_161246401_161246700	1009
chr1_1632301_1632600	1010
chr3_196056301_196056600	1011
chr17_74017801_74018100	1012
chr8_25067101_25067400	1013
chr4_69485101_69485400	1014
chr20_12483601_12483900	1015
chr9_40025701_40026000	1016
chr8_140319001_140319300	1017
chr3_129783001_129783300	1018
chr10_48964201_48964500	1019
chr19_1912501_1912800	1020
chr13_114779101_114779400	1021
chr6_170576101_170576400	1022
chr3_154607101_154607400	1023
chr12_128673901_128674200	1024
chr22_24279301_24279600	1025
chr19_14074201_14074500	1026
chr22_17177401_17177700	1027
chr19_56615401_56615700	1028
chr3_129783301_129783600	1029
chr4_1656901_1657200	1030
chr7_143341801_143342100	1031
chr6_32574001_32574300	1032
chr7_12595801_12596100	1033
chr9_115823701_115824000	1034
chr10_135035401_135035700	1035
chr8_1837501_1837800	1036
chr12_111758101_111758400	1037
chr9_89154601_89154900	1038
chr12_133146601_133146900	1039
chr19_30390601_30390900	1040
chr12_133050001_133050300	1041
chr4_132654601_132654900	1042
chr3_524701_525000	1043
chr9_136625401_136625700	1044
chr7_56217601_56217900	1045
chr9_115834801_115835100	1046
chr11_104269801_104270100	1047
chr9_115842901_115843200	1048
chr7_101320201_101320500	1049
chr6_32674501_32674800	1050
chr12_132816001_132816300	1051
chr6_1827601_1827900	1052
chr3_136023601_136023900	1053
chr5_177952201_177952500	1054
chr10_6252301_6252600	1055
chr17_18399301_18399600	1056
chr4_9475801_9476100	1057
chr2_130956601_130956900	1058
chr10_134831401_134831700	1059
chr4_740401_740700	1060
chr16_2230201_2230500	1061
chr5_391501_391800	1062
chr9_115826401_115826700	1063
chr1_213085801_213086100	1064
chr16_76964401_76964700	1065
chr11_47058301_47058600	1066
chr19_5222701_5223000	1067
chr11_55453501_55453800	1068
chr4_69438001_69438300	1069
chr18_26277601_26277900	1070
chr9_44757601_44757900	1071
chr18_9225001_9225300	1072
chr5_90500401_90500700	1073
chr4_4134601_4134900	1074
chr8_8079301_8079600	1075
chr4_2397901_2398200	1076
chr7_76152001_76152300	1077
chr14_74009101_74009400	1078
chr6_33091801_33092100	1079
chr22_25413901_25414200	1080
chr10_17422801_17423100	1081
chr7_73550101_73550400	1082
chr5_137022601_137022900	1083
chr4_1830601_1830900	1084
chr3_190478401_190478700	1085
chr10_47940301_47940600	1086
chr6_29837101_29837400	1087
chr2_33094501_33094800	1088
chr4_4133701_4134000	1089
chr9_44831401_44831700	1090
chr16_33573301_33573600	1091
chr4_108998701_108999000	1092
chr9_115832101_115832400	1093
chr22_49935001_49935300	1094
chr19_1556401_1556700	1095
chr6_32608801_32609100	1096
chr17_63933601_63933900	1097
chr4_4138201_4138500	1098
chr6_32746201_32746500	1099
chr11_47611501_47611800	1100
chr9_115824001_115824300	1101
chr5_54656401_54656700	1102
chr1_2237701_2238000	1103
chr19_33210901_33211200	1104
chr10_47255401_47255700	1105
chr10_80497801_80498100	1106
chr7_100338901_100339200	1107
chr9_115845601_115845900	1108
chr6_33099301_33099600	1109
chr4_4131901_4132200	1110
chr1_1229701_1230000	1111
chr2_1222801_1223100	1112
chr14_100141501_100141800	1113
chr15_65369701_65370000	1114
chr1_53904901_53905200	1115
chr3_158351101_158351400	1116
chr14_20974801_20975100	1117
chr6_29857201_29857500	1118
chr8_144999601_144999900	1119
chr9_93526201_93526500	1120
chr16_69854401_69854700	1121
chr12_132393901_132394200	1122
chr9_115840201_115840500	1123
chr15_90397801_90398100	1124
chr19_812401_812700	1125
chr1_3560401_3560700	1126
chr6_20765701_20766000	1127
chr22_24343501_24343800	1128
chr19_48183901_48184200	1129
chr1_58201501_58201800	1130
chr4_9162601_9162900	1131
chr7_82946401_82946700	1132
chr3_136023901_136024200	1133
chr1_113612701_113613000	1134
chr12_58131601_58131900	1135
chr15_99574501_99574800	1136
chr1_227166301_227166600	1137
chr10_71614501_71614800	1138
chr7_143631901_143632200	1139
chr16_1035001_1035300	1140
chr19_56127601_56127900	1141
chr12_33393601_33393900	1142
chr10_95889301_95889600	1143
chr6_32604301_32604600	1144
chr12_11241901_11242200	1145
chr4_4138801_4139100	1146
chr22_28194601_28194900	1147
chr21_22272301_22272600	1148
chr1_18782101_18782400	1149
chr16_69978301_69978600	1150
chr7_138462901_138463200	1151
chr18_1720501_1720800	1152
chr12_11249401_11249700	1153
chr8_650101_650400	1154
chr4_9475201_9475500	1155
chr11_104268901_104269200	1156
chr1_195720001_195720300	1157
chr7_103874701_103875000	1158
chr16_56575201_56575500	1159
chr8_144378301_144378600	1160
chr4_76200901_76201200	1161
chr8_121036801_121037100	1162
chr16_57562501_57562800	1163
chr4_55015501_55015800	1164
chr6_32433001_32433300	1165
chr6_32729101_32729400	1166
chr9_44831701_44832000	1167
chr6_32460901_32461200	1168
chr11_3268801_3269100	1169
chr14_23110501_23110800	1170
chr2_25857001_25857300	1171
chr9_44265601_44265900	1172
chr8_2122201_2122500	1173
chr2_68633701_68634000	1174
chr6_32624401_32624700	1175
chr19_54803101_54803400	1176
chr6_167733301_167733600	1177
chr2_33093901_33094200	1178
chr8_106181101_106181400	1179
chr11_16996201_16996500	1180
chr6_31035601_31035900	1181
chr10_135342001_135342300	1182
chr1_72810301_72810600	1183
chr11_66062401_66062700	1184
chr5_1180201_1180500	1185
chr13_47037901_47038200	1186
chr11_65810401_65810700	1187
chr4_9177601_9177900	1188
chr6_32484301_32484600	1189
chr5_135416101_135416400	1190
chr1_55092601_55092900	1191
chr14_74003401_74003700	1192
chr4_30279901_30280200	1193
chr16_88503301_88503600	1194
chr14_74012701_74013000	1195
chr11_65643001_65643300	1196
chr4_4150201_4150500	1197
chr12_9717901_9718200	1198
chr1_117972301_117972600	1199
chr13_72477901_72478200	1200
chr17_15540601_15540900	1201
chr2_108827101_108827400	1202
chr6_31085101_31085400	1203
chr1_86681701_86682000	1204
chr1_146549101_146549400	1205
chr2_129558301_129558600	1206
chr3_75655801_75656100	1207
chr18_38006401_38006700	1208
chr6_29898301_29898600	1209
chr14_101004601_101004900	1210
chr8_17265601_17265900	1211
chr4_9175501_9175800	1212
chr2_65827801_65828100	1213
chr21_20865901_20866200	1214
chr18_26277301_26277600	1215
chr9_9950101_9950400	1216
chr17_18403201_18403500	1217
chr9_44257501_44257800	1218
chr16_3139201_3139500	1219
chr7_27169801_27170100	1220
chr7_45002401_45002700	1221
chr9_113028601_113028900	1222
chr2_166016101_166016400	1223
chr5_32208601_32208900	1224
chr4_69468601_69468900	1225
chr6_32514901_32515200	1226
chr19_56090101_56090400	1227
chr1_224798101_224798400	1228
chr10_101598001_101598300	1229
chr4_9158701_9159000	1230
chr14_93154201_93154500	1231
chr7_57077401_57077700	1232
chr12_42620701_42621000	1233
chr2_223681201_223681500	1234
chr12_9679801_9680100	1235
chr1_248100601_248100900	1236
chr2_34720201_34720500	1237
chr21_16590601_16590900	1238
chr1_4125001_4125300	1239
chr6_35628301_35628600	1240
chr7_2030701_2031000	1241
chr16_56773501_56773800	1242
chr5_132150301_132150600	1243
chr22_50985301_50985600	1244
chr19_394201_394500	1245
chr8_144709201_144709500	1246
chr9_110538601_110538900	1247
chr3_129783601_129783900	1248
chr6_165730501_165730800	1249
chr19_58879801_58880100	1250
chr2_97127701_97128000	1251
chr9_131701501_131701800	1252
chr2_120601501_120601800	1253
chr19_23109301_23109600	1254
chr2_102050701_102051000	1255
chr9_100336501_100336800	1256
chr11_14934601_14934900	1257
chr22_50528401_50528700	1258
chr5_391801_392100	1259
chr13_110435101_110435400	1260
chr19_1555501_1555800	1261
chr17_76283101_76283400	1262
chr2_134460601_134460900	1263
chr8_625801_626100	1264
chr6_32574301_32574600	1265
chr16_81174001_81174300	1266
chr17_39422101_39422400	1267
chr3_128673601_128673900	1268
chr1_33518101_33518400	1269
chr4_4140301_4140600	1270
chr9_115826701_115827000	1271
chr21_16590301_16590600	1272
chr19_40614301_40614600	1273
chr16_88600201_88600500	1274
chr11_1276801_1277100	1275
chr6_29899801_29900100	1276
chr6_32778601_32778900	1277
chr15_32193301_32193600	1278
chr6_31452301_31452600	1279
chr11_129961201_129961500	1280
chr1_1012801_1013100	1281
chr4_4146001_4146300	1282
chr9_115837501_115837800	1283
chr1_150701101_150701400	1284
chr19_52139101_52139400	1285
chr5_171141301_171141600	1286
chr3_129789601_129789900	1287
chr7_57073801_57074100	1288
chr2_191230801_191231100	1289
chr15_89290801_89291100	1290
chr17_44535901_44536200	1291
chr7_80583301_80583600	1292
chr9_15704701_15705000	1293
chr4_9158101_9158400	1294
chr4_69488401_69488700	1295
chr6_32433301_32433600	1296
chr6_32720401_32720700	1297
chr4_16653001_16653300	1298
chr5_98842501_98842800	1299
chr9_26104201_26104500	1300
chr6_31379701_31380000	1301
chr3_194786701_194787000	1302
chr2_71996101_71996400	1303
chr15_72393301_72393600	1304
chr12_33393301_33393600	1305
chr5_138730501_138730800	1306
chr12_48726601_48726900	1307
chr12_86689801_86690100	1308
chr3_132189601_132189900	1309
chr19_1108501_1108800	1310
chr19_12876901_12877200	1311
chr5_176389201_176389500	1312
chr3_119859301_119859600	1313
chr8_966001_966300	1314
chr2_68633401_68633700	1315
chr19_48183001_48183300	1316
chr19_38876401_38876700	1317
chr2_33094201_33094500	1318
chr6_31455901_31456200	1319
chr14_59436601_59436900	1320
chr5_34306501_34306800	1321
chr19_929401_929700	1322
chr2_29228101_29228400	1323
chr3_71484601_71484900	1324
chr12_9650101_9650400	1325
chr16_89714401_89714700	1326
chr4_158989501_158989800	1327
chr15_101099101_101099400	1328
chr8_144810301_144810600	1329
chr8_117962101_117962400	1330
chr2_73496401_73496700	1331
chr17_17603701_17604000	1332
chr6_29863501_29863800	1333
chr6_32710501_32710800	1334
chr7_100339201_100339500	1335
chr16_1423801_1424100	1336
chr9_136692901_136693200	1337
chr13_114964201_114964500	1338
chr2_241640701_241641000	1339
chr16_33708601_33708900	1340
chr3_77289301_77289600	1341
chr3_48958501_48958800	1342
chr3_524401_524700	1343
chr10_94434901_94435200	1344
chr6_32462701_32463000	1345
chr7_158187901_158188200	1346
chr20_62679601_62679900	1347
chr16_3139801_3140100	1348
chr19_1912201_1912500	1349
chr18_35306101_35306400	1350
chr16_30566701_30567000	1351
chr6_3145801_3146100	1352
chr5_157727701_157728000	1353
chr4_187887901_187888200	1354
chr4_80887801_80888100	1355
chr8_8073901_8074200	1356
chr19_30390301_30390600	1357
chr5_391201_391500	1358
chr17_80318401_80318700	1359
chr9_115828501_115828800	1360
chr11_77907601_77907900	1361
chr6_29869801_29870100	1362
chr3_129788401_129788700	1363
chr6_32705401_32705700	1364
chr18_55837801_55838100	1365
chr6_32516701_32517000	1366
chr11_1578301_1578600	1367
chr5_135415801_135416100	1368
chr9_3733801_3734100	1369
chr2_41974201_41974500	1370
chr10_135341701_135342000	1371
chr19_54807001_54807300	1372
chr20_21286801_21287100	1373
chr22_37143601_37143900	1374
chr3_81816601_81816900	1375
chr2_20870401_20870700	1376
chr19_621301_621600	1377
chr9_44763001_44763300	1378
chr6_32516101_32516400	1379
chr7_2030401_2030700	1380
chr22_24344701_24345000	1381
chr9_44728501_44728800	1382
chr2_10377001_10377300	1383
chr3_49232401_49232700	1384
chr9_115833901_115834200	1385
chr3_129796201_129796500	1386
chr12_9691801_9692100	1387
chr5_10274101_10274400	1388
chr13_110435401_110435700	1389
chr6_74595601_74595900	1390
chr2_636301_636600	1391
chr6_32510701_32511000	1392
chr11_3269101_3269400	1393
chr5_176388901_176389200	1394
chr20_1586101_1586400	1395
chr6_32619901_32620200	1396
chr21_9438601_9438900	1397
chr6_31119901_31120200	1398
chr14_52679701_52680000	1399
chr2_8661901_8662200	1400
chr4_69488101_69488400	1401
chr4_16653301_16653600	1402
chr1_27144601_27144900	1403
chr8_88683601_88683900	1404
chr1_46269301_46269600	1405
chr6_30466801_30467100	1406
chr6_32516401_32516700	1407
chr2_79006201_79006500	1408
chr9_115848601_115848900	1409
chr22_41140801_41141100	1410
chr6_32466601_32466900	1411
chr22_24197101_24197400	1412
chr11_93680101_93680400	1413
chr13_82832101_82832400	1414
chr12_72356701_72357000	1415
chr9_36423301_36423600	1416
chr12_115370401_115370700	1417
chr13_88997701_88998000	1418
chr3_129796501_129796800	1419
chr4_4131301_4131600	1420
chr10_24945901_24946200	1421
chr7_57071101_57071400	1422
chr13_40028101_40028400	1423
chr2_157225501_157225800	1424
chr4_9480601_9480900	1425
chr6_29842501_29842800	1426
chr8_144998101_144998400	1427
chr7_225301_225600	1428
chr11_125733601_125733900	1429
chr6_29853001_29853300	1430
chr5_98842201_98842500	1431
chr12_31273201_31273500	1432
chr4_9178801_9179100	1433
chr6_170555701_170556000	1434
chr1_25328401_25328700	1435
chr10_101598901_101599200	1436
chr8_144708601_144708900	1437
chr6_103741501_103741800	1438
chr9_140255401_140255700	1439
chr22_37420201_37420500	1440
chr5_135117001_135117300	1441
chr22_49063801_49064100	1442
chr8_144997801_144998100	1443
chr11_16996501_16996800	1444
chr3_8720401_8720700	1445
chr7_64533901_64534200	1446
chr6_31319101_31319400	1447
chr3_75338701_75339000	1448
chr5_748801_749100	1449
chr19_21264901_21265200	1450
chr9_114403201_114403500	1451
chr1_109031701_109032000	1452
chr1_45272101_45272400	1453
chr14_101004901_101005200	1454
chr9_127886701_127887000	1455
chr15_80954101_80954400	1456
chr1_48848101_48848400	1457
chr8_965101_965400	1458
chr2_130956301_130956600	1459
chr1_224797801_224798100	1460
chr9_38380201_38380500	1461
chr3_162562201_162562500	1462
chr3_88000201_88000500	1463
chr2_110529001_110529300	1464
chr8_625501_625800	1465
chr9_83858401_83858700	1466
chr1_976501_976800	1467
chr19_56126401_56126700	1468
chr4_166002901_166003200	1469
chr6_32710801_32711100	1470
chr3_178838401_178838700	1471
chr8_24985501_24985800	1472
chr4_740101_740400	1473
chr1_245851801_245852100	1474
chr5_176559301_176559600	1475
chr3_129786001_129786300	1476
chr2_29757601_29757900	1477
chr8_17641801_17642100	1478
chr9_115277101_115277400	1479
chr9_115828201_115828500	1480
chr22_24345001_24345300	1481
chr10_95545801_95546100	1482
chr3_129795301_129795600	1483
chr6_31084201_31084500	1484
chr6_32334301_32334600	1485
chr22_41989501_41989800	1486
chr6_31234801_31235100	1487
chr3_129788701_129789000	1488
chr21_44971501_44971800	1489
chr4_6898501_6898800	1490
chr8_24985801_24986100	1491
chr4_9474301_9474600	1492
chr12_83958901_83959200	1493
chr16_18712501_18712800	1494
chr5_136607401_136607700	1495
chr22_44230501_44230800	1496
chr10_46774801_46775100	1497
chr1_21786301_21786600	1498
chr9_115829401_115829700	1499
chr5_1179001_1179300	1500
chr1_24297001_24297300	1501
chr10_114114901_114115200	1502
chr20_62597101_62597400	1503
chr9_115844701_115845000	1504
chr9_110019301_110019600	1505
chr2_169606201_169606500	1506
chr4_9178201_9178500	1507
chr13_110418301_110418600	1508
chr17_44408101_44408400	1509
chr16_18480301_18480600	1510
chr14_99642001_99642300	1511
chr7_55287601_55287900	1512
chr8_68889001_68889300	1513
chr4_158989801_158990100	1514
chr19_45412201_45412500	1515
chr16_614701_615000	1516
chr20_56440501_56440800	1517
chr19_7584901_7585200	1518
chr6_29839501_29839800	1519
chr20_16207801_16208100	1520
chr4_4119601_4119900	1521
chr9_44781001_44781300	1522
chr9_20949601_20949900	1523
chr20_33741901_33742200	1524
chr17_26551201_26551500	1525
chr17_72109501_72109800	1526
chr17_31249201_31249500	1527
chr4_132663601_132663900	1528
chr1_248571301_248571600	1529
chr5_562801_563100	1530
chr2_130955101_130955400	1531
chr13_59925301_59925600	1532
chr12_130822501_130822800	1533
chr8_6368101_6368400	1534
chr18_51870001_51870300	1535
chr11_45430501_45430800	1536
chr11_23072701_23073000	1537
chr13_74149201_74149500	1538
chr12_49236001_49236300	1539
chr2_166011601_166011900	1540
chr10_44901001_44901300	1541
chr6_151486201_151486500	1542
chr8_25067401_25067700	1543
chr18_37818601_37818900	1544
chr9_44780701_44781000	1545
chr7_76476301_76476600	1546
chr7_96067201_96067500	1547
chr7_111250201_111250500	1548
chr2_41974501_41974800	1549
chr22_24280501_24280800	1550
chr8_8070001_8070300	1551
chr12_129573601_129573900	1552
chr19_40614001_40614300	1553
chr4_116777101_116777400	1554
chr18_1720801_1721100	1555
chr17_20888101_20888400	1556
chr1_146076601_146076900	1557
chr6_31035301_31035600	1558
chr3_17997001_17997300	1559
chr3_162574201_162574500	1560
chr8_28929301_28929600	1561
chr5_176535301_176535600	1562
chr16_89714101_89714400	1563
chr2_43524601_43524900	1564
chr9_44284501_44284800	1565
chr2_73496101_73496400	1566
chr6_31646701_31647000	1567
chr19_22048201_22048500	1568
chr10_81284701_81285000	1569
chr3_129783901_129784200	1570
chr12_9640201_9640500	1571
chr4_4146601_4146900	1572
chr3_192882601_192882900	1573
chr6_32417101_32417400	1574
chr5_562501_562800	1575
chr4_4116901_4117200	1576
chr10_27000601_27000900	1577
chr1_182478601_182478900	1578
chr2_106885501_106885800	1579
chr2_55068001_55068300	1580
chr14_55164601_55164900	1581
chr1_207544201_207544500	1582
chr10_114115201_114115500	1583
chr14_40614001_40614300	1584
chr19_14043601_14043900	1585
chr9_139716001_139716300	1586
chr12_133086601_133086900	1587
chr13_50167201_50167500	1588
chr1_88815901_88816200	1589
chr9_115845901_115846200	1590
chr1_25329001_25329300	1591
chr10_98700901_98701200	1592
chr6_169015801_169016100	1593
chr6_32619601_32619900	1594
chr11_21725101_21725400	1595
chr10_101853301_101853600	1596
chr5_7268701_7269000	1597
chr4_9471001_9471300	1598
chr20_34657801_34658100	1599
chr2_52757401_52757700	1600
chr14_105195901_105196200	1601
chr2_134887501_134887800	1602
chr12_115112101_115112400	1603
chr10_24945301_24945600	1604
chr8_8076601_8076900	1605
chr2_27780601_27780900	1606
chr9_136453201_136453500	1607
chr2_128545201_128545500	1608
chr7_84320401_84320700	1609
chr17_80318101_80318400	1610
chr2_3335101_3335400	1611
chr6_12751201_12751500	1612
chr2_11101_11400	1613
chr14_43869001_43869300	1614
chr8_105342301_105342600	1615
chr19_40624201_40624500	1616
chr5_76338601_76338900	1617
chr10_29103301_29103600	1618
chr1_110226601_110226900	1619
chr9_75456001_75456300	1620
chr4_40034401_40034700	1621
chr4_921001_921300	1622
chr22_24328501_24328800	1623
chr5_139806901_139807200	1624
chr2_120754501_120754800	1625
chr6_93433201_93433500	1626
chr4_70238701_70239000	1627
chr2_42537301_42537600	1628
chr12_9555301_9555600	1629
chr10_135012301_135012600	1630
chr1_120005101_120005400	1631
chr5_119384101_119384400	1632
chr7_74944801_74945100	1633
chr9_115831801_115832100	1634
chr9_115840501_115840800	1635
chr14_74010601_74010900	1636
chr7_100338601_100338900	1637
chr12_31224301_31224600	1638
chr12_129573301_129573600	1639
chr5_468001_468300	1640
chr6_103747801_103748100	1641
chr15_60659401_60659700	1642
chr3_129788101_129788400	1643
chr8_1837201_1837500	1644
chr9_44731501_44731800	1645
chr16_2229001_2229300	1646
chr5_150618901_150619200	1647
chr11_93182101_93182400	1648
chr6_103742701_103743000	1649
chr15_72581701_72582000	1650
chr17_76398001_76398300	1651
chr2_1481101_1481400	1652
chr7_154398601_154398900	1653
chr11_59289001_59289300	1654
chr19_49232401_49232700	1655
chr17_2259601_2259900	1656
chr8_144708301_144708600	1657
chr13_110391901_110392200	1658
chr5_565201_565500	1659
chr11_6651301_6651600	1660
chr7_62574601_62574900	1661
chr5_103062001_103062300	1662
chr13_20966101_20966400	1663
chr20_16345501_16345800	1664
chr7_62810101_62810400	1665
chr7_1029601_1029900	1666
chr9_130026301_130026600	1667
chr16_59631601_59631900	1668
chr7_1944301_1944600	1669
chr10_94434601_94434900	1670
chr11_46035901_46036200	1671
chr20_62267701_62268000	1672
chr5_57323701_57324000	1673
chr8_37699501_37699800	1674
chr20_3766501_3766800	1675
chr13_35359501_35359800	1676
chr5_167286901_167287200	1677
chr9_44729701_44730000	1678
chr8_39368401_39368700	1679
chr22_24353101_24353400	1680
chr21_16590901_16591200	1681
chr6_77101201_77101500	1682
chr7_142361701_142362000	1683
chr11_73608001_73608300	1684
chr22_51159301_51159600	1685
chr9_38242501_38242800	1686
chr2_170642401_170642700	1687
chr6_107158801_107159100	1688
chr4_4140601_4140900	1689
chr14_106857301_106857600	1690
chr6_103742401_103742700	1691
chr18_52320301_52320600	1692
chr6_53933101_53933400	1693
chr4_110518501_110518800	1694
chr22_24197401_24197700	1695
chr6_32525401_32525700	1696
chr10_46498501_46498800	1697
chr1_13131001_13131300	1698
chr6_53932801_53933100	1699
chr6_157704001_157704300	1700
chr7_145430701_145431000	1701
chr2_58901401_58901700	1702
chr5_564901_565200	1703
chr6_31341601_31341900	1704
chr22_24387901_24388200	1705
chr14_45858601_45858900	1706
chr18_77624101_77624400	1707
chr11_134394001_134394300	1708
chr1_33517501_33517800	1709
chr15_55292401_55292700	1710
chr22_44230201_44230500	1711
chr12_97096201_97096500	1712
chr15_32193601_32193900	1713
chr9_110538901_110539200	1714
chr6_32534401_32534700	1715
chr3_101158501_101158800	1716
chr4_1594801_1595100	1717
chr8_39328801_39329100	1718
chr16_18734101_18734400	1719
chr6_32749501_32749800	1720
chr16_11688001_11688300	1721
chr6_32463301_32463600	1722
chr14_66159001_66159300	1723
chr5_14487901_14488200	1724
chr17_44481001_44481300	1725
chr10_72446701_72447000	1726
chr12_131389501_131389800	1727
chr1_1007401_1007700	1728
chr2_210186001_210186300	1729
chr9_87023401_87023700	1730
chr3_128673901_128674200	1731
chr1_110701201_110701500	1732
chr1_1168501_1168800	1733
chr6_56038201_56038500	1734
chr1_72768301_72768600	1735
chr9_131701201_131701500	1736
chr9_123258001_123258300	1737
chr19_39798301_39798600	1738
chr9_36363601_36363900	1739
chr22_17001301_17001600	1740
chr1_33517801_33518100	1741
chr22_24276301_24276600	1742
chr11_121867201_121867500	1743
chr9_36363901_36364200	1744
chr20_36826201_36826500	1745
chr2_52757701_52758000	1746
chr10_81475201_81475500	1747
chr22_41141101_41141400	1748
chr2_132534601_132534900	1749
chr1_233674501_233674800	1750
chr2_194471701_194472000	1751
chr16_86007301_86007600	1752
chr4_30279601_30279900	1753
chr2_42241501_42241800	1754
chr6_120961801_120962100	1755
chr14_21953101_21953400	1756
chr5_141455701_141456000	1757
chr10_48964501_48964800	1758
chr14_97175401_97175700	1759
chr13_80805301_80805600	1760
chr9_44738701_44739000	1761
chr12_58131901_58132200	1762
chr20_33741601_33741900	1763
chr1_210062401_210062700	1764
chr12_129573001_129573300	1765
chr16_32289901_32290200	1766
chr19_7677601_7677900	1767
chr6_37509901_37510200	1768
chr2_201039301_201039600	1769
chr1_113612401_113612700	1770
chr4_53331301_53331600	1771
chr12_48726301_48726600	1772
chr10_135342601_135342900	1773
chr3_48253501_48253800	1774
chr6_32238001_32238300	1775
chr15_49217401_49217700	1776
chr17_1912801_1913100	1777
chr7_142482901_142483200	1778
chr4_69429001_69429300	1779
chr7_57068701_57069000	1780
chr6_3771901_3772200	1781
chr1_24324901_24325200	1782
chr6_32728801_32729100	1783
chr13_72846001_72846300	1784
chr6_31290901_31291200	1785
chr8_39328501_39328800	1786
chr11_103087801_103088100	1787
chr9_115843201_115843500	1788
chr17_62853001_62853300	1789
chr19_51607501_51607800	1790
chr7_125107201_125107500	1791
chr2_223762501_223762800	1792
chr6_32462401_32462700	1793
chr5_150831601_150831900	1794
chr6_32522401_32522700	1795
chr6_74311201_74311500	1796
chr14_88201201_88201500	1797
chr1_73856401_73856700	1798
chr6_53169901_53170200	1799
chr16_29466601_29466900	1800
chr21_47581201_47581500	1801
chr11_55453201_55453500	1802
chr13_49534201_49534500	1803
chr19_47127001_47127300	1804
chr1_33516601_33516900	1805
chr15_28242001_28242300	1806
chr6_31495501_31495800	1807
chr11_46101301_46101600	1808
chr6_32427601_32427900	1809
chr3_171299101_171299400	1810
chr7_142361401_142361700	1811
chr4_9180001_9180300	1812
chr9_113028901_113029200	1813
chr15_55595701_55596000	1814
chr19_18979501_18979800	1815
chr16_5875801_5876100	1816
chr1_1302601_1302900	1817
chr1_4124701_4125000	1818
chr9_71738401_71738700	1819
chr1_976801_977100	1820
chr3_178838701_178839000	1821
chr4_739501_739800	1822
chr4_137944201_137944500	1823
chr8_39251401_39251700	1824
chr19_4543501_4543800	1825
chr1_43857601_43857900	1826
chr4_187093801_187094100	1827
chr13_72595801_72596100	1828
chr15_45364501_45364800	1829
chr2_3638101_3638400	1830
chr6_31222201_31222500	1831
chr2_170184301_170184600	1832
chr9_84325501_84325800	1833
chr7_63088201_63088500	1834
chr5_109440001_109440300	1835
chr8_40779001_40779300	1836
chr19_53690401_53690700	1837
chr5_98859001_98859300	1838
chr14_74019601_74019900	1839
chr5_34306201_34306500	1840
chr5_76338301_76338600	1841
chr11_119378401_119378700	1842
chr7_143208301_143208600	1843
chr2_128545501_128545800	1844
chr9_75455701_75456000	1845
chr13_100941001_100941300	1846
chr8_12468901_12469200	1847
chr12_6438601_6438900	1848
chr16_30180901_30181200	1849
chr3_129785701_129786000	1850
chr17_210601_210900	1851
chr19_16083001_16083300	1852
chr3_122499001_122499300	1853
chr15_60659101_60659400	1854
chr19_39798001_39798300	1855
chr4_740701_741000	1856
chr12_129572701_129573000	1857
chr1_169226701_169227000	1858
chr13_23557801_23558100	1859
chr11_100308301_100308600	1860
chr4_920701_921000	1861
chr8_8083501_8083800	1862
chr4_9173101_9173400	1863
chr20_6567001_6567300	1864
chr14_65361901_65362200	1865
chr5_36203401_36203700	1866
chr22_31423201_31423500	1867
chr20_60520501_60520800	1868
chr17_15998701_15999000	1869
chr11_104010301_104010600	1870
chr22_51042901_51043200	1871
chr10_46498201_46498500	1872
chr15_90397501_90397800	1873
chr16_2228401_2228700	1874
chr6_32502001_32502300	1875
chr5_101350201_101350500	1876
chr14_45267901_45268200	1877
chr5_80983801_80984100	1878
chr7_77138701_77139000	1879
chr10_26355001_26355300	1880
chr7_64723801_64724100	1881
chr11_62046601_62046900	1882
chr22_27168901_27169200	1883
chr10_11911801_11912100	1884
chr6_31003501_31003800	1885
chr5_108677401_108677700	1886
chr9_44245501_44245800	1887
chr4_739201_739500	1888
chr2_146867101_146867400	1889
chr3_75445201_75445500	1890
chr4_741001_741300	1891
chr19_56127301_56127600	1892
chr2_10377301_10377600	1893
chr11_126957001_126957300	1894
chr3_53857501_53857800	1895
chr8_39352201_39352500	1896
chr6_32749201_32749500	1897
chr5_89891401_89891700	1898
chr2_105828301_105828600	1899
chr20_62493301_62493600	1900
chr9_131413201_131413500	1901
chr6_29918101_29918400	1902
chr4_4131001_4131300	1903
chr9_81168901_81169200	1904
chr5_101490601_101490900	1905
chr19_394501_394800	1906
chr2_178811401_178811700	1907
chr9_136427701_136428000	1908
chr5_80983501_80983800	1909
chr1_84524101_84524400	1910
chr21_9437701_9438000	1911
chr2_27780301_27780600	1912
chr17_44454901_44455200	1913
chr7_22436401_22436700	1914
chr3_45403801_45404100	1915
chr12_10583101_10583400	1916
chr6_133986301_133986600	1917
chr9_115823101_115823400	1918
chr7_91219201_91219500	1919
chr8_19753201_19753500	1920
chr21_47388601_47388900	1921
chr22_24360901_24361200	1922
chr4_9177901_9178200	1923
chr12_114310501_114310800	1924
chr4_23721601_23721900	1925
chr12_100932001_100932300	1926
chr4_68939101_68939400	1927
chr3_71484901_71485200	1928
chr6_32705701_32706000	1929
chr15_56402401_56402700	1930
chr6_32510101_32510400	1931
chr17_42258001_42258300	1932
chr9_114403501_114403800	1933
chr8_43034401_43034700	1934
chr2_139322701_139323000	1935
chr9_115843801_115844100	1936
chr17_62213401_62213700	1937
chr20_17991001_17991300	1938
chr7_76150201_76150500	1939
chr2_146866801_146867100	1940
chr9_44245201_44245500	1941
chr6_166806901_166807200	1942
chr5_108677701_108678000	1943
chr5_26798701_26799000	1944
chr7_117506401_117506700	1945
chr14_74002501_74002800	1946
chr1_25610101_25610400	1947
chr2_129175801_129176100	1948
chr17_1062601_1062900	1949
chr15_81294901_81295200	1950
chr7_76152601_76152900	1951
chr1_1229401_1229700	1952
chr10_134831101_134831400	1953
chr6_32482501_32482800	1954
chr1_25611601_25611900	1955
chr3_15204301_15204600	1956
chr5_169683601_169683900	1957
chr2_182565601_182565900	1958
chr7_75924001_75924300	1959
chr21_47581501_47581800	1960
chr4_161147701_161148000	1961
chr9_115850401_115850700	1962
chr1_1271701_1272000	1963
chr1_248855101_248855400	1964
chr1_149133301_149133600	1965
chr8_65598601_65598900	1966
chr15_83666701_83667000	1967
chr4_187353301_187353600	1968
chr2_172909201_172909500	1969
chr8_144700801_144701100	1970
chr7_74229601_74229900	1971
chr22_24163201_24163500	1972
chr5_108678301_108678600	1973
chr17_58629301_58629600	1974
chr4_108998401_108998700	1975
chr21_36855001_36855300	1976
chr9_113026201_113026500	1977
chr1_18781801_18782100	1978
chr6_32674801_32675100	1979
chr13_49952701_49953000	1980
chr17_41278801_41279100	1981
chr3_525001_525300	1982
chr1_25613101_25613400	1983
chr22_46457401_46457700	1984
chr7_33816601_33816900	1985
chr11_70141501_70141800	1986
chr6_32597701_32598000	1987
chr1_48848701_48849000	1988
chr13_114965101_114965400	1989
chr9_106342501_106342800	1990
chr11_66062101_66062400	1991
chr17_18733201_18733500	1992
chr8_6368401_6368700	1993
chr5_192001_192300	1994
chr12_103823701_103824000	1995
chr5_752701_753000	1996
chr17_1913101_1913400	1997
chr22_50985601_50985900	1998
chr5_54656101_54656400	1999
chr17_26781901_26782200	2000
chr17_2720701_2721000	2001
chr9_44730001_44730300	2002
chr16_75513001_75513300	2003
chr6_111016201_111016500	2004
chr6_31114801_31115100	2005
chr22_24374401_24374700	2006
chr12_9692101_9692400	2007
chr6_87719401_87719700	2008
chr4_126894301_126894600	2009
chr7_76153201_76153500	2010
chr12_9695101_9695400	2011
chr1_46706701_46707000	2012
chr9_114403801_114404100	2013
chr3_48253201_48253500	2014
chr8_129837901_129838200	2015
chr11_66355501_66355800	2016
chr11_81152101_81152400	2017
chr15_41675101_41675400	2018
chr4_4158901_4159200	2019
chr1_1229101_1229400	2020
chr5_54965701_54966000	2021
chr4_177209101_177209400	2022
chr9_78920401_78920700	2023
chr6_31085401_31085700	2024
chr14_26699701_26700000	2025
chr7_23085601_23085900	2026
chr9_115832701_115833000	2027
chr11_8325901_8326200	2028
chr14_101005201_101005500	2029
chr11_431101_431400	2030
chr19_48183601_48183900	2031
chr4_77838901_77839200	2032
chr6_32503201_32503500	2033
chr10_12561901_12562200	2034
chr18_9621901_9622200	2035
chr11_31932901_31933200	2036
chr2_227017501_227017800	2037
chr19_2910301_2910600	2038
chr15_65593501_65593800	2039
chr3_48098101_48098400	2040
chr10_127052101_127052400	2041
chr22_24348001_24348300	2042
chr6_30438901_30439200	2043
chr19_51108001_51108300	2044
chr1_169093801_169094100	2045
chr4_14036701_14037000	2046
chr9_110539201_110539500	2047
chr2_146876401_146876700	2048
chr2_3391801_3392100	2049
chr16_88897801_88898100	2050
chr8_143781901_143782200	2051
chr9_115838101_115838400	2052
chr11_82681501_82681800	2053
chr3_189749101_189749400	2054
chr4_4117801_4118100	2055
chr2_109064401_109064700	2056
chr21_47604901_47605200	2057
chr9_115833001_115833300	2058
chr21_18613201_18613500	2059
chr6_32554801_32555100	2060
chr9_115844401_115844700	2061
chr6_32471101_32471400	2062
chr3_157946701_157947000	2063
chr6_159666901_159667200	2064
chr1_110939101_110939400	2065
chr1_25930501_25930800	2066
chr6_46656001_46656300	2067
chr10_72447301_72447600	2068
chr2_227764801_227765100	2069
chr2_220177501_220177800	2070
chr4_69443101_69443400	2071
chr9_123258601_123258900	2072
chr4_10221901_10222200	2073
chr17_7311601_7311900	2074
chr3_158350801_158351100	2075
chr6_32629501_32629800	2076
chr2_128545801_128546100	2077
chr20_30764101_30764400	2078
chr22_17175301_17175600	2079
chr3_133503901_133504200	2080
chr21_46448101_46448400	2081
chr8_626101_626400	2082
chr1_72776101_72776400	2083
chr5_563101_563400	2084
chr19_2226601_2226900	2085
chr16_602101_602400	2086
chr14_26699401_26699700	2087
chr1_246684601_246684900	2088
chr14_20680801_20681100	2089
chr18_29405401_29405700	2090
chr6_158895601_158895900	2091
chr9_86108101_86108400	2092
chr4_160860301_160860600	2093
chr7_126730501_126730800	2094
chr13_96724501_96724800	2095
chr11_87743701_87744000	2096
chr7_103856401_103856700	2097
chr8_964801_965100	2098
chr3_162245701_162246000	2099
chr7_27084601_27084900	2100
chr9_115849201_115849500	2101
chr7_154675801_154676100	2102
chr3_63256501_63256800	2103
chr8_145850701_145851000	2104
chr19_21827101_21827400	2105
chr6_31318801_31319100	2106
chr22_24387601_24387900	2107
chr11_63939301_63939600	2108
chr1_181382401_181382700	2109
chr2_10620601_10620900	2110
chr7_1320301_1320600	2111
chr7_42005701_42006000	2112
chr10_36301801_36302100	2113
chr17_79466101_79466400	2114
chr4_9460801_9461100	2115
chr10_1281901_1282200	2116
chr9_29188801_29189100	2117
chr6_32234101_32234400	2118
chr1_83043001_83043300	2119
chr3_183326101_183326400	2120
chr6_32729701_32730000	2121
chr18_1755301_1755600	2122
chr8_88683301_88683600	2123
chr17_44562901_44563200	2124
chr9_130517401_130517700	2125
chr2_104787301_104787600	2126
chr4_4118101_4118400	2127
chr2_170642701_170643000	2128
chr14_99640801_99641100	2129
chr10_134996401_134996700	2130
chr1_27390901_27391200	2131
chr4_4124401_4124700	2132
chr3_158351401_158351700	2133
chr13_74439601_74439900	2134
chr8_25070401_25070700	2135
chr19_15220801_15221100	2136
chr11_1578001_1578300	2137
chr9_136692601_136692900	2138
chr6_56037901_56038200	2139
chr17_56151301_56151600	2140
chr12_52408501_52408800	2141
chr3_163216801_163217100	2142
chr10_1405201_1405500	2143
chr11_71260201_71260500	2144
chr9_93061801_93062100	2145
chr10_107376901_107377200	2146
chr21_46975801_46976100	2147
chr2_35042401_35042700	2148
chr9_78920101_78920400	2149
chr6_144329401_144329700	2150
chr14_24678001_24678300	2151
chr3_162519601_162519900	2152
chr13_93164401_93164700	2153
chr1_58713001_58713300	2154
chr15_87699901_87700200	2155
chr12_9699301_9699600	2156
chr9_44744101_44744400	2157
chr10_32259001_32259300	2158
chr11_93681301_93681600	2159
chr7_154449001_154449300	2160
chr6_10482901_10483200	2161
chr6_121473901_121474200	2162
chr3_68742901_68743200	2163
chr5_122368501_122368800	2164
chr19_23109001_23109300	2165
chr22_41634301_41634600	2166
chr9_128339701_128340000	2167
chr6_98587801_98588100	2168
chr2_214775401_214775700	2169
chr3_36539101_36539400	2170
chr8_144713701_144714000	2171
chr9_115839301_115839600	2172
chr4_150469501_150469800	2173
chr16_1270201_1270500	2174
chr7_137955001_137955300	2175
chr8_43034701_43035000	2176
chr13_48283201_48283500	2177
chr21_40955701_40956000	2178
chr6_27536401_27536700	2179
chr3_129797701_129798000	2180
chr13_47689201_47689500	2181
chr22_24281701_24282000	2182
chr3_42839701_42840000	2183
chr4_10220701_10221000	2184
chr15_41674801_41675100	2185
chr10_1369201_1369500	2186
chr5_1178701_1179000	2187
chr6_165728701_165729000	2188
chr6_77100901_77101200	2189
chr4_4124101_4124400	2190
chr22_24361201_24361500	2191
chr11_132006601_132006900	2192
chr4_116776801_116777100	2193
chr5_37563301_37563600	2194
chr1_121173901_121174200	2195
chr8_144711901_144712200	2196
chr5_122274001_122274300	2197
chr9_118366201_118366500	2198
chr10_135237901_135238200	2199
chr14_88945801_88946100	2200
chr9_44277301_44277600	2201
chr9_44243701_44244000	2202
chr14_28314601_28314900	2203
chr12_133086001_133086300	2204
chr13_59929201_59929500	2205
chr19_22048501_22048800	2206
chr2_59294101_59294400	2207
chr1_20932501_20932800	2208
chr4_9462001_9462300	2209
chr5_34305901_34306200	2210
chr3_170829901_170830200	2211
chr12_9654601_9654900	2212
chr1_151573201_151573500	2213
chr14_93377701_93378000	2214
chr6_27453001_27453300	2215
chr19_54637201_54637500	2216
chr5_49819501_49819800	2217
chr7_50850301_50850600	2218
chr2_34525501_34525800	2219
chr12_45906301_45906600	2220
chr10_81609601_81609900	2221
chr2_34525201_34525500	2222
chr19_54805201_54805500	2223
chr13_57975901_57976200	2224
chr16_5835001_5835300	2225
chr11_4581901_4582200	2226
chr3_150538201_150538500	2227
chr13_39933901_39934200	2228
chr12_133160101_133160400	2229
chr4_1830001_1830300	2230
chr19_3463201_3463500	2231
chr18_4362001_4362300	2232
chr6_156227401_156227700	2233
chr21_29713501_29713800	2234
chr19_22290301_22290600	2235
chr9_95593201_95593500	2236
chr10_74060401_74060700	2237
chr4_4143601_4143900	2238
chr2_242500801_242501100	2239
chr22_50706001_50706300	2240
chr3_137440501_137440800	2241
chr9_44758801_44759100	2242
chr7_158349601_158349900	2243
chr9_43501201_43501500	2244
chr6_140469301_140469600	2245
chr19_21794401_21794700	2246
chr3_98556601_98556900	2247
chr7_130131901_130132200	2248
chr6_89194501_89194800	2249
chr10_94434301_94434600	2250
chr1_8562001_8562300	2251
chr22_24345601_24345900	2252
chr9_44256901_44257200	2253
chr1_46190701_46191000	2254
chr7_57016801_57017100	2255
chr12_103823401_103823700	2256
chr7_496501_496800	2257
chr3_57733501_57733800	2258
chr5_167286601_167286900	2259
chr3_75586501_75586800	2260
chr9_84325801_84326100	2261
chr1_56074201_56074500	2262
chr17_80317801_80318100	2263
chr13_114841201_114841500	2264
chr8_9514801_9515100	2265
chr17_44628001_44628300	2266
chr8_48230701_48231000	2267
chr11_14934301_14934600	2268
chr7_1168501_1168800	2269
chr21_9438301_9438600	2270
chr10_99036001_99036300	2271
chr12_132132901_132133200	2272
chr2_231469501_231469800	2273
chr11_89700901_89701200	2274
chr16_18712801_18713100	2275
chr17_44553901_44554200	2276
chr8_40778701_40779000	2277
chr5_74566801_74567100	2278
chr19_16082701_16083000	2279
chr3_129780301_129780600	2280
chr12_96341401_96341700	2281
chr10_26013301_26013600	2282
chr11_4359901_4360200	2283
chr19_8550601_8550900	2284
chr8_625201_625500	2285
chr19_56599801_56600100	2286
chr1_245851501_245851800	2287
chr12_111304801_111305100	2288
chr17_18792001_18792300	2289
chr17_18024601_18024900	2290
chr12_12566701_12567000	2291
chr1_1013101_1013400	2292
chr8_1497001_1497300	2293
chr6_87719701_87720000	2294
chr8_967201_967500	2295
chr8_144885601_144885900	2296
chr19_21791401_21791700	2297
chr8_142555201_142555500	2298
chr10_51264601_51264900	2299
chr1_152582401_152582700	2300
chr3_150537901_150538200	2301
chr2_207239701_207240000	2302
chr7_157525501_157525800	2303
chr7_150069301_150069600	2304
chr4_71926201_71926500	2305
chr13_71077801_71078100	2306
chr8_39880501_39880800	2307
chr9_115822501_115822800	2308
chr22_24369601_24369900	2309
chr1_234585601_234585900	2310
chr2_1572601_1572900	2311
chr14_22397101_22397400	2312
chr5_176388601_176388900	2313
chr5_1179901_1180200	2314
chr22_50738401_50738700	2315
chr10_37460101_37460400	2316
chr2_122562301_122562600	2317
chr15_101097301_101097600	2318
chr7_75581401_75581700	2319
chr2_104787001_104787300	2320
chr16_14888401_14888700	2321
chr6_31341301_31341600	2322
chr9_86419201_86419500	2323
chr3_75653401_75653700	2324
chr9_124733401_124733700	2325
chr3_96495601_96495900	2326
chr16_30180601_30180900	2327
chr11_76809301_76809600	2328
chr13_93318001_93318300	2329
chr7_64724101_64724400	2330
chr4_61940101_61940400	2331
chr8_145164601_145164900	2332
chr7_145431001_145431300	2333
chr5_75467701_75468000	2334
chr17_31249501_31249800	2335
chr8_1048501_1048800	2336
chr9_38325001_38325300	2337
chr10_66813601_66813900	2338
chr12_132392701_132393000	2339
chr1_236550301_236550600	2340
chr7_6193801_6194100	2341
chr21_44268601_44268900	2342
chr1_109032001_109032300	2343
chr10_6840901_6841200	2344
chr4_109474801_109475100	2345
chr16_602401_602700	2346
chr22_27792301_27792600	2347
chr2_48783301_48783600	2348
chr17_2351101_2351400	2349
chr2_147208501_147208800	2350
chr22_20711101_20711400	2351
chr10_98952301_98952600	2352
chr13_73485901_73486200	2353
chr1_6775201_6775500	2354
chr7_154392001_154392300	2355
chr2_129176101_129176400	2356
chr10_101853001_101853300	2357
chr15_23891401_23891700	2358
chr2_74351101_74351400	2359
chr19_7345201_7345500	2360
chr9_320701_321000	2361
chr5_95870401_95870700	2362
chr19_30390001_30390300	2363
chr19_3577501_3577800	2364
chr20_42272401_42272700	2365
chr9_44781301_44781600	2366
chr11_66712201_66712500	2367
chr4_19642801_19643100	2368
chr1_214782001_214782300	2369
chr1_25629901_25630200	2370
chr9_136982401_136982700	2371
chr7_70425001_70425300	2372
chr12_70596301_70596600	2373
chr19_48698401_48698700	2374
chr19_33696301_33696600	2375
chr11_60582901_60583200	2376
chr12_20960401_20960700	2377
chr11_76751101_76751400	2378
chr3_87565801_87566100	2379
chr9_33213601_33213900	2380
chr1_4124401_4124700	2381
chr9_115851001_115851300	2382
chr20_1566901_1567200	2383
chr7_77139001_77139300	2384
chr12_116193301_116193600	2385
chr10_86107201_86107500	2386
chr9_44790001_44790300	2387
chr6_75228001_75228300	2388
chr8_146033101_146033400	2389
chr7_2686801_2687100	2390
chr9_115832401_115832700	2391
chr1_35627401_35627700	2392
chr20_56989201_56989500	2393
chr8_145851001_145851300	2394
chr6_35352001_35352300	2395
chr5_3603301_3603600	2396
chr13_64201201_64201500	2397
chr16_16751701_16752000	2398
chr22_24377101_24377400	2399
chr16_30181201_30181500	2400
chr13_75122101_75122400	2401
chr14_41623501_41623800	2402
chr11_93680401_93680700	2403
chr15_69152101_69152400	2404
chr14_106025701_106026000	2405
chr4_48365401_48365700	2406
chr13_52638301_52638600	2407
chr2_209015401_209015700	2408
chr13_39530101_39530400	2409
chr10_45740401_45740700	2410
chr8_8072101_8072400	2411
chr16_5252401_5252700	2412
chr4_77838301_77838600	2413
chr13_24711301_24711600	2414
chr11_67243501_67243800	2415
chr6_31336501_31336800	2416
chr2_157225201_157225500	2417
chr5_141455401_141455700	2418
chr3_101756701_101757000	2419
chr6_31011901_31012200	2420
chr9_115834201_115834500	2421
chr12_60412801_60413100	2422
chr16_70713901_70714200	2423
chr1_8561701_8562000	2424
chr1_21810001_21810300	2425
chr4_716401_716700	2426
chr1_16154401_16154700	2427
chr11_63939001_63939300	2428
chr9_115845001_115845300	2429
chr1_88816201_88816500	2430
chr3_17746201_17746500	2431
chr2_144679501_144679800	2432
chr4_77838601_77838900	2433
chr1_55027501_55027800	2434
chr16_32289601_32289900	2435
chr9_115835101_115835400	2436
chr14_105274201_105274500	2437
chr3_129778501_129778800	2438
chr3_42839401_42839700	2439
chr18_57258001_57258300	2440
chr8_68223301_68223600	2441
chr6_158660701_158661000	2442
chr10_84400801_84401100	2443
chr14_105945001_105945300	2444
chr2_102751501_102751800	2445
chr16_88113301_88113600	2446
chr2_35992201_35992500	2447
chr14_105995701_105996000	2448
chr9_140735701_140736000	2449
chr11_100308001_100308300	2450
chr7_55379701_55380000	2451
chr3_2526601_2526900	2452
chr7_10505401_10505700	2453
chr1_4125901_4126200	2454
chr9_115837201_115837500	2455
chr7_72270601_72270900	2456
chr6_152379301_152379600	2457
chr14_65362201_65362500	2458
chr20_30764701_30765000	2459
chr4_163219801_163220100	2460
chr20_9897301_9897600	2461
chr15_39372301_39372600	2462
chr6_32463001_32463300	2463
chr9_128386201_128386500	2464
chr1_193250701_193251000	2465
chr4_9467101_9467400	2466
chr15_87700201_87700500	2467
chr15_55595401_55595700	2468
chr17_81129901_81130200	2469
chr8_55038001_55038300	2470
chr8_1188001_1188300	2471
chr6_31009801_31010100	2472
chr9_110019001_110019300	2473
chr1_240925801_240926100	2474
chr14_24045001_24045300	2475
chr16_57326401_57326700	2476
chr14_73650901_73651200	2477
chr11_131974801_131975100	2478
chr9_136983301_136983600	2479
chr14_100758901_100759200	2480
chr6_32445001_32445300	2481
chr1_16154701_16155000	2482
chr5_108678001_108678300	2483
chr12_9648901_9649200	2484
chr9_138480001_138480300	2485
chr6_31209301_31209600	2486
chr20_32817301_32817600	2487
chr7_63087901_63088200	2488
chr3_136024501_136024800	2489
chr7_142428901_142429200	2490
chr9_115843501_115843800	2491
chr4_1830901_1831200	2492
chr7_135402601_135402900	2493
chr4_9174001_9174300	2494
chr8_638101_638400	2495
chr1_117972601_117972900	2496
chr21_38630401_38630700	2497
chr11_3688801_3689100	2498
chr20_16208101_16208400	2499
chr22_24348901_24349200	2500
chr13_21562501_21562800	2501
chr14_105417301_105417600	2502
chr15_34931101_34931400	2503
chr6_157468501_157468800	2504
chr21_25581001_25581300	2505
chr2_113993701_113994000	2506
chr2_40603801_40604100	2507
chr9_123258301_123258600	2508
chr5_754201_754500	2509
chr4_10212901_10213200	2510
chr7_40359901_40360200	2511
chr3_129776701_129777000	2512
chr10_1369501_1369800	2513
chr1_174318901_174319200	2514
chr6_31837201_31837500	2515
chr9_115838401_115838700	2516
chr19_30391501_30391800	2517
chr11_41325901_41326200	2518
chr19_48945901_48946200	2519
chr5_90998701_90999000	2520
chr13_110435701_110436000	2521
chr5_140052001_140052300	2522
chr20_2805001_2805300	2523
chr5_166353901_166354200	2524
chr4_132464401_132464700	2525
chr3_178838101_178838400	2526
chr6_29902801_29903100	2527
chr6_158661001_158661300	2528
chr3_183326401_183326700	2529
chr9_117223201_117223500	2530
chr3_129786901_129787200	2531
chr7_675901_676200	2532
chr7_62858401_62858700	2533
chr11_75120901_75121200	2534
chr19_30391201_30391500	2535
chr20_62679901_62680200	2536
chr15_39372601_39372900	2537
chr7_8369701_8370000	2538
chr16_64514101_64514400	2539
chr17_44418001_44418300	2540
chr2_120601201_120601500	2541
chr7_153657601_153657900	2542
chr6_32569201_32569500	2543
chr9_7054801_7055100	2544
chr19_45867001_45867300	2545
chr20_13700401_13700700	2546
chr5_86116201_86116500	2547
chr9_7055101_7055400	2548
chr22_24396601_24396900	2549
chr1_45190201_45190500	2550
chr3_48097801_48098100	2551
chr4_53331601_53331900	2552
chr16_65964001_65964300	2553
chr6_12212101_12212400	2554
chr15_101097601_101097900	2555
chr5_176918701_176919000	2556
chr19_14074501_14074800	2557
chr16_69978601_69978900	2558
chr4_46379701_46380000	2559
chr5_89043601_89043900	2560
chr2_169359301_169359600	2561
chr14_105218101_105218400	2562
chr5_140626801_140627100	2563
chr4_4143301_4143600	2564
chr10_121554301_121554600	2565
chr3_114531601_114531900	2566
chr20_18190801_18191100	2567
chr2_178811101_178811400	2568
chr19_4054201_4054500	2569
chr6_160702801_160703100	2570
chr1_25613401_25613700	2571
chr5_563401_563700	2572
chr7_20610901_20611200	2573
chr1_67088401_67088700	2574
chr19_24147001_24147300	2575
chr11_35311801_35312100	2576
chr19_30390901_30391200	2577
chr19_20260201_20260500	2578
chr9_115837801_115838100	2579
chr21_47565301_47565600	2580
chr5_29837401_29837700	2581
chr9_115276801_115277100	2582
chr11_62935801_62936100	2583
chr14_54670201_54670500	2584
chr3_162559801_162560100	2585
chr16_32857801_32858100	2586
chr19_12556801_12557100	2587
chr22_24366301_24366600	2588
chr4_180878701_180879000	2589
chr1_188782201_188782500	2590
chr17_42315901_42316200	2591
chr3_79349401_79349700	2592
chr9_7332901_7333200	2593
chr8_649801_650100	2594
chr9_115827301_115827600	2595
chr9_139143901_139144200	2596
chr6_75227701_75228000	2597
chr6_29766901_29767200	2598
chr5_177822901_177823200	2599
chr2_97128001_97128300	2600
chr2_927601_927900	2601
chr1_187720801_187721100	2602
chr17_6558601_6558900	2603
chr15_89840101_89840400	2604
chr10_17422501_17422800	2605
chr1_146157901_146158200	2606
chr6_31212001_31212300	2607
chr16_80277301_80277600	2608
chr22_31988401_31988700	2609
chr17_43498801_43499100	2610
chr8_11976001_11976300	2611
chr10_106915501_106915800	2612
chr18_10554001_10554300	2613
chr10_101598601_101598900	2614
chr3_129081901_129082200	2615
chr2_229832401_229832700	2616
chr3_129784801_129785100	2617
chr4_739801_740100	2618
chr7_150093901_150094200	2619
chr2_173402701_173403000	2620
chr19_12696001_12696300	2621
chr19_613801_614100	2622
chr2_35991301_35991600	2623
chr9_122217601_122217900	2624
chr14_103593601_103593900	2625
chr6_32568901_32569200	2626
chr3_50121901_50122200	2627
chr3_98556301_98556600	2628
chr6_24326101_24326400	2629
chr10_132858901_132859200	2630
chr4_69442801_69443100	2631
chr19_56133301_56133600	2632
chr4_69595201_69595500	2633
chr13_45955501_45955800	2634
chr9_140822401_140822700	2635
chr5_38045101_38045400	2636
chr15_92137501_92137800	2637
chr9_115834501_115834800	2638
chr8_1950601_1950900	2639
chr1_149132701_149133000	2640
chr11_6914101_6914400	2641
chr22_24249301_24249600	2642
chr2_242707501_242707800	2643
chr4_69428701_69429000	2644
chr7_89963701_89964000	2645
chr2_84559801_84560100	2646
chr17_5674501_5674800	2647
chr2_86952601_86952900	2648
chr4_14036401_14036700	2649
chr18_5592601_5592900	2650
chr6_141417901_141418200	2651
chr10_1281601_1281900	2652
chr1_46707001_46707300	2653
chr16_76977601_76977900	2654
chr5_177823201_177823500	2655
chr18_9225301_9225600	2656
chr17_80318701_80319000	2657
chr1_102840301_102840600	2658
chr2_230607901_230608200	2659
chr17_2350801_2351100	2660
chr17_20888401_20888700	2661
chr9_22940701_22941000	2662
chr22_24713101_24713400	2663
chr6_121473601_121473900	2664
chr2_118407901_118408200	2665
chr22_24375901_24376200	2666
chr5_76338901_76339200	2667
chr4_9176701_9177000	2668
chr21_23665201_23665500	2669
chr5_113358001_113358300	2670
chr18_1098001_1098300	2671
chr11_91890901_91891200	2672
chr9_140254201_140254500	2673
chr6_160702501_160702800	2674
chr10_26856001_26856300	2675
chr7_154941601_154941900	2676
chr4_1830301_1830600	2677
chr16_66436501_66436800	2678
chr3_194787001_194787300	2679
chr19_991801_992100	2680
chr21_47565601_47565900	2681
chr9_43510801_43511100	2682
chr19_46278901_46279200	2683
chr22_20713501_20713800	2684
chr19_1482001_1482300	2685
chr17_17346001_17346300	2686
chr5_10273801_10274100	2687
chr10_51264301_51264600	2688
chr12_80701501_80701800	2689
chr4_160445401_160445700	2690
chr2_178810801_178811100	2691
chr5_561901_562200	2692
chr11_65643301_65643600	2693
chr4_156960901_156961200	2694
chr3_162562801_162563100	2695
chr3_129081301_129081600	2696
chr7_45937801_45938100	2697
chr5_86116501_86116800	2698
chr4_4158601_4158900	2699
chr8_140176501_140176800	2700
chr9_141039601_141039900	2701
chr4_102975001_102975300	2702
chr2_154128301_154128600	2703
chr5_130043701_130044000	2704
chr8_87562801_87563100	2705
chr12_70596601_70596900	2706
chr4_23721901_23722200	2707
chr20_19659001_19659300	2708
chr10_1282201_1282500	2709
chr1_28179601_28179900	2710
chr2_238866001_238866300	2711
chr4_21604801_21605100	2712
chr20_56988901_56989200	2713
chr20_30709801_30710100	2714
chr14_22396801_22397100	2715
chr6_32604901_32605200	2716
chr8_4470601_4470900	2717
chr19_36197701_36198000	2718
chr22_29693701_29694000	2719
chr6_32524201_32524500	2720
chr19_40386001_40386300	2721
chr2_73610101_73610400	2722
chr20_17169001_17169300	2723
chr16_88527301_88527600	2724
chr10_12561601_12561900	2725
chr19_20260501_20260800	2726
chr10_104889301_104889600	2727
chr12_132130501_132130800	2728
chr1_1168201_1168500	2729
chr17_6558301_6558600	2730
chr2_26593801_26594100	2731
chr19_13318501_13318800	2732
chr17_44636401_44636700	2733
chr1_187720501_187720800	2734
chr19_40385701_40386000	2735
chr9_115848901_115849200	2736
chr4_69392401_69392700	2737
chr11_10293601_10293900	2738
chr1_7963201_7963500	2739
chr11_59289301_59289600	2740
chr10_32259301_32259600	2741
chr8_145850101_145850400	2742
chr4_4131601_4131900	2743
chr1_25596901_25597200	2744
chr20_58508401_58508700	2745
chr3_124086601_124086900	2746
chr8_62036701_62037000	2747
chr11_45759901_45760200	2748
chr13_110434501_110434800	2749
chr2_215608201_215608500	2750
chr20_32676901_32677200	2751
chr4_9174301_9174600	2752
chr17_3040801_3041100	2753
chr4_67580701_67581000	2754
chr1_116972701_116973000	2755
chr5_562201_562500	2756
chr7_76645801_76646100	2757
chr16_88113601_88113900	2758
chr19_29217901_29218200	2759
chr21_14978401_14978700	2760
chr5_565501_565800	2761
chr6_31111201_31111500	2762
chr9_136981801_136982100	2763
chr14_23106601_23106900	2764
chr9_89154301_89154600	2765
chr16_62758801_62759100	2766
chr22_39203401_39203700	2767
chr17_43541101_43541400	2768
chr1_25609201_25609500	2769
chr8_95603101_95603400	2770
chr7_62516101_62516400	2771
chr20_48234001_48234300	2772
chr6_33028501_33028800	2773
chr19_12695701_12696000	2774
chr11_89789401_89789700	2775
chr3_129081601_129081900	2776
chr7_9165901_9166200	2777
chr17_12931501_12931800	2778
chr11_6913801_6914100	2779
chr9_115839601_115839900	2780
chr19_3974101_3974400	2781
chr7_128007001_128007300	2782
chr11_41326201_41326500	2783
chr14_106535701_106536000	2784
chr7_63215701_63216000	2785
chr3_129787801_129788100	2786
chr11_118202101_118202400	2787
chr3_138303601_138303900	2788
chr19_51407101_51407400	2789
chr5_31711501_31711800	2790
chr3_159257401_159257700	2791
chr20_42788701_42789000	2792
chr9_136982101_136982400	2793
chr6_31211701_31212000	2794
chr19_48204901_48205200	2795
chr14_21953701_21954000	2796
chr12_9717001_9717300	2797
chr6_30988501_30988800	2798
chr2_178810501_178810800	2799
chr5_563701_564000	2800
chr1_187418401_187418700	2801
chr19_57175501_57175800	2802
chr7_70425301_70425600	2803
chr12_96341701_96342000	2804
chr4_105493201_105493500	2805
chr10_48173701_48174000	2806
chr21_28737601_28737900	2807
chr19_4683001_4683300	2808
chr1_150702001_150702300	2809
chr2_106883701_106884000	2810
chr17_77808001_77808300	2811
chr5_141455101_141455400	2812
chr12_9699001_9699300	2813
chr5_7206901_7207200	2814
chr2_66227701_66228000	2815
chr10_1405501_1405800	2816
chr7_89599201_89599500	2817
chr6_32499001_32499300	2818
chr7_8369401_8369700	2819
chr14_63989401_63989700	2820
chr11_114401701_114402000	2821
chr17_1654801_1655100	2822
chr19_38378701_38379000	2823
chr20_57464701_57465000	2824
chr19_1010401_1010700	2825
chr19_22290001_22290300	2826
chr6_43548301_43548600	2827
chr1_46707601_46707900	2828
chr12_16278001_16278300	2829
chr9_78678901_78679200	2830
chr19_2910001_2910300	2831
chr10_45939301_45939600	2832
chr12_12567001_12567300	2833
chr16_1002901_1003200	2834
chr5_1179301_1179600	2835
chr5_150220501_150220800	2836
chr6_28606201_28606500	2837
chr3_19488301_19488600	2838
chr5_177721201_177721500	2839
chr1_25659301_25659600	2840
chr5_158010001_158010300	2841
chr2_11042701_11043000	2842
chr8_965401_965700	2843
chr7_50691901_50692200	2844
chr20_32287201_32287500	2845
chr4_181383901_181384200	2846
chr1_239030101_239030400	2847
chr1_84524401_84524700	2848
chr2_15174001_15174300	2849
chr4_1829701_1830000	2850
chr1_223566901_223567200	2851
chr6_32632201_32632500	2852
chr1_79595701_79596000	2853
chr1_215042701_215043000	2854
chr17_63656401_63656700	2855
chr7_152283001_152283300	2856
chr13_108435301_108435600	2857
chr17_18375301_18375600	2858
chr5_177822601_177822900	2859
chr6_12477901_12478200	2860
chr5_138730201_138730500	2861
chr11_17085001_17085300	2862
chr12_126905101_126905400	2863
chr10_72447001_72447300	2864
chr8_12468601_12468900	2865
chr12_60413101_60413400	2866
chr22_42519301_42519600	2867
chr19_52638601_52638900	2868
chr16_31116001_31116300	2869
chr11_1079101_1079400	2870
chr16_89637301_89637600	2871
chr7_143418001_143418300	2872
chr2_85519501_85519800	2873
chr19_1109101_1109400	2874
chr11_2890801_2891100	2875
chr3_48771901_48772200	2876
chr15_40975501_40975800	2877
chr2_30128101_30128400	2878
chr11_47118901_47119200	2879
chr19_3959101_3959400	2880
chr8_129838501_129838800	2881
chr20_30764401_30764700	2882
chr4_9166801_9167100	2883
chr9_81057001_81057300	2884
chr19_52139401_52139700	2885
chr4_8583001_8583300	2886
chr15_89484601_89484900	2887
chr9_140173501_140173800	2888
chr5_154508401_154508700	2889
chr7_6832501_6832800	2890
chr17_44551501_44551800	2891
chr6_31084501_31084800	2892
chr9_44731201_44731500	2893
chr6_32542801_32543100	2894
chr21_19092301_19092600	2895
chr1_212472601_212472900	2896
chr6_31108201_31108500	2897
chr6_32414401_32414700	2898
chr12_133086301_133086600	2899
chr16_82528801_82529100	2900
chr15_62982001_62982300	2901
chr10_44760901_44761200	2902
chr6_165731701_165732000	2903
chr9_137356801_137357100	2904
chr1_239030401_239030700	2905
chr10_47920201_47920500	2906
chr13_78998401_78998700	2907
chr12_94894201_94894500	2908
chr6_31335301_31335600	2909
chr8_145851301_145851600	2910
chr6_22161901_22162200	2911
chr11_111092701_111093000	2912
chr11_401101_401400	2913
chr6_170452201_170452500	2914
chr20_3732601_3732900	2915
chr7_76149301_76149600	2916
chr14_73999201_73999500	2917
chr14_74019901_74020200	2918
chr12_128029801_128030100	2919
chr19_4054501_4054800	2920
chr13_47035201_47035500	2921
chr9_115827601_115827900	2922
chr1_152565901_152566200	2923
chr8_119156701_119157000	2924
chr15_67073401_67073700	2925
chr3_176469901_176470200	2926
chr1_103319401_103319700	2927
chr6_71947501_71947800	2928
chr20_17372401_17372700	2929
chr12_130822801_130823100	2930
chr1_169245601_169245900	2931
chr7_16829701_16830000	2932
chr15_102167101_102167400	2933
chr1_179104801_179105100	2934
chr4_9461701_9462000	2935
chr20_33246901_33247200	2936
chr5_57893701_57894000	2937
chr4_69429901_69430200	2938
chr10_95545501_95545800	2939
chr5_137022901_137023200	2940
chr16_24884401_24884700	2941
chr18_15082801_15083100	2942
chr10_94135801_94136100	2943
chr16_16411201_16411500	2944
chr1_243104101_243104400	2945
chr11_17071801_17072100	2946
chr2_3638401_3638700	2947
chr22_24392401_24392700	2948
chr18_77505901_77506200	2949
chr15_45989401_45989700	2950
chr5_38044801_38045100	2951
chr9_137357101_137357400	2952
chr12_10105801_10106100	2953
chr3_195569101_195569400	2954
chr2_189280801_189281100	2955
chr15_101097001_101097300	2956
chr3_162543001_162543300	2957
chr5_68811001_68811300	2958
chr17_44651401_44651700	2959
chr2_52765801_52766100	2960
chr15_100589701_100590000	2961
chr7_77396101_77396400	2962
chr5_118457701_118458000	2963
chr11_400501_400800	2964
chr7_142481401_142481700	2965
chr18_64062901_64063200	2966
chr12_108795301_108795600	2967
chr6_29692501_29692800	2968
chr11_63939601_63939900	2969
chr20_2804701_2805000	2970
chr10_20415301_20415600	2971
chr2_8661601_8661900	2972
chr16_11684401_11684700	2973
chr12_42621601_42621900	2974
chr17_29306401_29306700	2975
chr6_32238301_32238600	2976
chr19_39288301_39288600	2977
chr17_75772801_75773100	2978
chr14_105996001_105996300	2979
chr9_40030201_40030500	2980
chr14_20974501_20974800	2981
chr9_43591201_43591500	2982
chr6_170576401_170576700	2983
chr3_17932801_17933100	2984
chr1_24320401_24320700	2985
chr2_225293401_225293700	2986
chr15_67073701_67074000	2987
chr6_3758401_3758700	2988
chr2_217091101_217091400	2989
chr2_191230501_191230800	2990
chr17_7906501_7906800	2991
chr3_129773101_129773400	2992
chr1_180054001_180054300	2993
chr1_236703001_236703300	2994
chr10_101598301_101598600	2995
chr9_115829701_115830000	2996
chr19_21794101_21794400	2997
chr4_4148101_4148400	2998
chr6_32597401_32597700	2999
chr12_96342001_96342300	3000
chr12_9649201_9649500	3001
chr22_24287401_24287700	3002
chr5_74566501_74566800	3003
chr16_1649401_1649700	3004
chr9_136981201_136981500	3005
chr4_4116601_4116900	3006
chr3_104779801_104780100	3007
chr16_88599601_88599900	3008
chr2_230607601_230607900	3009
chr2_192607201_192607500	3010
chr20_62467501_62467800	3011
chr11_113391901_113392200	3012
chr8_93811801_93812100	3013
chr13_74531101_74531400	3014
chr13_47034901_47035200	3015
chr17_44660401_44660700	3016
chr4_80533201_80533500	3017
chr7_43414201_43414500	3018
chr2_130956901_130957200	3019
chr16_90143701_90144000	3020
chr15_35948401_35948700	3021
chr5_113749801_113750100	3022
chr1_46707301_46707600	3023
chr9_44730901_44731200	3024
chr12_9684901_9685200	3025
chr20_32818201_32818500	3026
chr19_55476301_55476600	3027
chr7_76149001_76149300	3028
chr6_185701_186000	3029
chr17_80317501_80317800	3030
chr12_96234901_96235200	3031
chr15_65370001_65370300	3032
chr16_18477001_18477300	3033
chr6_469201_469500	3034
chr2_42832501_42832800	3035
chr8_28738801_28739100	3036
chr9_98054401_98054700	3037
chr11_101566801_101567100	3038
chr7_152282701_152283000	3039
chr11_115597501_115597800	3040
chr10_27000301_27000600	3041
chr11_120544501_120544800	3042
chr9_115839001_115839300	3043
chr15_72393601_72393900	3044
chr2_15174301_15174600	3045
chr6_30973201_30973500	3046
chr19_13658101_13658400	3047
chr4_163563301_163563600	3048
chr6_170402701_170403000	3049
chr4_4137901_4138200	3050
chr7_103875001_103875300	3051
chr3_98555701_98556000	3052
chr5_178113001_178113300	3053
chr1_1232701_1233000	3054
chr17_80983201_80983500	3055
chr1_25608901_25609200	3056
chr5_55429801_55430100	3057
chr10_71287501_71287800	3058
chr11_45431101_45431400	3059
chr4_9165001_9165300	3060
chr10_133732801_133733100	3061
chr4_4130701_4131000	3062
chr5_33543301_33543600	3063
chr1_13488901_13489200	3064
chr6_29917801_29918100	3065
chr22_24375601_24375900	3066
chr3_82900501_82900800	3067
chr1_25596601_25596900	3068
chr8_144700501_144700800	3069
chr4_15792901_15793200	3070
chr2_163605601_163605900	3071
chr5_177952501_177952800	3072
chr12_29563801_29564100	3073
chr12_45906001_45906300	3074
chr1_55027801_55028100	3075
chr7_16173301_16173600	3076
chr12_8778301_8778600	3077
chr20_15821701_15822000	3078
chr1_55247101_55247400	3079
chr3_186795901_186796200	3080
chr7_6647401_6647700	3081
chr3_129779701_129780000	3082
chr4_103763701_103764000	3083
chr17_18402901_18403200	3084
chr4_9475501_9475800	3085
chr13_80805001_80805300	3086
chr11_50012101_50012400	3087
chr7_148979101_148979400	3088
chr7_88599301_88599600	3089
chr11_2930401_2930700	3090
chr7_73250401_73250700	3091
chr22_24327301_24327600	3092
chr11_64137001_64137300	3093
chr10_94134901_94135200	3094
chr3_76615801_76616100	3095
chr11_401401_401700	3096
chr22_25414201_25414500	3097
chr8_52447201_52447500	3098
chr2_32518801_32519100	3099
chr15_40975201_40975500	3100
chr4_160860601_160860900	3101
chr6_31274401_31274700	3102
chr16_20447101_20447400	3103
chr4_145700401_145700700	3104
chr17_2410501_2410800	3105
chr2_192940501_192940800	3106
chr13_58892701_58893000	3107
chr5_30510301_30510600	3108
chr4_9179101_9179400	3109
chr3_39567601_39567900	3110
chr6_170451901_170452200	3111
chr13_75122401_75122700	3112
chr6_32313601_32313900	3113
chr4_189717901_189718200	3114
chr17_18732901_18733200	3115
chr1_187717501_187717800	3116
chr20_34638001_34638300	3117
chr4_4149601_4149900	3118
chr4_130592401_130592700	3119
chr6_148779301_148779600	3120
chr9_115829101_115829400	3121
chr21_20865601_20865900	3122
chr6_103742101_103742400	3123
chr9_12147601_12147900	3124
chr10_55218601_55218900	3125
chr19_54801601_54801900	3126
chr9_16204801_16205100	3127
chr11_129960601_129960900	3128
chr20_61724701_61725000	3129
chr9_12147901_12148200	3130
chr19_3613201_3613500	3131
chr10_108512101_108512400	3132
chr21_47803201_47803500	3133
chr8_638401_638700	3134
chr6_667501_667800	3135
chr20_50749201_50749500	3136
chr6_28913701_28914000	3137
chr17_32183401_32183700	3138
chr12_50748001_50748300	3139
chr6_32451901_32452200	3140
chr12_13198801_13199100	3141
chr1_192826501_192826800	3142
chr6_170338501_170338800	3143
chr9_38814601_38814900	3144
chr19_23110201_23110500	3145
chr2_241125001_241125300	3146
chr6_18614701_18615000	3147
chr19_51107401_51107700	3148
chr11_60093601_60093900	3149
chr7_22249201_22249500	3150
chr7_154671001_154671300	3151
chr6_31336801_31337100	3152
chr5_173416201_173416500	3153
chr19_29218201_29218500	3154
chr17_41701_42000	3155
chr7_65858701_65859000	3156
chr5_113358301_113358600	3157
chr5_135117301_135117600	3158
chr4_67581001_67581300	3159
chr4_77838001_77838300	3160
chr7_83751301_83751600	3161
chr3_84184501_84184800	3162
chr4_132464701_132465000	3163
chr13_44987701_44988000	3164
chr6_29767201_29767500	3165
chr9_115823401_115823700	3166
chr5_19982701_19983000	3167
chr8_47500501_47500800	3168
chr5_61037401_61037700	3169
chr9_113029501_113029800	3170
chr12_130823101_130823400	3171
chr3_124086001_124086300	3172
chr14_21952801_21953100	3173
chr21_36854701_36855000	3174
chr7_64895401_64895700	3175
chr19_39476701_39477000	3176
chr3_67395901_67396200	3177
chr16_15084001_15084300	3178
chr3_42317401_42317700	3179
chr1_160934701_160935000	3180
chr5_38862001_38862300	3181
chr6_156790201_156790500	3182
chr15_76886401_76886700	3183
chr19_7532101_7532400	3184
chr7_74946601_74946900	3185
chr19_54637501_54637800	3186
chr10_101322301_101322600	3187
chr11_114637201_114637500	3188
chr16_1003801_1004100	3189
chr7_80771101_80771400	3190
chr1_72789901_72790200	3191
chr5_78864601_78864900	3192
chr8_144711301_144711600	3193
chr8_43035001_43035300	3194
chr5_175732501_175732800	3195
chr15_68262601_68262900	3196
chr16_58650001_58650300	3197
chr5_1178401_1178700	3198
chr13_67510501_67510800	3199
chr21_27987901_27988200	3200
chr19_23110501_23110800	3201
chr14_73650601_73650900	3202
chr8_143977801_143978100	3203
chr4_69394201_69394500	3204
chr11_83027701_83028000	3205
chr4_6897601_6897900	3206
chr5_132918901_132919200	3207
chr9_128386501_128386800	3208
chr19_22867201_22867500	3209
chr20_46843201_46843500	3210
chr1_211589701_211590000	3211
chr16_16749601_16749900	3212
chr6_123170101_123170400	3213
chr11_59007001_59007300	3214
chr8_144713101_144713400	3215
chr9_115828801_115829100	3216
chr19_1108201_1108500	3217
chr3_124086301_124086600	3218
chr6_32313901_32314200	3219
chr7_90454801_90455100	3220
chr12_125158201_125158500	3221
chr5_107961901_107962200	3222
chr6_28479601_28479900	3223
chr1_28179901_28180200	3224
chr3_112765201_112765500	3225
chr19_41609101_41609400	3226
chr7_150811801_150812100	3227
chr14_23106901_23107200	3228
chr22_24283201_24283500	3229
chr3_75617701_75618000	3230
chr1_240727201_240727500	3231
chr2_156699601_156699900	3232
chr17_1592701_1593000	3233
chr22_30970501_30970800	3234
chr16_88503601_88503900	3235
chr6_29768401_29768700	3236
chr17_18399001_18399300	3237
chr16_32662201_32662500	3238
chr8_62037001_62037300	3239
chr2_28431301_28431600	3240
chr6_84954001_84954300	3241
chr13_72309301_72309600	3242
chr11_85821901_85822200	3243
chr17_12479701_12480000	3244
chr8_13894501_13894800	3245
chr20_57464101_57464400	3246
chr11_377101_377400	3247
chr2_34346701_34347000	3248
chr6_1827301_1827600	3249
chr14_97175101_97175400	3250
chr7_66829501_66829800	3251
chr9_666601_666900	3252
chr10_47920501_47920800	3253
chr1_24320101_24320400	3254
chr15_65246401_65246700	3255
chr11_980101_980400	3256
chr15_59651101_59651400	3257
chr3_196497301_196497600	3258
chr6_32631901_32632200	3259
chr1_13131301_13131600	3260
chr14_106854901_106855200	3261
chr17_44628301_44628600	3262
chr7_90238201_90238500	3263
chr5_14994001_14994300	3264
chr21_28737301_28737600	3265
chr13_80389201_80389500	3266
chr5_16147801_16148100	3267
chr1_206276701_206277000	3268
chr6_29856901_29857200	3269
chr6_32408701_32409000	3270
chr10_108511801_108512100	3271
chr9_44838301_44838600	3272
chr9_137358001_137358300	3273
chr19_12876601_12876900	3274
chr16_64513801_64514100	3275
chr6_40525501_40525800	3276
chr3_17746501_17746800	3277
chr7_148073701_148074000	3278
chr7_64408501_64408800	3279
chr14_106806001_106806300	3280
chr12_11530801_11531100	3281
chr10_134924701_134925000	3282
chr16_67686601_67686900	3283
chr12_9654901_9655200	3284
chr6_29893801_29894100	3285
chr8_49890601_49890900	3286
chr6_32386501_32386800	3287
chr11_118201801_118202100	3288
chr22_24392101_24392400	3289
chr4_37670701_37671000	3290
chr7_675601_675900	3291
chr8_57396001_57396300	3292
chr15_72393901_72394200	3293
chr11_2930701_2931000	3294
chr17_18733801_18734100	3295
chr2_17625601_17625900	3296
chr10_135036001_135036300	3297
chr11_71310901_71311200	3298
chr5_55310401_55310700	3299
chr20_4737301_4737600	3300
chr6_98588101_98588400	3301
chr8_144713401_144713700	3302
chr15_89095801_89096100	3303
chr6_32656501_32656800	3304
chr7_76870501_76870800	3305
chr9_98872801_98873100	3306
chr11_23073001_23073300	3307
chr18_66869401_66869700	3308
chr22_19165201_19165500	3309
chr3_23129101_23129400	3310
chr9_78920701_78921000	3311
chr14_104643601_104643900	3312
chr10_48173401_48173700	3313
chr11_21725401_21725700	3314
chr4_4129801_4130100	3315
chr11_81297901_81298200	3316
chr7_76159801_76160100	3317
chr6_32594101_32594400	3318
chr3_129795001_129795300	3319
chr14_80107501_80107800	3320
chr9_136981501_136981800	3321
chr2_169359601_169359900	3322
chr16_55808101_55808400	3323
chr17_54183601_54183900	3324
chr3_162610201_162610500	3325
chr6_123169801_123170100	3326
chr14_74009401_74009700	3327
chr8_144708001_144708300	3328
chr7_100120801_100121100	3329
chr5_180101101_180101400	3330
chr6_31114501_31114800	3331
chr4_18420001_18420300	3332
chr6_35352301_35352600	3333
chr12_1953901_1954200	3334
chr19_5151601_5151900	3335
chr3_32807401_32807700	3336
chr3_142765801_142766100	3337
chr9_138479701_138480000	3338
chr3_12317401_12317700	3339
chr16_80277601_80277900	3340
chr13_49534501_49534800	3341
chr15_101452801_101453100	3342
chr2_242506501_242506800	3343
chr12_76335901_76336200	3344
chr2_4425601_4425900	3345
chr19_56089501_56089800	3346
chr6_147167401_147167700	3347
chr17_44658601_44658900	3348
chr7_158219401_158219700	3349
chr1_24325201_24325500	3350
chr15_80954401_80954700	3351
chr6_77968501_77968800	3352
chr3_47491201_47491500	3353
chr17_17345701_17346000	3354
chr21_9438001_9438300	3355
chr8_145850401_145850700	3356
chr16_22960801_22961100	3357
chr10_114112201_114112500	3358
chr6_22162201_22162500	3359
chr21_22272001_22272300	3360
chr9_3890101_3890400	3361
chr18_76766401_76766700	3362
chr12_27516001_27516300	3363
chr18_71700901_71701200	3364
chr1_171826801_171827100	3365
chr4_145700701_145701000	3366
chr22_25369501_25369800	3367
chr15_68262901_68263200	3368
chr6_32562301_32562600	3369
chr9_71232001_71232300	3370
chr12_27515701_27516000	3371
chr6_145968901_145969200	3372
chr9_132027001_132027300	3373
chr6_42230101_42230400	3374
chr3_142573201_142573500	3375
chr12_60523501_60523800	3376
chr7_5083801_5084100	3377
chr8_95603401_95603700	3378
chr1_245433601_245433900	3379
chr4_77662501_77662800	3380
chr18_42327901_42328200	3381
chr8_144789301_144789600	3382
chr6_4725601_4725900	3383
chr6_77893201_77893500	3384
chr11_96615001_96615300	3385
chr3_2125201_2125500	3386
chr11_110066401_110066700	3387
chr9_136980601_136980900	3388
chr18_77505601_77505900	3389
chr1_179541601_179541900	3390
chr17_18413701_18414000	3391
chr7_1077901_1078200	3392
chr6_29843701_29844000	3393
chr19_38379001_38379300	3394
chr11_36166501_36166800	3395
chr8_132168601_132168900	3396
chr3_180005701_180006000	3397
chr10_100025101_100025400	3398
chr7_155159401_155159700	3399
chr22_31988701_31989000	3400
chr15_47424901_47425200	3401
chr14_57464401_57464700	3402
chr2_106885201_106885500	3403
chr3_75571201_75571500	3404
chr12_96234601_96234900	3405
chr17_42432001_42432300	3406
chr21_27150601_27150900	3407
chr16_53104201_53104500	3408
chr17_39270901_39271200	3409
chr7_65858401_65858700	3410
chr6_32746501_32746800	3411
chr6_30988201_30988500	3412
chr3_19488001_19488300	3413
chr8_117691201_117691500	3414
chr18_1756501_1756800	3415
chr1_89783401_89783700	3416
chr17_44590201_44590500	3417
chr15_33311701_33312000	3418
chr1_113182501_113182800	3419
chr22_49466701_49467000	3420
chr21_32789701_32790000	3421
chr2_207240001_207240300	3422
chr3_111254701_111255000	3423
chr5_26799001_26799300	3424
chr17_78937201_78937500	3425
chr2_134423101_134423400	3426
chr14_100260901_100261200	3427
chr14_89972401_89972700	3428
chr10_81285001_81285300	3429
chr19_5223001_5223300	3430
chr16_60571801_60572100	3431
chr19_58967401_58967700	3432
chr20_32817601_32817900	3433
chr11_55393801_55394100	3434
chr17_18413101_18413400	3435
chr8_144711601_144711900	3436
chr12_42513001_42513300	3437
chr1_229814701_229815000	3438
chr19_9237901_9238200	3439
chr5_7207201_7207500	3440
chr5_77392801_77393100	3441
chr9_95593501_95593800	3442
chr1_152936101_152936400	3443
chr1_6365101_6365400	3444
chr6_32562601_32562900	3445
chr6_145188001_145188300	3446
chr7_136851301_136851600	3447
chr10_13262101_13262400	3448
chr6_32656801_32657100	3449
chr9_13527301_13527600	3450
chr15_80023801_80024100	3451
chr3_192879001_192879300	3452
chr1_166631701_166632000	3453
chr5_140447101_140447400	3454
chr8_56401201_56401500	3455
chr2_3504001_3504300	3456
chr11_1457701_1458000	3457
chr12_8778001_8778300	3458
chr19_22287901_22288200	3459
chr6_37510201_37510500	3460
chr12_8625901_8626200	3461
chr6_31129501_31129800	3462
chr17_58629001_58629300	3463
chr12_97096501_97096800	3464
chr7_6193501_6193800	3465
chr6_31332901_31333200	3466
chr10_94735501_94735800	3467
chr2_154128601_154128900	3468
chr1_69944101_69944400	3469
chr3_8481901_8482200	3470
chr4_90302401_90302700	3471
chr3_105792301_105792600	3472
chr20_32720401_32720700	3473
chr4_4146301_4146600	3474
chr11_75588601_75588900	3475
chr7_43413901_43414200	3476
chr4_18562201_18562500	3477
chr21_47388301_47388600	3478
chr1_78750901_78751200	3479
chr20_40627501_40627800	3480
chr17_44391901_44392200	3481
chr19_45411901_45412200	3482
chr1_115864501_115864800	3483
chr19_41624101_41624400	3484
chr3_8720701_8721000	3485
chr6_32524501_32524800	3486
chr7_27153301_27153600	3487
chr2_106882501_106882800	3488
chr2_15788701_15789000	3489
chr9_101311201_101311500	3490
chr2_59883301_59883600	3491
chr2_71997001_71997300	3492
chr6_168717601_168717900	3493
chr8_8069701_8070000	3494
chr18_63110101_63110400	3495
chr21_15037201_15037500	3496
chr5_13578601_13578900	3497
chr15_92137801_92138100	3498
chr10_18209101_18209400	3499
chr1_25659601_25659900	3500
chr6_32482801_32483100	3501
chr2_166813501_166813800	3502
chr2_241581001_241581300	3503
chr7_23676601_23676900	3504
chr6_29481001_29481300	3505
chr17_44553601_44553900	3506
chr13_22022401_22022700	3507
chr22_24369901_24370200	3508
chr7_155159701_155160000	3509
chr3_40109101_40109400	3510
chr5_49819201_49819500	3511
chr2_27762601_27762900	3512
chr2_150355501_150355800	3513
chr1_63359401_63359700	3514
chr2_177679801_177680100	3515
chr16_57008101_57008400	3516
chr3_50349301_50349600	3517
chr8_39924601_39924900	3518
chr15_38413201_38413500	3519
chr5_162862801_162863100	3520
chr9_78919801_78920100	3521
chr20_37089901_37090200	3522
chr1_116973001_116973300	3523
chr6_66402901_66403200	3524
chr2_106885801_106886100	3525
chr4_9460501_9460800	3526
chr9_110539501_110539800	3527
chr10_121578001_121578300	3528
chr6_32444401_32444700	3529
chr10_27000901_27001200	3530
chr1_6886501_6886800	3531
chr4_9459001_9459300	3532
chr10_30168601_30168900	3533
chr14_65361601_65361900	3534
chr9_138938401_138938700	3535
chr8_124327501_124327800	3536
chr8_145164301_145164600	3537
chr6_109368301_109368600	3538
chr3_124085701_124086000	3539
chr13_26086801_26087100	3540
chr3_187797301_187797600	3541
chr15_24505501_24505800	3542
chr3_116405401_116405700	3543
chr8_140058901_140059200	3544
chr13_73604101_73604400	3545
chr17_18739801_18740100	3546
chr22_20711401_20711700	3547
chr16_7961101_7961400	3548
chr20_16207501_16207800	3549
chr11_60093901_60094200	3550
chr2_80391601_80391900	3551
chr5_131250301_131250600	3552
chr4_190291501_190291800	3553
chr3_84184201_84184500	3554
chr9_137741401_137741700	3555
chr20_59598901_59599200	3556
chr2_126360901_126361200	3557
chr8_105342601_105342900	3558
chr8_8080501_8080800	3559
chr17_53230501_53230800	3560
chr19_22289701_22290000	3561
chr10_7723801_7724100	3562
chr1_7962901_7963200	3563
chr6_29897701_29898000	3564
chr8_1950901_1951200	3565
chr14_57464101_57464400	3566
chr5_79014001_79014300	3567
chr6_32506201_32506500	3568
chr3_180475501_180475800	3569
chr8_139848301_139848600	3570
chr1_183653101_183653400	3571
chr5_6941101_6941400	3572
chr4_175215901_175216200	3573
chr18_26379601_26379900	3574
chr11_41325601_41325900	3575
chr22_20713201_20713500	3576
chr9_115845301_115845600	3577
chr22_20713801_20714100	3578
chr16_1841701_1842000	3579
chr9_676501_676800	3580
chr2_66227401_66227700	3581
chr20_3421801_3422100	3582
chr10_82294201_82294500	3583
chr19_12698401_12698700	3584
chr6_43044601_43044900	3585
chr9_115827901_115828200	3586
chr7_35624401_35624700	3587
chr4_102355201_102355500	3588
chr21_24828601_24828900	3589
chr4_13615801_13616100	3590
chr7_1168201_1168500	3591
chr14_20437801_20438100	3592
chr6_135684901_135685200	3593
chr5_101349901_101350200	3594
chr11_113392201_113392500	3595
chr6_152220301_152220600	3596
chr11_60085201_60085500	3597
chr11_16928701_16929000	3598
chr12_16277701_16278000	3599
chr11_35311501_35311800	3600
chr9_138479401_138479700	3601
chr5_177822001_177822300	3602
chr7_62972101_62972400	3603
chr4_738601_738900	3604
chr13_99372601_99372900	3605
chr16_32822701_32823000	3606
chr20_32817001_32817300	3607
chr6_31304401_31304700	3608
chr7_150463201_150463500	3609
chr17_5674201_5674500	3610
chr17_3191701_3192000	3611
chr6_31011601_31011900	3612
chr1_10699201_10699500	3613
chr17_27939601_27939900	3614
chr1_55092901_55093200	3615
chr17_44415901_44416200	3616
chr9_110019601_110019900	3617
chr12_9720001_9720300	3618
chr4_92594701_92595000	3619
chr3_75135001_75135300	3620
chr3_141855601_141855900	3621
chr6_30018301_30018600	3622
chr3_77173801_77174100	3623
chr5_16796401_16796700	3624
chr6_158729701_158730000	3625
chr17_18451801_18452100	3626
chr8_1950301_1950600	3627
chr15_40583101_40583400	3628
chr6_29133301_29133600	3629
chr4_7635601_7635900	3630
chr14_73651201_73651500	3631
chr4_130592701_130593000	3632
chr10_45158401_45158700	3633
chr18_62101201_62101500	3634
chr5_171141601_171141900	3635
chr7_126730801_126731100	3636
chr16_32662501_32662800	3637
chr2_22584301_22584600	3638
chr13_110434801_110435100	3639
chr7_23185501_23185800	3640
chr13_26287801_26288100	3641
chr14_35508301_35508600	3642
chr13_103065901_103066200	3643
chr3_129795601_129795900	3644
chr3_155099701_155100000	3645
chr3_126261001_126261300	3646
chr2_48782701_48783000	3647
chr1_42901801_42902100	3648
chr2_47660401_47660700	3649
chr6_32466301_32466600	3650
chr8_71888701_71889000	3651
chr4_173967001_173967300	3652
chr12_99189001_99189300	3653
chr9_137357701_137358000	3654
chr8_38580301_38580600	3655
chr20_34638301_34638600	3656
chr3_144676801_144677100	3657
chr19_55994101_55994400	3658
chr7_16173901_16174200	3659
chr22_50738701_50739000	3660
chr5_42341101_42341400	3661
chr18_49848001_49848300	3662
chr2_399301_399600	3663
chr1_187719001_187719300	3664
chr19_6152401_6152700	3665
chr3_195489001_195489300	3666
chr8_1409701_1410000	3667
chr17_12124201_12124500	3668
chr20_1574701_1575000	3669
chr1_21806701_21807000	3670
chr3_140553601_140553900	3671
chr22_37144501_37144800	3672
chr4_131420401_131420700	3673
chr13_103391101_103391400	3674
chr8_144789601_144789900	3675
chr13_35115001_35115300	3676
chr9_79682101_79682400	3677
chr2_106884901_106885200	3678
chr1_222661501_222661800	3679
chr3_184471801_184472100	3680
chr13_113679601_113679900	3681
chr1_92946001_92946300	3682
chr12_125958301_125958600	3683
chr6_168758401_168758700	3684
chr3_186591901_186592200	3685
chr11_4986901_4987200	3686
chr12_29288101_29288400	3687
chr7_93422401_93422700	3688
chr8_61460101_61460400	3689
chr20_61660501_61660800	3690
chr16_11684701_11685000	3691
chr7_72270901_72271200	3692
chr4_54745801_54746100	3693
chr5_152748901_152749200	3694
chr1_58062301_58062600	3695
chr17_18332401_18332700	3696
chr15_89484901_89485200	3697
chr1_210032101_210032400	3698
chr1_10698901_10699200	3699
chr17_44370001_44370300	3700
chr13_114587401_114587700	3701
chr20_1572901_1573200	3702
chr6_31088101_31088400	3703
chr6_32568001_32568300	3704
chr22_49131901_49132200	3705
chr11_19881301_19881600	3706
chr17_29306701_29307000	3707
chr11_19562401_19562700	3708
chr22_23044801_23045100	3709
chr8_39073801_39074100	3710
chr9_89110501_89110800	3711
chr1_113316601_113316900	3712
chr18_11510701_11511000	3713
chr12_96234301_96234600	3714
chr22_24327001_24327300	3715
chr3_155503501_155503800	3716
chr6_11171401_11171700	3717
chr10_46298701_46299000	3718
chr1_13655401_13655700	3719
chr13_47039401_47039700	3720
chr9_100849801_100850100	3721
chr1_225523201_225523500	3722
chr6_30565801_30566100	3723
chr22_49716901_49717200	3724
chr1_58201801_58202100	3725
chr8_125273101_125273400	3726
chr18_37654501_37654800	3727
chr8_53549101_53549400	3728
chr7_1078201_1078500	3729
chr2_70661701_70662000	3730
chr1_78335401_78335700	3731
chr18_11511001_11511300	3732
chr3_155099401_155099700	3733
chr11_28452001_28452300	3734
chr9_44842801_44843100	3735
chr1_103125601_103125900	3736
chr22_19572001_19572300	3737
chr19_51601801_51602100	3738
chr2_17625301_17625600	3739
chr1_85361401_85361700	3740
chr3_77404201_77404500	3741
chr5_147379201_147379500	3742
chr19_53096701_53097000	3743
chr9_43505101_43505400	3744
chr14_57514201_57514500	3745
chr6_27452701_27453000	3746
chr20_1583401_1583700	3747
chr1_25612801_25613100	3748
chr4_189793501_189793800	3749
chr7_77163001_77163300	3750
chr4_68938801_68939100	3751
chr7_76511401_76511700	3752
chr3_162519301_162519600	3753
chr6_30467101_30467400	3754
chr1_103332901_103333200	3755
chr2_207239401_207239700	3756
chr6_141418201_141418500	3757
chr4_190412701_190413000	3758
chr13_53774701_53775000	3759
chr16_1034701_1035000	3760
chr3_17933101_17933400	3761
chr14_29578201_29578500	3762
chr17_44633701_44634000	3763
chr7_21255001_21255300	3764
chr16_70085101_70085400	3765
chr10_104889001_104889300	3766
chr6_169825501_169825800	3767
chr14_82998601_82998900	3768
chr2_159959401_159959700	3769
chr11_46368901_46369200	3770
chr3_129777001_129777300	3771
chr7_57016501_57016800	3772
chr18_75997201_75997500	3773
chr9_38242201_38242500	3774
chr4_69430201_69430500	3775
chr5_177822301_177822600	3776
chr2_114557401_114557700	3777
chr9_40370401_40370700	3778
chr4_85842301_85842600	3779
chr4_73710901_73711200	3780
chr2_41974801_41975100	3781
chr9_28426501_28426800	3782
chr5_91177801_91178100	3783
chr16_24120301_24120600	3784
chr17_18412801_18413100	3785
chr4_171964501_171964800	3786
chr6_24326401_24326700	3787
chr12_50747701_50748000	3788
chr2_157224901_157225200	3789
chr11_89565601_89565900	3790
chr9_118012501_118012800	3791
chr2_22584601_22584900	3792
chr20_51925801_51926100	3793
chr13_49952401_49952700	3794
chr9_44789701_44790000	3795
chr3_32807701_32808000	3796
chr7_73549501_73549800	3797
chr4_77662201_77662500	3798
chr6_10359901_10360200	3799
chr3_75656101_75656400	3800
chr1_72776701_72777000	3801
chr10_71747401_71747700	3802
chr6_141003901_141004200	3803
chr19_58916401_58916700	3804
chr5_564601_564900	3805
chr14_79116001_79116300	3806
chr17_18333001_18333300	3807
chr4_86310901_86311200	3808
chr2_203955601_203955900	3809
chr3_125709901_125710200	3810
chr8_23746201_23746500	3811
chr4_189881401_189881700	3812
chr11_65307301_65307600	3813
chr5_28928101_28928400	3814
chr8_139096501_139096800	3815
chr8_39251701_39252000	3816
chr5_77393101_77393400	3817
chr6_3027901_3028200	3818
chr12_9716701_9717000	3819
chr14_22097401_22097700	3820
chr1_95695501_95695800	3821
chr4_9645301_9645600	3822
chr7_136834801_136835100	3823
chr9_136983001_136983300	3824
chr11_46369201_46369500	3825
chr1_75843901_75844200	3826
chr1_79595401_79595700	3827
chr13_25721101_25721400	3828
chr14_94645501_94645800	3829
chr5_166937701_166938000	3830
chr2_74288401_74288700	3831
chr20_1592401_1592700	3832
chr4_42297901_42298200	3833
chr2_52754401_52754700	3834
chr22_45724201_45724500	3835
chr7_64408801_64409100	3836
chr16_80511601_80511900	3837
chr15_59121301_59121600	3838
chr20_42273301_42273600	3839
chr17_26781601_26781900	3840
chr22_24377401_24377700	3841
chr19_1108801_1109100	3842
chr1_4125601_4125900	3843
chr2_41702101_41702400	3844
chr4_155805001_155805300	3845
chr7_45938101_45938400	3846
chr10_99288001_99288300	3847
chr19_17597401_17597700	3848
chr19_12695101_12695400	3849
chr6_125709901_125710200	3850
chr1_97228201_97228500	3851
chr16_20087401_20087700	3852
chr7_648301_648600	3853
chr5_175732801_175733100	3854
chr15_59651401_59651700	3855
chr19_24061501_24061800	3856
chr11_82170001_82170300	3857
chr6_32535301_32535600	3858
chr11_60390001_60390300	3859
chr8_144702001_144702300	3860
chr2_17005201_17005500	3861
chr9_106720801_106721100	3862
chr22_24369301_24369600	3863
chr14_94645801_94646100	3864
chr17_41529601_41529900	3865
chr12_122431801_122432100	3866
chr16_1235701_1236000	3867
chr9_138217201_138217500	3868
chr8_95377801_95378100	3869
chr8_67144801_67145100	3870
chr2_26593501_26593800	3871
chr3_106397401_106397700	3872
chr1_168503401_168503700	3873
chr12_23931601_23931900	3874
chr5_76339201_76339500	3875
chr18_42147601_42147900	3876
chr8_697801_698100	3877
chr10_114112501_114112800	3878
chr9_136982701_136983000	3879
chr5_170830801_170831100	3880
chr11_134605501_134605800	3881
chr7_57088201_57088500	3882
chr1_237290701_237291000	3883
chr10_18286501_18286800	3884
chr22_40897801_40898100	3885
chr1_91605301_91605600	3886
chr1_149133001_149133300	3887
chr6_32677501_32677800	3888
chr1_237447601_237447900	3889
chr2_106879501_106879800	3890
chr8_8560201_8560500	3891
chr12_9732001_9732300	3892
chr19_35853001_35853300	3893
chr1_177159001_177159300	3894
chr8_138480301_138480600	3895
chr10_27645001_27645300	3896
chr4_70239001_70239300	3897
chr4_9173401_9173700	3898
chr3_137777401_137777700	3899
chr10_102037201_102037500	3900
chr3_93617701_93618000	3901
chr8_6104701_6105000	3902
chr2_192262801_192263100	3903
chr1_200305201_200305500	3904
chr5_9198901_9199200	3905
chr15_59577001_59577300	3906
chr11_47060401_47060700	3907
chr13_71874901_71875200	3908
chr14_60541501_60541800	3909
chr5_176101_176400	3910
chr5_36553501_36553800	3911
chr4_9467401_9467700	3912
chr7_106932301_106932600	3913
chr13_108832501_108832800	3914
chr1_158873101_158873400	3915
chr21_47803501_47803800	3916
chr6_29606701_29607000	3917
chr6_125067901_125068200	3918
chr11_36546601_36546900	3919
chr19_1465501_1465800	3920
chr7_2308201_2308500	3921
chr19_51108301_51108600	3922
chr1_72800401_72800700	3923
chr20_56440801_56441100	3924
chr7_63212101_63212400	3925
chr9_3889801_3890100	3926
chr4_48180001_48180300	3927
chr3_129785101_129785400	3928
chr4_94089301_94089600	3929
chr18_26277901_26278200	3930
chr14_74022301_74022600	3931
chr12_128030101_128030400	3932
chr7_136672801_136673100	3933
chr17_18343801_18344100	3934
chr16_4477801_4478100	3935
chr3_67396201_67396500	3936
chr3_158351701_158352000	3937
chr5_84903301_84903600	3938
chr7_158104801_158105100	3939
chr6_32515801_32516100	3940
chr19_813601_813900	3941
chr2_201548101_201548400	3942
chr1_216185401_216185700	3943
chr3_155503801_155504100	3944
chr4_4137601_4137900	3945
chr4_26216701_26217000	3946
chr9_120167101_120167400	3947
chr9_113368801_113369100	3948
chr3_194831401_194831700	3949
chr10_5891701_5892000	3950
chr12_49836001_49836300	3951
chr4_97949701_97950000	3952
chr14_106536001_106536300	3953
chr11_56586301_56586600	3954
chr7_116924401_116924700	3955
chr10_110296801_110297100	3956
chr9_15442201_15442500	3957
chr1_25159501_25159800	3958
chr8_60817501_60817800	3959
chr3_196326001_196326300	3960
chr1_25159801_25160100	3961
chr8_128328901_128329200	3962
chr6_29795101_29795400	3963
chr6_58741501_58741800	3964
chr21_27987601_27987900	3965
chr10_32416201_32416500	3966
chr3_128372401_128372700	3967
chr19_40680301_40680600	3968
chr3_129780901_129781200	3969
chr13_21562801_21563100	3970
chr22_31988101_31988400	3971
chr4_12615601_12615900	3972
chr6_32523601_32523900	3973
chr13_71077501_71077800	3974
chr8_64627501_64627800	3975
chr6_122837701_122838000	3976
chr6_145137601_145137900	3977
chr22_19714201_19714500	3978
chr6_32618701_32619000	3979
chr20_32817901_32818200	3980
chr4_4136701_4137000	3981
chr2_180942001_180942300	3982
chr12_101670301_101670600	3983
chr4_21183901_21184200	3984
chr8_70158001_70158300	3985
chr7_6710701_6711000	3986
chr9_115849801_115850100	3987
chr5_109891801_109892100	3988
chr8_93811501_93811800	3989
chr4_9479101_9479400	3990
chr19_53631901_53632200	3991
chr11_65218801_65219100	3992
chr2_142275901_142276200	3993
chr8_139481401_139481700	3994
chr11_63530701_63531000	3995
chr17_18358201_18358500	3996
chr3_164528101_164528400	3997
chr10_27644701_27645000	3998
chr19_7020301_7020600	3999
chr13_113750701_113751000	4000
chr5_108027601_108027900	4001
chr2_50460901_50461200	4002
chr19_17434501_17434800	4003
chr20_2735401_2735700	4004
chr4_187891801_187892100	4005
chr14_38245201_38245500	4006
chr2_87267001_87267300	4007
chr6_158661301_158661600	4008
chr2_52752301_52752600	4009
chr3_65509801_65510100	4010
chr9_136980901_136981200	4011
chr1_222661801_222662100	4012
chr3_115999801_116000100	4013
chr15_47425501_47425800	4014
chr17_18372001_18372300	4015
chr8_144996001_144996300	4016
chr21_23121601_23121900	4017
chr5_176827201_176827500	4018
chr4_112815901_112816200	4019
chr10_132046501_132046800	4020
chr15_47425201_47425500	4021
chr4_186462301_186462600	4022
chr1_16154101_16154400	4023
chr3_8933701_8934000	4024
chr12_52215301_52215600	4025
chr1_172266901_172267200	4026
chr11_28865401_28865700	4027
chr1_170660401_170660700	4028
chr20_8110501_8110800	4029
chr5_107962201_107962500	4030
chr3_145804501_145804800	4031
chr10_77093401_77093700	4032
chr9_39908401_39908700	4033
chr9_81726001_81726300	4034
chr2_146484601_146484900	4035
chr3_129058201_129058500	4036
chr17_16806001_16806300	4037
chr7_124518601_124518900	4038
chr13_45313201_45313500	4039
chr7_98778001_98778300	4040
chr3_108401401_108401700	4041
chr18_12980401_12980700	4042
chr4_173967301_173967600	4043
chr6_31304101_31304400	4044
chr19_46279201_46279500	4045
chr12_125157901_125158200	4046
chr1_191700901_191701200	4047
chr4_136518301_136518600	4048
chr4_128610601_128610900	4049
chr1_85361101_85361400	4050
chr15_27038701_27039000	4051
chr1_28180501_28180800	4052
chr4_135128401_135128700	4053
chr18_35305801_35306100	4054
chr16_18337501_18337800	4055
chr11_127052101_127052400	4056
chr4_189957001_189957300	4057
chr1_214782301_214782600	4058
chr3_77174101_77174400	4059
chr7_133919401_133919700	4060
chr2_180941701_180942000	4061
chr19_23109601_23109900	4062
chr11_824401_824700	4063
chr5_2777101_2777400	4064
chr7_76511701_76512000	4065
chr3_129772801_129773100	4066
chr2_138882601_138882900	4067
chr9_80376601_80376900	4068
chr2_133533901_133534200	4069
chr14_106801801_106802100	4070
chr17_18733501_18733800	4071
chr14_42579601_42579900	4072
chr1_146076301_146076600	4073
chr6_28916701_28917000	4074
chr18_25815601_25815900	4075
chr21_19092001_19092300	4076
chr1_110190901_110191200	4077
chr6_145968601_145968900	4078
chr19_49848601_49848900	4079
chr19_299701_300000	4080
chr22_37093201_37093500	4081
chr9_44750101_44750400	4082
chr8_131598901_131599200	4083
chr3_50349001_50349300	4084
chr4_60027901_60028200	4085
chr18_71190301_71190600	4086
chr12_10583401_10583700	4087
chr19_21904501_21904800	4088
chr15_101052001_101052300	4089
chr12_9697501_9697800	4090
chr1_110700901_110701200	4091
chr7_120288301_120288600	4092
chr12_94893901_94894200	4093
chr7_100120501_100120800	4094
chr3_11103301_11103600	4095
chr10_114114001_114114300	4096
chr2_15751801_15752100	4097
chr4_128034301_128034600	4098
chr6_108255901_108256200	4099
chr17_25539301_25539600	4100
chr8_51750901_51751200	4101
chr18_63768301_63768600	4102
chr4_92595001_92595300	4103
chr22_19713901_19714200	4104
chr14_42269101_42269400	4105
chr11_115597801_115598100	4106
chr7_93423001_93423300	4107
chr3_131347201_131347500	4108
chr4_150469201_150469500	4109
chr7_73830901_73831200	4110
chr20_35628901_35629200	4111
chr14_23106301_23106600	4112
chr3_98556001_98556300	4113
chr5_77169001_77169300	4114
chr2_216144601_216144900	4115
chr1_12788101_12788400	4116
chr3_137105701_137106000	4117
chr10_94136101_94136400	4118
chr15_65246701_65247000	4119
chr16_70085701_70086000	4120
chr1_213085201_213085500	4121
chr10_61502401_61502700	4122
chr9_671401_671700	4123
chr22_40933501_40933800	4124
chr22_24378601_24378900	4125
chr8_637801_638100	4126
chr10_32259601_32259900	4127
chr3_136023301_136023600	4128
chr1_106122601_106122900	4129
chr2_153017101_153017400	4130
chr8_145107301_145107600	4131
chr3_28505101_28505400	4132
chr12_27735301_27735600	4133
chr4_31440901_31441200	4134
chr11_82776301_82776600	4135
chr3_56160601_56160900	4136
chr7_879301_879600	4137
chr15_72387901_72388200	4138
chr12_17733901_17734200	4139
chr10_37461001_37461300	4140
chr8_142560901_142561200	4141
chr22_20712301_20712600	4142
chr14_42951601_42951900	4143
chr12_130822201_130822500	4144
chr12_29287801_29288100	4145
chr8_82046101_82046400	4146
chr2_221710501_221710800	4147
chr12_11410501_11410800	4148
chr3_48348601_48348900	4149
chr7_5401201_5401500	4150
chr1_170865301_170865600	4151
chr12_7904701_7905000	4152
chr18_40065601_40065900	4153
chr10_73767601_73767900	4154
chr6_29836801_29837100	4155
chr18_14010601_14010900	4156
chr9_20623801_20624100	4157
chr22_20714101_20714400	4158
chr10_102037501_102037800	4159
chr4_133966201_133966500	4160
chr16_1003501_1003800	4161
chr4_40705201_40705500	4162
chr8_121628101_121628400	4163
chr12_96340201_96340500	4164
chr9_80376901_80377200	4165
chr1_1913101_1913400	4166
chr11_72533101_72533400	4167
chr16_89602501_89602800	4168
chr9_122217901_122218200	4169
chr1_221873101_221873400	4170
chr9_40369801_40370100	4171
chr3_75643501_75643800	4172
chr16_59374801_59375100	4173
chr1_226127401_226127700	4174
chr14_42579901_42580200	4175
chr5_1594501_1594800	4176
chr4_60798901_60799200	4177
chr2_127877101_127877400	4178
chr4_4141201_4141500	4179
chr6_56759401_56759700	4180
chr11_121397401_121397700	4181
chr9_132155101_132155400	4182
chr10_31041001_31041300	4183
chr11_114594001_114594300	4184
chr8_39380101_39380400	4185
chr14_106542901_106543200	4186
chr7_73764901_73765200	4187
chr2_28688701_28689000	4188
chr14_45858901_45859200	4189
chr3_84749401_84749700	4190
chr4_146924401_146924700	4191
chr7_74972701_74973000	4192
chr17_44394301_44394600	4193
chr21_44268901_44269200	4194
chr8_59159101_59159400	4195
chr3_25155601_25155900	4196
chr2_6188701_6189000	4197
chr8_77231401_77231700	4198
chr1_27676201_27676500	4199
chr18_14367001_14367300	4200
chr4_9166501_9166800	4201
chr7_62574901_62575200	4202
chr3_180005401_180005700	4203
chr6_5607301_5607600	4204
chr5_89043901_89044200	4205
chr22_24330601_24330900	4206
chr12_60523801_60524100	4207
chr12_129593701_129594000	4208
chr19_55322401_55322700	4209
chr17_33803401_33803700	4210
chr6_95619001_95619300	4211
chr3_122631901_122632200	4212
chr2_1225501_1225800	4213
chr10_132911101_132911400	4214
chr5_115493701_115494000	4215
chr5_32142601_32142900	4216
chr1_212952901_212953200	4217
chr7_109446001_109446300	4218
chr6_154183201_154183500	4219
chr4_7635301_7635600	4220
chr6_55255801_55256100	4221
chr4_183755401_183755700	4222
chr10_105053401_105053700	4223
chr8_40873201_40873500	4224
chr7_1969801_1970100	4225
chr4_151581001_151581300	4226
chr4_40026001_40026300	4227
chr10_56286301_56286600	4228
chr2_126361201_126361500	4229
chr4_69400801_69401100	4230
chr6_29843401_29843700	4231
chr2_193195201_193195500	4232
chr7_157503601_157503900	4233
chr12_52395301_52395600	4234
chr5_77015701_77016000	4235
chr10_77093101_77093400	4236
chr19_8850001_8850300	4237
chr12_70596001_70596300	4238
chr3_58275901_58276200	4239
chr3_145295701_145296000	4240
chr22_20712001_20712300	4241
chr1_160613101_160613400	4242
chr14_106802101_106802400	4243
chr20_1895401_1895700	4244
chr18_77397901_77398200	4245
chr6_30984601_30984900	4246
chr4_147852901_147853200	4247
chr14_76391401_76391700	4248
chr9_115822801_115823100	4249
chr12_16089601_16089900	4250
chr18_52806601_52806900	4251
chr7_3199201_3199500	4252
chr18_68346301_68346600	4253
chr3_162222901_162223200	4254
chr9_115839901_115840200	4255
chr8_60362401_60362700	4256
chr9_7332601_7332900	4257
chr18_69876301_69876600	4258
chr10_67314601_67314900	4259
chr4_9167101_9167400	4260
chr13_73486201_73486500	4261
chr4_177209401_177209700	4262
chr7_133646101_133646400	4263
chr22_24369001_24369300	4264
chr5_124717201_124717500	4265
chr5_142330201_142330500	4266
chr3_75589801_75590100	4267
chr2_6592501_6592800	4268
chr17_18734101_18734400	4269
chr4_9469201_9469500	4270
chr1_25609801_25610100	4271
chr1_200785801_200786100	4272
chr8_33098401_33098700	4273
chr6_128891401_128891700	4274
chr8_138480001_138480300	4275
chr17_25590001_25590300	4276
chr4_4136401_4136700	4277
chr17_12479401_12479700	4278
chr8_115323601_115323900	4279
chr4_163924501_163924800	4280
chr16_18764101_18764400	4281
chr4_134630101_134630400	4282
chr6_30475201_30475500	4283
chr2_207221101_207221400	4284
chr1_212634901_212635200	4285
chr13_22074301_22074600	4286
chr6_91122301_91122600	4287
chr1_147800401_147800700	4288
chr17_75131401_75131700	4289
chr20_31865101_31865400	4290
chr3_39821401_39821700	4291
chr16_59375101_59375400	4292
chr1_42901501_42901800	4293
chr6_69584701_69585000	4294
chr15_95401501_95401800	4295
chr3_146117401_146117700	4296
chr16_24884101_24884400	4297
chr8_124327801_124328100	4298
chr16_25509301_25509600	4299
chr13_25855501_25855800	4300
chr11_49605001_49605300	4301
chr20_2805301_2805600	4302
chr1_179708701_179709000	4303
chr8_1972201_1972500	4304
chr1_2716801_2717100	4305
chr3_121302901_121303200	4306
chr5_43087801_43088100	4307
chr3_129058501_129058800	4308
chr16_31116301_31116600	4309
chr5_91177501_91177800	4310
chr3_26451301_26451600	4311
chr9_87049801_87050100	4312
chr22_24394201_24394500	4313
chr21_9483601_9483900	4314
chr2_4425901_4426200	4315
chr2_125244901_125245200	4316
chr17_42431701_42432000	4317
chr17_42001_42300	4318
chr16_26560201_26560500	4319
chr9_43595101_43595400	4320
chr18_77531101_77531400	4321
chr3_26786401_26786700	4322
chr16_78141001_78141300	4323
chr2_115265401_115265700	4324
chr4_97949401_97949700	4325
chr22_20709601_20709900	4326
chr17_10633501_10633800	4327
chr7_23676901_23677200	4328
chr16_58430401_58430700	4329
chr21_47802901_47803200	4330
chr6_170484601_170484900	4331
chr6_32606401_32606700	4332
chr10_1368901_1369200	4333
chr2_1219501_1219800	4334
chr16_82528501_82528800	4335
chr12_12027001_12027300	4336
chr3_43427701_43428000	4337
chr9_115822201_115822500	4338
chr2_166011901_166012200	4339
chr13_72595501_72595800	4340
chr11_47059801_47060100	4341
chr16_18335101_18335400	4342
chr1_236549101_236549400	4343
chr14_42143401_42143700	4344
chr7_148075501_148075800	4345
chr3_162610501_162610800	4346
chr16_18444901_18445200	4347
chr12_9615601_9615900	4348
chr13_74530801_74531100	4349
chr3_66702001_66702300	4350
chr14_38643601_38643900	4351
chr3_45403501_45403800	4352
chr1_213325501_213325800	4353
chr11_39443701_39444000	4354
chr19_41471101_41471400	4355
chr17_42431401_42431700	4356
chr7_158218201_158218500	4357
chr19_49947301_49947600	4358
chr16_16751101_16751400	4359
chr2_87363301_87363600	4360
chr7_93536401_93536700	4361
chr3_42317701_42318000	4362
chr22_24287101_24287400	4363
chr2_110903701_110904000	4364
chr18_37665301_37665600	4365
chr1_168966301_168966600	4366
chr19_55993801_55994100	4367
chr7_157525801_157526100	4368
chr16_70085401_70085700	4369
chr15_90411601_90411900	4370
chr4_164229001_164229300	4371
chr1_25604101_25604400	4372
chr10_56359501_56359800	4373
chr17_43506901_43507200	4374
chr2_143831401_143831700	4375
chr11_73647301_73647600	4376
chr5_126905401_126905700	4377
chr8_965701_966000	4378
chr7_5488801_5489100	4379
chr14_103142701_103143000	4380
chr7_55470001_55470300	4381
chr11_56037901_56038200	4382
chr1_203386801_203387100	4383
chr8_8079001_8079300	4384
chr15_75796801_75797100	4385
chr22_36113701_36114000	4386
chr5_43087501_43087800	4387
chr12_130652101_130652400	4388
chr10_99288301_99288600	4389
chr6_31335601_31335900	4390
chr20_61725301_61725600	4391
chr7_34407901_34408200	4392
chr17_28209601_28209900	4393
chr4_43139101_43139400	4394
chr11_57483901_57484200	4395
chr2_213167401_213167700	4396
chr10_10151101_10151400	4397
chr21_47426101_47426400	4398
chr6_5039101_5039400	4399
chr12_96030601_96030900	4400
chr6_103741801_103742100	4401
chr4_137943601_137943900	4402
chr1_25641001_25641300	4403
chr1_248351101_248351400	4404
chr4_146924701_146925000	4405
chr4_9163201_9163500	4406
chr2_162927001_162927300	4407
chr4_180879001_180879300	4408
chr2_85715101_85715400	4409
chr8_40873501_40873800	4410
chr13_112849801_112850100	4411
chr1_21142501_21142800	4412
chr7_9166201_9166500	4413
chr3_32102401_32102700	4414
chr6_157704301_157704600	4415
chr10_87108301_87108600	4416
chr4_2239201_2239500	4417
chr7_51596101_51596400	4418
chr3_81816901_81817200	4419
chr6_31135501_31135800	4420
chr12_114310201_114310500	4421
chr6_32723101_32723400	4422
chr16_88709701_88710000	4423
chr14_23110201_23110500	4424
chr9_23367001_23367300	4425
chr19_17599501_17599800	4426
chr7_62972401_62972700	4427
chr18_19286701_19287000	4428
chr3_7371301_7371600	4429
chr8_114399901_114400200	4430
chr11_32121901_32122200	4431
chr9_16205101_16205400	4432
chr15_40186201_40186500	4433
chr4_4155601_4155900	4434
chr8_34799701_34800000	4435
chr1_175947601_175947900	4436
chr6_45046201_45046500	4437
chr4_9480901_9481200	4438
chr20_15422401_15422700	4439
chr3_129775501_129775800	4440
chr10_49050001_49050300	4441
chr15_90411301_90411600	4442
chr14_77288101_77288400	4443
chr9_95584201_95584500	4444
chr4_5716801_5717100	4445
chr5_36040501_36040800	4446
chr2_132481801_132482100	4447
chr10_54826201_54826500	4448
chr12_8151901_8152200	4449
chr2_164766001_164766300	4450
chr22_43377601_43377900	4451
chr13_103989601_103989900	4452
chr20_33585001_33585300	4453
chr9_44256301_44256600	4454
chr4_43138801_43139100	4455
chr6_67041001_67041300	4456
chr6_32443201_32443500	4457
chr1_109265401_109265700	4458
chr2_52754101_52754400	4459
chr9_43612801_43613100	4460
chr5_73638301_73638600	4461
chr9_44765101_44765400	4462
chr12_12567301_12567600	4463
chr6_22401901_22402200	4464
chr19_39312301_39312600	4465
chr2_8929201_8929500	4466
chr10_134727601_134727900	4467
chr3_150040801_150041100	4468
chr6_31084801_31085100	4469
chr2_150611101_150611400	4470
chr13_59928901_59929200	4471
chr20_15453001_15453300	4472
chr8_144710401_144710700	4473
chr8_85135201_85135500	4474
chr20_13700701_13701000	4475
chr3_68740501_68740800	4476
chr11_65642101_65642400	4477
chr11_400801_401100	4478
chr22_32709901_32710200	4479
chr9_15704401_15704700	4480
chr1_58712701_58713000	4481
chr7_27170101_27170400	4482
chr4_31440301_31440600	4483
chr16_83124601_83124900	4484
chr16_2161201_2161500	4485
chr9_43512901_43513200	4486
chr11_134643001_134643300	4487
chr5_140481901_140482200	4488
chr3_132796801_132797100	4489
chr13_96342901_96343200	4490
chr7_158219101_158219400	4491
chr12_42621901_42622200	4492
chr17_724801_725100	4493
chr17_196501_196800	4494
chr7_87895501_87895800	4495
chr4_9165601_9165900	4496
chr6_32461201_32461500	4497
chr1_182479801_182480100	4498
chr9_30985201_30985500	4499
chr6_32683201_32683500	4500
chr4_28781401_28781700	4501
chr11_95054101_95054400	4502
chr14_74010901_74011200	4503
chr8_103464301_103464600	4504
chr8_40774801_40775100	4505
chr3_142805101_142805400	4506
chr2_111876901_111877200	4507
chr5_114624301_114624600	4508
chr13_25080901_25081200	4509
chr7_103856701_103857000	4510
chr5_44302201_44302500	4511
chr9_20222101_20222400	4512
chr5_180394801_180395100	4513
chr10_43960501_43960800	4514
chr15_74024401_74024700	4515
chr5_2254201_2254500	4516
chr9_40061101_40061400	4517
chr5_131365201_131365500	4518
chr3_39567301_39567600	4519
chr6_151476301_151476600	4520
chr9_96470401_96470700	4521
chr14_31295101_31295400	4522
chr20_51185701_51186000	4523
chr1_21142201_21142500	4524
chr17_35755801_35756100	4525
chr4_117710401_117710700	4526
chr3_174081301_174081600	4527
chr4_69960001_69960300	4528
chr2_34523701_34524000	4529
chr19_17599801_17600100	4530
chr4_56220901_56221200	4531
chr3_164528401_164528700	4532
chr11_40335901_40336200	4533
chr1_169225501_169225800	4534
chr2_31785601_31785900	4535
chr6_32722801_32723100	4536
chr1_35442301_35442600	4537
chr6_32462101_32462400	4538
chr15_48549901_48550200	4539
chr7_51595801_51596100	4540
chr19_13504201_13504500	4541
chr4_4125601_4125900	4542
chr9_123258901_123259200	4543
chr16_32478001_32478300	4544
chr2_48783001_48783300	4545
chr5_40667401_40667700	4546
chr2_132587101_132587400	4547
chr19_13814401_13814700	4548
chr9_9593101_9593400	4549
chr19_58867501_58867800	4550
chr18_57478201_57478500	4551
chr11_121397701_121398000	4552
chr11_47060101_47060400	4553
chr1_30892501_30892800	4554
chr16_8632801_8633100	4555
chr11_28008601_28008900	4556
chr14_105933001_105933300	4557
chr12_132881701_132882000	4558
chr6_77968201_77968500	4559
chr16_76964101_76964400	4560
chr19_19368601_19368900	4561
chr13_19568401_19568700	4562
chr11_5274901_5275200	4563
chr6_125709601_125709900	4564
chr8_109279801_109280100	4565
chr12_92317801_92318100	4566
chr14_23173201_23173500	4567
chr17_14088001_14088300	4568
chr9_106342801_106343100	4569
chr20_54524701_54525000	4570
chr9_115846201_115846500	4571
chr13_112547401_112547700	4572
chr10_34543801_34544100	4573
chr8_144789901_144790200	4574
chr11_95656501_95656800	4575
chr22_45196801_45197100	4576
chr8_52290001_52290300	4577
chr1_912301_912600	4578
chr14_81472801_81473100	4579
chr18_66869101_66869400	4580
chr9_71739901_71740200	4581
chr16_61162801_61163100	4582
chr1_27130201_27130500	4583
chr11_87985501_87985800	4584
chr7_91219801_91220100	4585
chr3_124469101_124469400	4586
chr5_1586401_1586700	4587
chr1_106767301_106767600	4588
chr9_43590901_43591200	4589
chr2_108013801_108014100	4590
chr1_223085701_223086000	4591
chr12_9711901_9712200	4592
chr19_51407701_51408000	4593
chr1_47200201_47200500	4594
chr20_35629201_35629500	4595
chr7_87243601_87243900	4596
chr7_132540001_132540300	4597
chr10_85626001_85626300	4598
chr16_6981601_6981900	4599
chr5_102087601_102087900	4600
chr22_40897201_40897500	4601
chr6_117147601_117147900	4602
chr4_181549801_181550100	4603
chr21_44836801_44837100	4604
chr10_87203401_87203700	4605
chr15_35948701_35949000	4606
chr13_84660601_84660900	4607
chr5_392401_392700	4608
chr10_14868301_14868600	4609
chr2_150627301_150627600	4610
chr11_471601_471900	4611
chr11_120090301_120090600	4612
chr18_40090801_40091100	4613
chr12_50892001_50892300	4614
chr9_43649401_43649700	4615
chr16_599401_599700	4616
chr10_135342901_135343200	4617
chr6_150302401_150302700	4618
chr10_56359201_56359500	4619
chr22_17176201_17176500	4620
chr2_199309801_199310100	4621
chr3_130622401_130622700	4622
chr3_51286801_51287100	4623
chr12_9650401_9650700	4624
chr15_41613301_41613600	4625
chr8_144378901_144379200	4626
chr9_4118101_4118400	4627
chr2_37407901_37408200	4628
chr1_1569001_1569300	4629
chr18_36008101_36008400	4630
chr3_65509501_65509800	4631
chr10_5892001_5892300	4632
chr3_162575101_162575400	4633
chr13_39788101_39788400	4634
chr7_19550101_19550400	4635
chr20_1591201_1591500	4636
chr8_6104401_6104700	4637
chr9_123646501_123646800	4638
chr11_90312901_90313200	4639
chr5_108757501_108757800	4640
chr16_18487201_18487500	4641
chr8_144705001_144705300	4642
chr1_189269401_189269700	4643
chr9_115833601_115833900	4644
chr7_72272701_72273000	4645
chr6_25529701_25530000	4646
chr19_41472001_41472300	4647
chr11_357601_357900	4648
chr13_110436901_110437200	4649
chr11_15893101_15893400	4650
chr3_75573301_75573600	4651
chr8_144702301_144702600	4652
chr1_89783701_89784000	4653
chr10_122978701_122979000	4654
chr1_209646601_209646900	4655
chr2_399901_400200	4656
chr9_44739301_44739600	4657
chr11_55419001_55419300	4658
chr17_44418601_44418900	4659
chr4_149741701_149742000	4660
chr2_49019101_49019400	4661
chr4_9171901_9172200	4662
chr1_4126501_4126800	4663
chr10_89121301_89121600	4664
chr17_3274801_3275100	4665
chr16_31345801_31346100	4666
chr2_168420301_168420600	4667
chr3_11529901_11530200	4668
chr10_121648201_121648500	4669
chr6_69585001_69585300	4670
chr3_179008501_179008800	4671
chr7_125598601_125598900	4672
chr7_8363701_8364000	4673
chr4_107446501_107446800	4674
chr1_210835501_210835800	4675
chr8_16953001_16953300	4676
chr1_46269601_46269900	4677
chr5_135415501_135415800	4678
chr18_7414801_7415100	4679
chr6_76151401_76151700	4680
chr11_1078801_1079100	4681
chr12_126053701_126054000	4682
chr3_162512401_162512700	4683
chr1_1564501_1564800	4684
chr4_4119901_4120200	4685
chr12_131830801_131831100	4686
chr9_7316701_7317000	4687
chr5_31711801_31712100	4688
chr9_115833301_115833600	4689
chr7_51596401_51596700	4690
chr2_488101_488400	4691
chr9_115842601_115842900	4692
chr8_75364201_75364500	4693
chr4_189653401_189653700	4694
chr7_143343301_143343600	4695
chr12_66192301_66192600	4696
chr11_21595201_21595500	4697
chr17_18332701_18333000	4698
chr1_198775201_198775500	4699
chr3_152986501_152986800	4700
chr14_106532101_106532400	4701
chr4_4145701_4146000	4702
chr5_26801401_26801700	4703
chr1_228399601_228399900	4704
chr9_44847901_44848200	4705
chr4_102624301_102624600	4706
chr9_90373801_90374100	4707
chr4_69441601_69441900	4708
chr18_5325001_5325300	4709
chr2_3639901_3640200	4710
chr8_144706201_144706500	4711
chr5_564301_564600	4712
chr12_80938201_80938500	4713
chr3_171463801_171464100	4714
chr7_25058401_25058700	4715
chr17_40032601_40032900	4716
chr3_180473101_180473400	4717
chr7_57484201_57484500	4718
chr14_82019701_82020000	4719
chr5_6774301_6774600	4720
chr2_84810601_84810900	4721
chr6_31005901_31006200	4722
chr7_451201_451500	4723
chr5_132265801_132266100	4724
chr12_88703101_88703400	4725
chr8_62629201_62629500	4726
chr8_145163401_145163700	4727
chr5_145693201_145693500	4728
chr7_63403201_63403500	4729
chr7_23677201_23677500	4730
chr9_9592801_9593100	4731
chr4_132668401_132668700	4732
chr13_47041501_47041800	4733
chr22_49716601_49716900	4734
chr10_87108601_87108900	4735
chr7_153759301_153759600	4736
chr13_49533601_49533900	4737
chr8_72119101_72119400	4738
chr22_20711701_20712000	4739
chr9_115824301_115824600	4740
chr4_19614601_19614900	4741
chr2_43911301_43911600	4742
chr2_50330401_50330700	4743
chr16_16198501_16198800	4744
chr5_132484201_132484500	4745
chr1_146343001_146343300	4746
chr6_31821901_31822200	4747
chr7_96549601_96549900	4748
chr10_18129601_18129900	4749
chr15_34715401_34715700	4750
chr10_134614501_134614800	4751
chr3_28505401_28505700	4752
chr14_74012401_74012700	4753
chr21_19092601_19092900	4754
chr10_36301501_36301800	4755
chr12_108381901_108382200	4756
chr1_113440801_113441100	4757
chr3_130587301_130587600	4758
chr17_44440501_44440800	4759
chr21_15696301_15696600	4760
chr1_159557101_159557400	4761
chr1_26922901_26923200	4762
chr2_29228701_29229000	4763
chr8_129377401_129377700	4764
chr5_140263501_140263800	4765
chr3_131346901_131347200	4766
chr13_78998101_78998400	4767
chr2_54565801_54566100	4768
chr3_48252901_48253200	4769
chr17_44629501_44629800	4770
chr6_9290701_9291000	4771
chr15_101051701_101052000	4772
chr21_30384001_30384300	4773
chr8_36908701_36909000	4774
chr2_159959101_159959400	4775
chr21_44698801_44699100	4776
chr6_12750901_12751200	4777
chr1_207544801_207545100	4778
chr2_1572301_1572600	4779
chr5_166937401_166937700	4780
chr8_3153001_3153300	4781
chr4_134630401_134630700	4782
chr16_10313701_10314000	4783
chr11_85122001_85122300	4784
chr20_56100001_56100300	4785
chr11_49604701_49605000	4786
chr14_94336201_94336500	4787
chr16_2159101_2159400	4788
chr13_110418901_110419200	4789
chr15_49842301_49842600	4790
chr11_87918901_87919200	4791
chr21_17063101_17063400	4792
chr18_26276701_26277000	4793
chr2_163605301_163605600	4794
chr7_126797101_126797400	4795
chr20_36825901_36826200	4796
chr10_127846801_127847100	4797
chr3_126733201_126733500	4798
chr8_87859501_87859800	4799
chr6_32510401_32510700	4800
chr12_29412601_29412900	4801
chr4_27729301_27729600	4802
chr18_14393401_14393700	4803
chr15_45203401_45203700	4804
chr4_178311301_178311600	4805
chr6_150296701_150297000	4806
chr16_60260101_60260400	4807
chr11_131857501_131857800	4808
chr7_134679001_134679300	4809
chr9_44668201_44668500	4810
chr2_50159701_50160000	4811
chr20_1584601_1584900	4812
chr13_95413501_95413800	4813
chr4_99914701_99915000	4814
chr1_192030601_192030900	4815
chr1_246683701_246684000	4816
chr1_67202101_67202400	4817
chr15_76893001_76893300	4818
chr9_38907601_38907900	4819
chr8_97551001_97551300	4820
chr21_20238901_20239200	4821
chr4_151581301_151581600	4822
chr2_107082601_107082900	4823
chr5_65736901_65737200	4824
chr22_50528101_50528400	4825
chr14_100647301_100647600	4826
chr5_148491301_148491600	4827
chr7_52830001_52830300	4828
chr18_14451901_14452200	4829
chr4_95091001_95091300	4830
chr13_59925001_59925300	4831
chr3_105793201_105793500	4832
chr18_57258301_57258600	4833
chr1_63743401_63743700	4834
chr17_25538701_25539000	4835
chr4_63441601_63441900	4836
chr8_87562501_87562800	4837
chr6_133137301_133137600	4838
chr7_70422001_70422300	4839
chr19_40391101_40391400	4840
chr5_135115801_135116100	4841
chr21_26020801_26021100	4842
chr5_24030601_24030900	4843
chr5_6774001_6774300	4844
chr1_21714601_21714900	4845
chr6_29868001_29868300	4846
chr15_76892701_76893000	4847
chr19_57474901_57475200	4848
chr8_116924101_116924400	4849
chr6_140952601_140952900	4850
chr16_7857901_7858200	4851
chr21_16589101_16589400	4852
chr6_31363501_31363800	4853
chr4_84103501_84103800	4854
chr19_32668501_32668800	4855
chr6_133347901_133348200	4856
chr12_45948301_45948600	4857
chr8_142644001_142644300	4858
chr1_63747301_63747600	4859
chr5_83177701_83178000	4860
chr15_98865601_98865900	4861
chr12_42622201_42622500	4862
chr7_72271201_72271500	4863
chr6_32247901_32248200	4864
chr7_117506101_117506400	4865
chr17_15540301_15540600	4866
chr15_95973001_95973300	4867
chr4_4140901_4141200	4868
chr9_140736001_140736300	4869
chr13_56018101_56018400	4870
chr2_87141001_87141300	4871
chr17_549601_549900	4872
chr10_46860301_46860600	4873
chr2_117395401_117395700	4874
chr8_8075401_8075700	4875
chr10_135382501_135382800	4876
chr15_65244001_65244300	4877
chr9_40035001_40035300	4878
chr1_33440101_33440400	4879
chr9_115045201_115045500	4880
chr14_49723801_49724100	4881
chr13_64200901_64201200	4882
chr3_149208601_149208900	4883
chr19_1877401_1877700	4884
chr2_54582601_54582900	4885
chr9_77996701_77997000	4886
chr12_52608301_52608600	4887
chr12_11244901_11245200	4888
chr14_98822401_98822700	4889
chr6_121017301_121017600	4890
chr2_49001701_49002000	4891
chr3_68740801_68741100	4892
chr7_101307601_101307900	4893
chr6_32707801_32708100	4894
chr17_855301_855600	4895
chr19_20712601_20712900	4896
chr5_89891101_89891400	4897
chr6_30755101_30755400	4898
chr22_20715001_20715300	4899
chr17_61878001_61878300	4900
chr1_112836601_112836900	4901
chr7_22810801_22811100	4902
chr17_44573701_44574000	4903
chr14_96393901_96394200	4904
chr5_76280401_76280700	4905
chr3_196497601_196497900	4906
chr3_17996701_17997000	4907
chr19_42418801_42419100	4908
chr1_170124301_170124600	4909
chr12_132880501_132880800	4910
chr3_95652001_95652300	4911
chr13_40382101_40382400	4912
chr3_15071101_15071400	4913
chr5_31704001_31704300	4914
chr20_10392601_10392900	4915
chr9_90553801_90554100	4916
chr5_175732201_175732500	4917
chr11_51354001_51354300	4918
chr20_15748201_15748500	4919
chr19_58983001_58983300	4920
chr6_64584001_64584300	4921
chr4_10998601_10998900	4922
chr5_103340701_103341000	4923
chr16_12803701_12804000	4924
chr1_176431201_176431500	4925
chr7_72274201_72274500	4926
chr16_55808401_55808700	4927
chr6_21797101_21797400	4928
chr3_180475801_180476100	4929
chr6_92745601_92745900	4930
chr21_47604001_47604300	4931
chr2_83818201_83818500	4932
chr7_148978801_148979100	4933
chr1_175014901_175015200	4934
chr12_9717601_9717900	4935
chr2_175067701_175068000	4936
chr16_64955701_64956000	4937
chr9_43503901_43504200	4938
chr19_2773501_2773800	4939
chr6_27350701_27351000	4940
chr11_62090401_62090700	4941
chr14_103143301_103143600	4942
chr14_105945301_105945600	4943
chr5_130044001_130044300	4944
chr2_10471501_10471800	4945
chr17_934801_935100	4946
chr20_30058201_30058500	4947
chr6_22934701_22935000	4948
chr5_140503201_140503500	4949
chr1_213324301_213324600	4950
chr3_167066101_167066400	4951
chr5_75466501_75466800	4952
chr10_120651301_120651600	4953
chr17_42431101_42431400	4954
chr21_46950601_46950900	4955
chr16_33709801_33710100	4956
chr1_234319201_234319500	4957
chr12_5082601_5082900	4958
chr7_56218201_56218500	4959
chr7_25058701_25059000	4960
chr11_41326501_41326800	4961
chr7_88599001_88599300	4962
chr12_133812601_133812900	4963
chr14_51928501_51928800	4964
chr13_107510701_107511000	4965
chr4_34798801_34799100	4966
chr20_49689001_49689300	4967
chr5_26801101_26801400	4968
chr15_27633001_27633300	4969
chr8_39257101_39257400	4970
chr8_108865501_108865800	4971
chr4_4149901_4150200	4972
chr7_70944601_70944900	4973
chr5_118346701_118347000	4974
chr6_32386201_32386500	4975
chr5_81766801_81767100	4976
chr10_125426101_125426400	4977
chr7_158219701_158220000	4978
chr8_51750601_51750900	4979
chr2_198787501_198787800	4980
chr12_111800701_111801000	4981
chr9_24221401_24221700	4982
chr19_2276101_2276400	4983
chr18_12874501_12874800	4984
chr3_129799201_129799500	4985
chr12_111305101_111305400	4986
chr5_121836601_121836900	4987
chr5_127855501_127855800	4988
chr10_61502101_61502400	4989
chr9_100336201_100336500	4990
chr3_145804201_145804500	4991
chr14_33027001_33027300	4992
chr16_857701_858000	4993
chr7_89554201_89554500	4994
chr2_150355201_150355500	4995
chr22_50726101_50726400	4996
chr7_7583701_7584000	4997
chr22_48128101_48128400	4998
chr5_18254701_18255000	4999
chr10_64707901_64708200	5000
chr7_154997701_154998000	5001
chr12_23140801_23141100	5002
chr12_66890401_66890700	5003
chr11_90312601_90312900	5004
chr2_210185701_210186000	5005
chr7_96549301_96549600	5006
chr9_115850701_115851000	5007
chr18_47104201_47104500	5008
chr2_213697201_213697500	5009
chr4_69380701_69381000	5010
chr2_81680701_81681000	5011
chr6_32535001_32535300	5012
chr6_77027401_77027700	5013
chr1_209302501_209302800	5014
chr20_60518401_60518700	5015
chr4_9461101_9461400	5016
chr5_78864301_78864600	5017
chr1_213325201_213325500	5018
chr5_29837101_29837400	5019
chr18_9826501_9826800	5020
chr9_109596301_109596600	5021
chr2_42832801_42833100	5022
chr8_124327201_124327500	5023
chr16_63442801_63443100	5024
chr6_33408601_33408900	5025
chr2_34707001_34707300	5026
chr12_6729601_6729900	5027
chr8_140059201_140059500	5028
chr6_158730001_158730300	5029
chr6_64584301_64584600	5030
chr16_89643001_89643300	5031
chr19_46151401_46151700	5032
chr3_179361301_179361600	5033
chr5_751201_751500	5034
chr8_138308101_138308400	5035
chr7_109635301_109635600	5036
chr14_105995401_105995700	5037
chr19_852901_853200	5038
chr9_43629301_43629600	5039
chr2_223761001_223761300	5040
chr13_106463101_106463400	5041
chr18_53467501_53467800	5042
chr7_1078801_1079100	5043
chr2_231855301_231855600	5044
chr5_1294201_1294500	5045
chr6_32619001_32619300	5046
chr18_29405701_29406000	5047
chr17_206101_206400	5048
chr2_6592801_6593100	5049
chr5_116786401_116786700	5050
chr10_125640601_125640900	5051
chr2_110528701_110529000	5052
chr1_149541601_149541900	5053
chr1_99725401_99725700	5054
chr4_69436801_69437100	5055
chr5_147889801_147890100	5056
chr13_71874601_71874900	5057
chr11_106487701_106488000	5058
chr1_120129901_120130200	5059
chr2_223012201_223012500	5060
chr5_89007901_89008200	5061
chr18_41945701_41946000	5062
chr5_19983001_19983300	5063
chr7_8364001_8364300	5064
chr20_30059101_30059400	5065
chr6_113735401_113735700	5066
chr3_174849601_174849900	5067
chr3_31879201_31879500	5068
chr3_106569001_106569300	5069
chr12_24925501_24925800	5070
chr6_145187701_145188000	5071
chr4_9468301_9468600	5072
chr17_17230501_17230800	5073
chr1_213324901_213325200	5074
chr4_2238901_2239200	5075
chr16_78189001_78189300	5076
chr1_113316301_113316600	5077
chr6_31116601_31116900	5078
chr7_27757201_27757500	5079
chr21_31233901_31234200	5080
chr18_64533901_64534200	5081
chr8_6461401_6461700	5082
chr5_132150001_132150300	5083
chr17_80319001_80319300	5084
chr17_7906801_7907100	5085
chr10_4776001_4776300	5086
chr22_43377901_43378200	5087
chr1_4126201_4126500	5088
chr3_65679001_65679300	5089
chr19_34570201_34570500	5090
chr1_7924801_7925100	5091
chr11_104237401_104237700	5092
chr1_183652801_183653100	5093
chr22_51120001_51120300	5094
chr9_115830601_115830900	5095
chr11_40879201_40879500	5096
chr7_99485701_99486000	5097
chr1_223817401_223817700	5098
chr11_2720701_2721000	5099
chr1_73856101_73856400	5100
chr3_43026301_43026600	5101
chr22_40933201_40933500	5102
chr8_68223601_68223900	5103
chr20_31653001_31653300	5104
chr18_12979801_12980100	5105
chr7_10505101_10505400	5106
chr18_12874201_12874500	5107
chr10_30807001_30807300	5108
chr3_137363101_137363400	5109
chr7_155199901_155200200	5110
chr12_42389101_42389400	5111
chr6_155472901_155473200	5112
chr1_13040701_13041000	5113
chr19_50976601_50976900	5114
chr14_54670501_54670800	5115
chr16_58461001_58461300	5116
chr11_131550601_131550900	5117
chr8_111885601_111885900	5118
chr4_9168301_9168600	5119
chr10_37460701_37461000	5120
chr6_34365901_34366200	5121
chr10_19092601_19092900	5122
chr1_172266601_172266900	5123
chr1_187719301_187719600	5124
chr4_164212801_164213100	5125
chr6_157700401_157700700	5126
chr19_52137001_52137300	5127
chr22_20712601_20712900	5128
chr11_89789101_89789400	5129
chr18_5202301_5202600	5130
chr4_20376001_20376300	5131
chr16_2230801_2231100	5132
chr10_82707001_82707300	5133
chr14_105577801_105578100	5134
chr8_109280101_109280400	5135
chr21_21560701_21561000	5136
chr7_57079201_57079500	5137
chr3_48348901_48349200	5138
chr5_154508701_154509000	5139
chr20_1591501_1591800	5140
chr1_238635301_238635600	5141
chr3_75586201_75586500	5142
chr1_226075501_226075800	5143
chr3_11103001_11103300	5144
chr5_53944801_53945100	5145
chr8_100040701_100041000	5146
chr12_11249101_11249400	5147
chr7_126564601_126564900	5148
chr11_49873801_49874100	5149
chr17_64633801_64634100	5150
chr1_224259001_224259300	5151
chr1_112836301_112836600	5152
chr2_126896701_126897000	5153
chr16_85149301_85149600	5154
chr4_56637901_56638200	5155
chr18_12980101_12980400	5156
chr15_95973301_95973600	5157
chr7_73250701_73251000	5158
chr6_109591201_109591500	5159
chr21_30601501_30601800	5160
chr18_37191301_37191600	5161
chr10_51840901_51841200	5162
chr7_150351001_150351300	5163
chr6_103748101_103748400	5164
chr5_90762301_90762600	5165
chr3_176469601_176469900	5166
chr19_3577801_3578100	5167
chr1_215605201_215605500	5168
chr11_104237101_104237400	5169
chr20_47041201_47041500	5170
chr11_30327301_30327600	5171
chr16_23993701_23994000	5172
chr6_89194201_89194500	5173
chr6_134101801_134102100	5174
chr6_31423201_31423500	5175
chr17_56565001_56565300	5176
chr10_90427501_90427800	5177
chr6_21852001_21852300	5178
chr12_127768201_127768500	5179
chr2_37407601_37407900	5180
chr7_11517901_11518200	5181
chr4_76201201_76201500	5182
chr9_137357401_137357700	5183
chr3_78632101_78632400	5184
chr19_4523701_4524000	5185
chr7_56218501_56218800	5186
chr22_35645101_35645400	5187
chr9_125630101_125630400	5188
chr8_87312901_87313200	5189
chr2_208475401_208475700	5190
chr21_10990801_10991100	5191
chr7_52139401_52139700	5192
chr16_32478301_32478600	5193
chr14_98822701_98823000	5194
chr7_158127301_158127600	5195
chr9_43622101_43622400	5196
chr8_40775101_40775400	5197
chr8_27561601_27561900	5198
chr9_96470701_96471000	5199
chr1_152936401_152936700	5200
chr2_207265501_207265800	5201
chr5_81435601_81435900	5202
chr3_191812501_191812800	5203
chr17_37683001_37683300	5204
chr11_124243801_124244100	5205
chr22_24383401_24383700	5206
chr20_33243001_33243300	5207
chr3_107039101_107039400	5208
chr10_46861501_46861800	5209
chr7_158127001_158127300	5210
chr20_1555801_1556100	5211
chr3_12317701_12318000	5212
chr1_168750901_168751200	5213
chr16_20087101_20087400	5214
chr6_95618701_95619000	5215
chr4_128610901_128611200	5216
chr16_6981901_6982200	5217
chr11_99782701_99783000	5218
chr12_15199201_15199500	5219
chr9_44838601_44838900	5220
chr3_106568701_106569000	5221
chr5_54992101_54992400	5222
chr7_14808901_14809200	5223
chr7_36072901_36073200	5224
chr7_76128001_76128300	5225
chr3_3326401_3326700	5226
chr2_44294401_44294700	5227
chr4_10221301_10221600	5228
chr15_40969201_40969500	5229
chr5_109853701_109854000	5230
chr7_38700301_38700600	5231
chr1_169236001_169236300	5232
chr10_77804401_77804700	5233
chr4_65744701_65745000	5234
chr4_63838501_63838800	5235
chr9_115851601_115851900	5236
chr3_70122601_70122900	5237
chr7_66369001_66369300	5238
chr14_73998301_73998600	5239
chr5_18254401_18254700	5240
chr10_135341401_135341700	5241
chr11_36546301_36546600	5242
chr12_8579701_8580000	5243
chr4_18052501_18052800	5244
chr12_13443901_13444200	5245
chr7_1185901_1186200	5246
chr21_46688701_46689000	5247
chr2_150610801_150611100	5248
chr6_96069901_96070200	5249
chr14_60541201_60541500	5250
chr18_74043901_74044200	5251
chr7_224401_224700	5252
chr2_202147501_202147800	5253
chr6_58741801_58742100	5254
chr2_27762901_27763200	5255
chr5_76785601_76785900	5256
chr13_47037601_47037900	5257
chr21_47803801_47804100	5258
chr1_66910201_66910500	5259
chr10_114113701_114114000	5260
chr9_73897201_73897500	5261
chr21_31233601_31233900	5262
chr11_85822201_85822500	5263
chr7_123781201_123781500	5264
chr1_83891401_83891700	5265
chr10_56246101_56246400	5266
chr3_67494301_67494600	5267
chr10_119969101_119969400	5268
chr15_101096101_101096400	5269
chr20_5442601_5442900	5270
chr10_26163301_26163600	5271
chr3_106397101_106397400	5272
chr6_146763301_146763600	5273
chr1_87773401_87773700	5274
chr11_100430701_100431000	5275
chr3_75571501_75571800	5276
chr18_65770501_65770800	5277
chr6_170484301_170484600	5278
chr7_56855401_56855700	5279
chr1_20932801_20933100	5280
chr10_53152501_53152800	5281
chr22_24347701_24348000	5282
chr17_44661001_44661300	5283
chr17_19247701_19248000	5284
chr15_26902501_26902800	5285
chr14_103243201_103243500	5286
chr3_61420201_61420500	5287
chr11_30839701_30840000	5288
chr15_59481301_59481600	5289
chr3_121883701_121884000	5290
chr2_16027501_16027800	5291
chr2_1089601_1089900	5292
chr19_53690101_53690400	5293
chr15_56811301_56811600	5294
chr12_21814501_21814800	5295
chr21_46521001_46521300	5296
chr2_927301_927600	5297
chr12_131481301_131481600	5298
chr5_6571201_6571500	5299
chr10_115541101_115541400	5300
chr17_47970601_47970900	5301
chr1_84219001_84219300	5302
chr5_54991801_54992100	5303
chr4_23299801_23300100	5304
chr2_147208801_147209100	5305
chr8_73658701_73659000	5306
chr11_88176901_88177200	5307
chr15_55587301_55587600	5308
chr21_23121901_23122200	5309
chr1_152390701_152391000	5310
chr3_34420801_34421100	5311
chr1_175947901_175948200	5312
chr17_17713201_17713500	5313
chr6_32416201_32416500	5314
chr20_18113101_18113400	5315
chr10_54826501_54826800	5316
chr11_65415001_65415300	5317
chr4_116100601_116100900	5318
chr11_62370001_62370300	5319
chr7_4842601_4842900	5320
chr14_74000401_74000700	5321
chr3_176518501_176518800	5322
chr1_149149201_149149500	5323
chr9_89110201_89110500	5324
chr7_134678701_134679000	5325
chr3_124102201_124102500	5326
chr1_89506501_89506800	5327
chr6_16198201_16198500	5328
chr3_129769201_129769500	5329
chr6_167459701_167460000	5330
chr12_133050301_133050600	5331
chr8_132066001_132066300	5332
chr6_32445301_32445600	5333
chr22_31987801_31988100	5334
chr6_122547901_122548200	5335
chr3_51286501_51286800	5336
chr9_40060201_40060500	5337
chr22_26148901_26149200	5338
chr3_75643201_75643500	5339
chr6_31347001_31347300	5340
chr13_42457201_42457500	5341
chr3_134708101_134708400	5342
chr17_18399901_18400200	5343
chr5_89007601_89007900	5344
chr14_49671901_49672200	5345
chr3_166554301_166554600	5346
chr8_39244201_39244500	5347
chr3_4652401_4652700	5348
chr1_106767601_106767900	5349
chr12_88413301_88413600	5350
chr19_30316801_30317100	5351
chr22_22472401_22472700	5352
chr8_112296601_112296900	5353
chr4_10146901_10147200	5354
chr7_63217201_63217500	5355
chr13_88643701_88644000	5356
chr14_74017201_74017500	5357
chr21_9541201_9541500	5358
chr15_56811001_56811300	5359
chr16_50448001_50448300	5360
chr7_79128301_79128600	5361
chr12_132130801_132131100	5362
chr12_131130601_131130900	5363
chr20_51413101_51413400	5364
chr2_67939201_67939500	5365
chr3_187797001_187797300	5366
chr8_98863801_98864100	5367
chr10_135382801_135383100	5368
chr6_168717301_168717600	5369
chr3_27621601_27621900	5370
chr3_186582301_186582600	5371
chr7_9708301_9708600	5372
chr1_98978101_98978400	5373
chr2_146484301_146484600	5374
chr11_62046301_62046600	5375
chr3_136023001_136023300	5376
chr8_102490501_102490800	5377
chr10_99035701_99036000	5378
chr6_157468201_157468500	5379
chr13_103065601_103065900	5380
chr9_43596601_43596900	5381
chr19_14388601_14388900	5382
chr6_29857501_29857800	5383
chr14_22097701_22098000	5384
chr8_596101_596400	5385
chr11_81640801_81641100	5386
chr14_103143001_103143300	5387
chr14_25380601_25380900	5388
chr5_12573901_12574200	5389
chr1_65479801_65480100	5390
chr8_62665201_62665500	5391
chr1_226075201_226075500	5392
chr15_35949001_35949300	5393
chr1_13364101_13364400	5394
chr22_24365401_24365700	5395
chr15_100419601_100419900	5396
chr8_144714301_144714600	5397
chr6_100707001_100707300	5398
chr2_213167701_213168000	5399
chr8_36791101_36791400	5400
chr4_9457201_9457500	5401
chr10_57223501_57223800	5402
chr7_145126801_145127100	5403
chr14_71721001_71721300	5404
chr15_45606301_45606600	5405
chr3_20323501_20323800	5406
chr16_81381001_81381300	5407
chr22_19967401_19967700	5408
chr12_57183301_57183600	5409
chr5_77169301_77169600	5410
chr3_16656301_16656600	5411
chr21_15134701_15135000	5412
chr1_169530901_169531200	5413
chr2_166174201_166174500	5414
chr4_34798501_34798800	5415
chr1_211812001_211812300	5416
chr6_29841001_29841300	5417
chr10_77804701_77805000	5418
chr15_81397501_81397800	5419
chr6_154083301_154083600	5420
chr4_185021401_185021700	5421
chr18_57478501_57478800	5422
chr2_235556701_235557000	5423
chr22_24363001_24363300	5424
chr12_57901201_57901500	5425
chr19_12698701_12699000	5426
chr2_116256001_116256300	5427
chr6_132922201_132922500	5428
chr6_32340001_32340300	5429
chr16_236401_236700	5430
chr4_96612901_96613200	5431
chr5_92148001_92148300	5432
chr7_158133301_158133600	5433
chr17_59722201_59722500	5434
chr6_43549501_43549800	5435
chr10_61133701_61134000	5436
chr8_114561301_114561600	5437
chr20_10392301_10392600	5438
chr8_77215801_77216100	5439
chr9_128542201_128542500	5440
chr16_88767301_88767600	5441
chr22_50061601_50061900	5442
chr6_31359001_31359300	5443
chr2_225292801_225293100	5444
chr16_85441201_85441500	5445
chr2_168896101_168896400	5446
chr7_76645501_76645800	5447
chr1_86563801_86564100	5448
chr18_77642701_77643000	5449
chr3_143081101_143081400	5450
chr14_71415901_71416200	5451
chr4_177388201_177388500	5452
chr7_7014601_7014900	5453
chr5_180377101_180377400	5454
chr6_29886301_29886600	5455
chr10_38645101_38645400	5456
chr18_10514101_10514400	5457
chr7_158574901_158575200	5458
chr10_106005001_106005300	5459
chr1_72862201_72862500	5460
chr6_154183501_154183800	5461
chr6_165724801_165725100	5462
chr1_161575801_161576100	5463
chr5_158009701_158010000	5464
chr9_43683001_43683300	5465
chr2_45531001_45531300	5466
chr4_14641201_14641500	5467
chr9_17308801_17309100	5468
chr12_80938501_80938800	5469
chr4_9164401_9164700	5470
chr22_22237801_22238100	5471
chr4_109922401_109922700	5472
chr14_21558901_21559200	5473
chr6_7246801_7247100	5474
chr1_106047001_106047300	5475
chr11_105266401_105266700	5476
chr4_4154101_4154400	5477
chr9_115827001_115827300	5478
chr9_31834801_31835100	5479
chr9_115844101_115844400	5480
chr13_25720801_25721100	5481
chr8_144358501_144358800	5482
chr4_69381601_69381900	5483
chr12_81456601_81456900	5484
chr7_93536101_93536400	5485
chr8_95378101_95378400	5486
chr2_40291801_40292100	5487
chr10_28648501_28648800	5488
chr8_137806201_137806500	5489
chr2_17005501_17005800	5490
chr8_128328601_128328900	5491
chr1_169160401_169160700	5492
chr4_62597701_62598000	5493
chr7_152245201_152245500	5494
chr1_113182801_113183100	5495
chr14_20735101_20735400	5496
chr17_72999601_72999900	5497
chr2_3335701_3336000	5498
chr19_4054801_4055100	5499
chr19_44993701_44994000	5500
chr7_111249901_111250200	5501
chr8_117691501_117691800	5502
chr1_184937101_184937400	5503
chr4_48183601_48183900	5504
chr8_145731001_145731300	5505
chr4_14618401_14618700	5506
chr4_48180301_48180600	5507
chr12_8577001_8577300	5508
chr4_42297601_42297900	5509
chr12_100688101_100688400	5510
chr20_17372701_17373000	5511
chr1_113316001_113316300	5512
chr12_132968701_132969000	5513
chr8_145497001_145497300	5514
chr8_97505401_97505700	5515
chr15_95977801_95978100	5516
chr14_86077501_86077800	5517
chr3_190829401_190829700	5518
chr8_117692101_117692400	5519
chr7_76595401_76595700	5520
chr5_165019201_165019500	5521
chr2_65565001_65565300	5522
chr7_150240901_150241200	5523
chr1_98668501_98668800	5524
chr3_15227101_15227400	5525
chr4_3612301_3612600	5526
chr10_114109501_114109800	5527
chr7_155160001_155160300	5528
chr13_59276401_59276700	5529
chr3_172584601_172584900	5530
chr14_66174601_66174900	5531
chr17_42254101_42254400	5532
chr7_45373801_45374100	5533
chr7_130275601_130275900	5534
chr16_58121701_58122000	5535
chr11_66663001_66663300	5536
chr10_90427201_90427500	5537
chr8_61460401_61460700	5538
chr9_20973301_20973600	5539
chr5_66577801_66578100	5540
chr10_84850201_84850500	5541
chr11_72213301_72213600	5542
chr4_10998901_10999200	5543
chr12_4510501_4510800	5544
chr6_29763301_29763600	5545
chr2_54172501_54172800	5546
chr6_32562901_32563200	5547
chr4_9463801_9464100	5548
chr17_43473901_43474200	5549
chr10_6252601_6252900	5550
chr12_128549401_128549700	5551
chr19_39008701_39009000	5552
chr14_20608201_20608500	5553
chr17_75068101_75068400	5554
chr17_18367201_18367500	5555
chr5_147864301_147864600	5556
chr3_183193501_183193800	5557
chr5_564001_564300	5558
chr11_131857801_131858100	5559
chr22_24276601_24276900	5560
chr6_32628901_32629200	5561
chr6_29768101_29768400	5562
chr8_61461001_61461300	5563
chr6_31011001_31011300	5564
chr6_32517901_32518200	5565
chr20_22296601_22296900	5566
chr18_12777001_12777300	5567
chr9_115838701_115839000	5568
chr6_134102101_134102400	5569
chr9_43510501_43510800	5570
chr5_172640401_172640700	5571
chr5_146622901_146623200	5572
chr1_187603801_187604100	5573
chr18_76752901_76753200	5574
chr6_14723701_14724000	5575
chr11_95009701_95010000	5576
chr6_31191601_31191900	5577
chr6_113742901_113743200	5578
chr19_39477001_39477300	5579
chr1_27411601_27411900	5580
chr22_46457701_46458000	5581
chr2_52784401_52784700	5582
chr2_233770801_233771100	5583
chr22_24328201_24328500	5584
chr8_144712201_144712500	5585
chr13_113666401_113666700	5586
chr8_90473401_90473700	5587
chr8_144705901_144706200	5588
chr5_40452601_40452900	5589
chr8_2891401_2891700	5590
chr4_182023501_182023800	5591
chr18_10513801_10514100	5592
chr7_1186201_1186500	5593
chr2_226002601_226002900	5594
chr7_37563001_37563300	5595
chr12_104135401_104135700	5596
chr8_49427401_49427700	5597
chr6_32563801_32564100	5598
chr18_52322401_52322700	5599
chr4_174269401_174269700	5600
chr9_71711101_71711400	5601
chr8_58312501_58312800	5602
chr2_72739501_72739800	5603
chr11_66711601_66711900	5604
chr22_50616301_50616600	5605
chr7_63169501_63169800	5606
chr9_115824601_115824900	5607
chr1_249141901_249142200	5608
chr4_10213501_10213800	5609
chr4_138754801_138755100	5610
chr2_30879601_30879900	5611
chr1_216249601_216249900	5612
chr8_33515701_33516000	5613
chr15_90191701_90192000	5614
chr15_80024101_80024400	5615
chr4_18513601_18513900	5616
chr10_91809601_91809900	5617
chr10_99010801_99011100	5618
chr9_123257101_123257400	5619
chr8_97505701_97506000	5620
chr2_132440401_132440700	5621
chr19_43725301_43725600	5622
chr19_43827301_43827600	5623
chr5_167766601_167766900	5624
chr1_149541301_149541600	5625
chr7_103466101_103466400	5626
chr8_595801_596100	5627
chr7_813901_814200	5628
chr9_24221101_24221400	5629
chr16_32321701_32322000	5630
chr14_45067201_45067500	5631
chr1_25628101_25628400	5632
chr1_156527101_156527400	5633
chr14_73199401_73199700	5634
chr6_126815401_126815700	5635
chr9_43657201_43657500	5636
chr19_53422201_53422500	5637
chr10_100359301_100359600	5638
chr3_187315201_187315500	5639
chr4_5057401_5057700	5640
chr11_73372201_73372500	5641
chr19_407401_407700	5642
chr3_152903401_152903700	5643
chr9_125629501_125629800	5644
chr12_24925201_24925500	5645
chr6_31422301_31422600	5646
chr9_123256801_123257100	5647
chr2_1325701_1326000	5648
chr11_81372901_81373200	5649
chr16_28460101_28460400	5650
chr1_229817701_229818000	5651
chr9_115851301_115851600	5652
chr7_67020901_67021200	5653
chr9_110034301_110034600	5654
chr3_108401101_108401400	5655
chr20_3446101_3446400	5656
chr6_32500201_32500500	5657
chr17_81125401_81125700	5658
chr7_1969501_1969800	5659
chr6_21851701_21852000	5660
chr17_549301_549600	5661
chr4_164137201_164137500	5662
chr15_98352001_98352300	5663
chr3_84003601_84003900	5664
chr17_81082201_81082500	5665
chr19_34623601_34623900	5666
chr10_66537301_66537600	5667
chr19_24060901_24061200	5668
chr13_108274201_108274500	5669
chr6_32409001_32409300	5670
chr6_158660401_158660700	5671
chr16_82164301_82164600	5672
chr2_70662001_70662300	5673
chr19_40375201_40375500	5674
chr3_67494601_67494900	5675
chr8_82694401_82694700	5676
chr1_119834401_119834700	5677
chr1_121174201_121174500	5678
chr9_75455401_75455700	5679
chr1_114808501_114808800	5680
chr10_67314901_67315200	5681
chr17_69021601_69021900	5682
chr16_76542601_76542900	5683
chr19_9390301_9390600	5684
chr11_125731801_125732100	5685
chr2_55878001_55878300	5686
chr4_109722001_109722300	5687
chr11_19273201_19273500	5688
chr6_31136101_31136400	5689
chr8_2075701_2076000	5690
chr5_132977701_132978000	5691
chr19_20712901_20713200	5692
chr13_95982001_95982300	5693
chr1_201434401_201434700	5694
chr10_94735201_94735500	5695
chr2_126304501_126304800	5696
chr7_66251101_66251400	5697
chr10_55193101_55193400	5698
chr1_99189301_99189600	5699
chr7_76149901_76150200	5700
chr3_32103901_32104200	5701
chr21_9540001_9540300	5702
chr15_34702801_34703100	5703
chr19_5702101_5702400	5704
chr1_184936801_184937100	5705
chr22_17324101_17324400	5706
chr19_47152201_47152500	5707
chr8_50400901_50401200	5708
chr19_55327801_55328100	5709
chr14_42525901_42526200	5710
chr2_115265701_115266000	5711
chr6_116394601_116394900	5712
chr10_110297101_110297400	5713
chr2_215933101_215933400	5714
chr11_134628601_134628900	5715
chr20_15712201_15712500	5716
chr17_18423001_18423300	5717
chr17_31079401_31079700	5718
chr1_195370201_195370500	5719
chr4_4117201_4117500	5720
chr4_69467101_69467400	5721
chr6_29900101_29900400	5722
chr3_124936501_124936800	5723
chr15_22379701_22380000	5724
chr15_98647501_98647800	5725
chr10_92124601_92124900	5726
chr9_44270101_44270400	5727
chr9_80376301_80376600	5728
chr16_79855801_79856100	5729
chr11_95009401_95009700	5730
chr2_234933001_234933300	5731
chr15_51104101_51104400	5732
chr9_119904901_119905200	5733
chr2_434701_435000	5734
chr2_111026101_111026400	5735
chr8_126774601_126774900	5736
chr1_38806801_38807100	5737
chr7_215701_216000	5738
chr2_205174501_205174800	5739
chr10_135259801_135260100	5740
chr10_20058601_20058900	5741
chr1_212952601_212952900	5742
chr6_104029801_104030100	5743
chr9_87141901_87142200	5744
chr10_130360801_130361100	5745
chr6_135203701_135204000	5746
chr8_1701301_1701600	5747
chr3_165761401_165761700	5748
chr12_53616001_53616300	5749
chr9_15406801_15407100	5750
chr20_48311101_48311400	5751
chr15_60659701_60660000	5752
chr17_81082501_81082800	5753
chr16_31243801_31244100	5754
chr20_37425901_37426200	5755
chr2_194007601_194007900	5756
chr15_78046201_78046500	5757
chr17_2573101_2573400	5758
chr17_78576001_78576300	5759
chr2_81681001_81681300	5760
chr7_157980901_157981200	5761
chr20_51767101_51767400	5762
chr2_46904701_46905000	5763
chr2_170020501_170020800	5764
chr1_146550901_146551200	5765
chr5_25625101_25625400	5766
chr15_29034601_29034900	5767
chr6_121319701_121320000	5768
chr7_33258901_33259200	5769
chr6_118068001_118068300	5770
chr9_26459701_26460000	5771
chr13_60907201_60907500	5772
chr1_101330101_101330400	5773
chr14_105609301_105609600	5774
chr14_97988101_97988400	5775
chr10_61188001_61188300	5776
chr4_84106801_84107100	5777
chr1_247850401_247850700	5778
chr4_53482201_53482500	5779
chr1_221459101_221459400	5780
chr6_31135801_31136100	5781
chr3_132189901_132190200	5782
chr10_127834501_127834800	5783
chr16_24228301_24228600	5784
chr11_120544801_120545100	5785
chr3_45609901_45610200	5786
chr19_50976301_50976600	5787
chr1_52647601_52647900	5788
chr16_89258101_89258400	5789
chr8_131859301_131859600	5790
chr12_16342801_16343100	5791
chr6_103856401_103856700	5792
chr17_27777001_27777300	5793
chr18_42354001_42354300	5794
chr5_73090201_73090500	5795
chr9_138749101_138749400	5796
chr2_212590501_212590800	5797
chr11_8920801_8921100	5798
chr9_76678201_76678500	5799
chr13_99894601_99894900	5800
chr6_143359801_143360100	5801
chr19_9353401_9353700	5802
chr6_2944801_2945100	5803
chr8_65043901_65044200	5804
chr4_164139301_164139600	5805
chr7_148062901_148063200	5806
chr3_62110201_62110500	5807
chr4_69400501_69400800	5808
chr9_73386301_73386600	5809
chr6_62294701_62295000	5810
chr20_33480901_33481200	5811
chr7_15393901_15394200	5812
chr3_47493001_47493300	5813
chr22_51120301_51120600	5814
chr5_147864601_147864900	5815
chr17_81083101_81083400	5816
chr16_25300201_25300500	5817
chr12_19361401_19361700	5818
chr6_30984901_30985200	5819
chr10_56286601_56286900	5820
chr9_113029201_113029500	5821
chr11_33084001_33084300	5822
chr6_8997901_8998200	5823
chr15_53253001_53253300	5824
chr16_79855501_79855800	5825
chr13_85102501_85102800	5826
chr9_124292101_124292400	5827
chr16_73808401_73808700	5828
chr4_120334801_120335100	5829
chr10_25843801_25844100	5830
chr6_90641401_90641700	5831
chr1_176431501_176431800	5832
chr4_166003201_166003500	5833
chr9_85465201_85465500	5834
chr19_3577201_3577500	5835
chr4_37152301_37152600	5836
chr8_104183401_104183700	5837
chr16_90148801_90149100	5838
chr15_46986301_46986600	5839
chr11_28008301_28008600	5840
chr12_131481001_131481300	5841
chr4_164551801_164552100	5842
chr16_2228101_2228400	5843
chr7_131704501_131704800	5844
chr21_47552101_47552400	5845
chr8_133256401_133256700	5846
chr1_63939301_63939600	5847
chr18_69515401_69515700	5848
chr19_3649501_3649800	5849
chr6_31194601_31194900	5850
chr18_12067201_12067500	5851
chr8_58608901_58609200	5852
chr8_1836901_1837200	5853
chr5_17062201_17062500	5854
chr6_70271401_70271700	5855
chr16_86136001_86136300	5856
chr11_86583001_86583300	5857
chr15_72386401_72386700	5858
chr7_102801001_102801300	5859
chr1_187717801_187718100	5860
chr12_78844201_78844500	5861
chr9_115850101_115850400	5862
chr16_9528601_9528900	5863
chr5_140516701_140517000	5864
chr2_233251801_233252100	5865
chr1_25640701_25641000	5866
chr12_28989001_28989300	5867
chr16_8826601_8826900	5868
chr1_212062801_212063100	5869
chr4_5718601_5718900	5870
chr20_4013701_4014000	5871
chr8_56400901_56401200	5872
chr5_117877801_117878100	5873
chr12_96010501_96010800	5874
chr6_77562601_77562900	5875
chr11_47058001_47058300	5876
chr3_166554001_166554300	5877
chr18_74767201_74767500	5878
chr10_82129501_82129800	5879
chr2_57058801_57059100	5880
chr6_30842701_30843000	5881
chr19_39312001_39312300	5882
chr10_13257901_13258200	5883
chr4_9196801_9197100	5884
chr12_73884001_73884300	5885
chr10_118152901_118153200	5886
chr1_247694101_247694400	5887
chr8_84795901_84796200	5888
chr19_1011601_1011900	5889
chr5_75309901_75310200	5890
chr7_141491401_141491700	5891
chr5_155273101_155273400	5892
chr19_56103901_56104200	5893
chr1_212472301_212472600	5894
chr1_218188201_218188500	5895
chr2_83817901_83818200	5896
chr16_75563401_75563700	5897
chr6_8997601_8997900	5898
chr15_86747401_86747700	5899
chr11_69548401_69548700	5900
chr7_115434001_115434300	5901
chr3_19399501_19399800	5902
chr5_132161401_132161700	5903
chr3_135225601_135225900	5904
chr17_18451501_18451800	5905
chr6_103856101_103856400	5906
chr2_84746701_84747000	5907
chr6_29660101_29660400	5908
chr20_1567201_1567500	5909
chr5_122766301_122766600	5910
chr12_85335001_85335300	5911
chr12_129572401_129572700	5912
chr3_928801_929100	5913
chr9_44779501_44779800	5914
chr18_14998201_14998500	5915
chr2_166267201_166267500	5916
chr17_18358501_18358800	5917
chr4_37337101_37337400	5918
chr22_19572301_19572600	5919
chr1_24296701_24297000	5920
chr6_156512401_156512700	5921
chr5_167285401_167285700	5922
chr2_134544001_134544300	5923
chr9_140175301_140175600	5924
chr6_29920201_29920500	5925
chr7_91219501_91219800	5926
chr14_100758601_100758900	5927
chr3_151297501_151297800	5928
chr16_597301_597600	5929
chr13_42457501_42457800	5930
chr6_31110901_31111200	5931
chr8_125273401_125273700	5932
chr1_8561401_8561700	5933
chr2_23201401_23201700	5934
chr3_58308901_58309200	5935
chr6_170064901_170065200	5936
chr7_648601_648900	5937
chr4_10224301_10224600	5938
chr4_148413001_148413300	5939
chr7_101944201_101944500	5940
chr22_26690701_26691000	5941
chr10_54609901_54610200	5942
chr11_2004001_2004300	5943
chr8_16168201_16168500	5944
chr10_82706701_82707000	5945
chr7_158799001_158799300	5946
chr10_134727901_134728200	5947
chr4_28119001_28119300	5948
chr6_32453401_32453700	5949
chr3_83533801_83534100	5950
chr7_70502701_70503000	5951
chr3_78443701_78444000	5952
chr3_162574801_162575100	5953
chr3_196700701_196701000	5954
chr3_151875001_151875300	5955
chr16_62883901_62884200	5956
chr3_125489101_125489400	5957
chr16_80706301_80706600	5958
chr8_53246101_53246400	5959
chr20_37918201_37918500	5960
chr10_134932201_134932500	5961
chr6_151518601_151518900	5962
chr8_129645901_129646200	5963
chr11_19562101_19562400	5964
chr14_105578101_105578400	5965
chr7_145994401_145994700	5966
chr15_101096701_101097000	5967
chr5_7032001_7032300	5968
chr22_22469401_22469700	5969
chr14_42143101_42143400	5970
chr11_10477501_10477800	5971
chr1_211633801_211634100	5972
chr7_27924901_27925200	5973
chr4_56638201_56638500	5974
chr5_79597201_79597500	5975
chr21_47604601_47604900	5976
chr11_40988401_40988700	5977
chr3_38004601_38004900	5978
chr4_186441901_186442200	5979
chr15_43339501_43339800	5980
chr21_34693801_34694100	5981
chr1_213985201_213985500	5982
chr13_78267601_78267900	5983
chr21_9437401_9437700	5984
chr6_32543101_32543400	5985
chr2_132218101_132218400	5986
chr15_78556501_78556800	5987
chr11_121144201_121144500	5988
chr6_70271701_70272000	5989
chr10_99036301_99036600	5990
chr6_87685801_87686100	5991
chr3_16656001_16656300	5992
chr6_165730801_165731100	5993
chr7_73830601_73830900	5994
chr9_79776001_79776300	5995
chr1_206277001_206277300	5996
chr14_25764601_25764900	5997
chr7_113834101_113834400	5998
chr15_26714101_26714400	5999
chr7_20131801_20132100	6000
chr1_17628001_17628300	6001
chr8_128327701_128328000	6002
chr11_49571401_49571700	6003
chr15_101626501_101626800	6004
chr21_47388901_47389200	6005
chr2_52769401_52769700	6006
chr10_112838401_112838700	6007
chr4_164502301_164502600	6008
chr1_30864001_30864300	6009
chr10_131891401_131891700	6010
chr12_64158901_64159200	6011
chr8_16565701_16566000	6012
chr4_144748201_144748500	6013
chr3_129779401_129779700	6014
chr19_57266401_57266700	6015
chr18_74767501_74767800	6016
chr13_45955801_45956100	6017
chr4_91290301_91290600	6018
chr15_64015801_64016100	6019
chr3_72379501_72379800	6020
chr7_1078501_1078800	6021
chr4_94564801_94565100	6022
chr14_30090601_30090900	6023
chr10_9257101_9257400	6024
chr4_40196701_40197000	6025
chr9_21807901_21808200	6026
chr3_68836501_68836800	6027
chr12_11262301_11262600	6028
chr3_183193801_183194100	6029
chr4_135257701_135258000	6030
chr4_59355301_59355600	6031
chr7_148075801_148076100	6032
chr6_22935001_22935300	6033
chr7_50031301_50031600	6034
chr4_6651601_6651900	6035
chr1_32008501_32008800	6036
chr1_1132801_1133100	6037
chr3_130587001_130587300	6038
chr17_32135401_32135700	6039
chr6_104603701_104604000	6040
chr2_198905101_198905400	6041
chr3_193743001_193743300	6042
chr12_10641001_10641300	6043
chr19_52137301_52137600	6044
chr9_6093001_6093300	6045
chr16_28709401_28709700	6046
chr14_105614401_105614700	6047
chr2_126446701_126447000	6048
chr1_57754201_57754500	6049
chr21_47802601_47802900	6050
chr15_62982301_62982600	6051
chr22_22542001_22542300	6052
chr6_78396001_78396300	6053
chr14_36446701_36447000	6054
chr11_126733201_126733500	6055
chr7_158537701_158538000	6056
chr1_195370501_195370800	6057
chr10_63341401_63341700	6058
chr1_187633801_187634100	6059
chr12_132133201_132133500	6060
chr7_140189101_140189400	6061
chr1_97227901_97228200	6062
chr2_33992401_33992700	6063
chr8_144712501_144712800	6064
chr15_71011201_71011500	6065
chr19_1254001_1254300	6066
chr3_129767701_129768000	6067
chr6_30360601_30360900	6068
chr8_71888401_71888700	6069
chr8_30976501_30976800	6070
chr16_34208401_34208700	6071
chr7_128216701_128217000	6072
chr1_42306601_42306900	6073
chr12_11262601_11262900	6074
chr7_18099601_18099900	6075
chr5_91591801_91592100	6076
chr1_106016101_106016400	6077
chr4_62156101_62156400	6078
chr16_88567501_88567800	6079
chr2_113993401_113993700	6080
chr17_46810801_46811100	6081
chr7_69641701_69642000	6082
chr4_171012301_171012600	6083
chr5_162648901_162649200	6084
chr6_167733901_167734200	6085
chr1_169531201_169531500	6086
chr12_12294001_12294300	6087
chr8_11895901_11896200	6088
chr16_10575301_10575600	6089
chr4_130067101_130067400	6090
chr12_43965001_43965300	6091
chr9_117539401_117539700	6092
chr4_89681101_89681400	6093
chr2_148993801_148994100	6094
chr2_131267401_131267700	6095
chr6_31014301_31014600	6096
chr10_123009301_123009600	6097
chr2_53222701_53223000	6098
chr9_76677901_76678200	6099
chr5_79121701_79122000	6100
chr9_38377501_38377800	6101
chr5_96420901_96421200	6102
chr1_201570301_201570600	6103
chr11_132487201_132487500	6104
chr2_199309501_199309800	6105
chr3_107039401_107039700	6106
chr11_82750801_82751100	6107
chr9_37608301_37608600	6108
chr14_24476401_24476700	6109
chr7_158220301_158220600	6110
chr5_116262901_116263200	6111
chr3_157946401_157946700	6112
chr10_116752801_116753100	6113
chr1_32052601_32052900	6114
chr8_16953301_16953600	6115
chr6_38841601_38841900	6116
chr1_146157601_146157900	6117
chr10_28212901_28213200	6118
chr8_8078701_8079000	6119
chr10_100478701_100479000	6120
chr4_738901_739200	6121
chr3_84003901_84004200	6122
chr19_1148701_1149000	6123
chr8_119157001_119157300	6124
chr8_114561601_114561900	6125
chr7_28600501_28600800	6126
chr3_162512101_162512400	6127
chr4_9170401_9170700	6128
chr15_87246601_87246900	6129
chr9_68235601_68235900	6130
chr3_84219901_84220200	6131
chr7_140956501_140956800	6132
chr19_5160301_5160600	6133
chr3_136283701_136284000	6134
chr4_54104101_54104400	6135
chr12_132132301_132132600	6136
chr12_15813001_15813300	6137
chr1_187634101_187634400	6138
chr7_5413801_5414100	6139
chr6_157701901_157702200	6140
chr4_98127601_98127900	6141
chr7_158766601_158766900	6142
chr16_78141301_78141600	6143
chr22_19713601_19713900	6144
chr17_74706601_74706900	6145
chr4_109305301_109305600	6146
chr2_54566701_54567000	6147
chr2_95957401_95957700	6148
chr9_110540101_110540400	6149
chr19_13875001_13875300	6150
chr21_41030401_41030700	6151
chr4_147853201_147853500	6152
chr8_28739101_28739400	6153
chr3_102317401_102317700	6154
chr3_75588301_75588600	6155
chr10_88640101_88640400	6156
chr1_158452201_158452500	6157
chr3_147724801_147725100	6158
chr5_140559301_140559600	6159
chr14_75663301_75663600	6160
chr17_32719201_32719500	6161
chr4_18513901_18514200	6162
chr19_51107701_51108000	6163
chr6_19240201_19240500	6164
chr12_78843901_78844200	6165
chr4_172989301_172989600	6166
chr5_169612801_169613100	6167
chr7_24678301_24678600	6168
chr6_32534701_32535000	6169
chr21_36527101_36527400	6170
chr15_23102701_23103000	6171
chr3_136284001_136284300	6172
chr12_111388501_111388800	6173
chr2_225910801_225911100	6174
chr1_12787801_12788100	6175
chr22_43101901_43102200	6176
chr10_18627301_18627600	6177
chr7_153759601_153759900	6178
chr5_77048701_77049000	6179
chr2_241580701_241581000	6180
chr4_123300601_123300900	6181
chr10_57511801_57512100	6182
chr18_40188301_40188600	6183
chr2_86772301_86772600	6184
chr9_17309101_17309400	6185
chr4_151500901_151501200	6186
chr7_37563301_37563600	6187
chr3_170708101_170708400	6188
chr7_158105101_158105400	6189
chr4_26216101_26216400	6190
chr2_84746401_84746700	6191
chr2_210919201_210919500	6192
chr6_169357501_169357800	6193
chr1_179009401_179009700	6194
chr6_32196601_32196900	6195
chr10_116827501_116827800	6196
chr3_146876101_146876400	6197
chr8_98346001_98346300	6198
chr3_8934001_8934300	6199
chr10_1688401_1688700	6200
chr4_101241901_101242200	6201
chr2_202147801_202148100	6202
chr6_156512701_156513000	6203
chr6_32494801_32495100	6204
chr10_91563901_91564200	6205
chr17_18357901_18358200	6206
chr3_188295901_188296200	6207
chr5_163355101_163355400	6208
chr2_217445101_217445400	6209
chr7_103465801_103466100	6210
chr4_184657501_184657800	6211
chr2_3751501_3751800	6212
chr5_36040201_36040500	6213
chr7_451501_451800	6214
chr20_42273601_42273900	6215
chr19_18116401_18116700	6216
chr1_236568901_236569200	6217
chr22_23787301_23787600	6218
chr10_101501101_101501400	6219
chr10_13698901_13699200	6220
chr20_30057901_30058200	6221
chr1_113441101_113441400	6222
chr1_81411001_81411300	6223
chr4_132138601_132138900	6224
chr13_28500901_28501200	6225
chr18_9255601_9255900	6226
chr1_30863701_30864000	6227
chr9_105767401_105767700	6228
chr4_16513201_16513500	6229
chr5_36553801_36554100	6230
chr9_44244601_44244900	6231
chr9_118584901_118585200	6232
chr8_144701101_144701400	6233
chr1_211590001_211590300	6234
chr2_76754701_76755000	6235
chr6_15415801_15416100	6236
chr11_73073101_73073400	6237
chr3_56160901_56161200	6238
chr21_35165101_35165400	6239
chr2_54322801_54323100	6240
chr1_105866701_105867000	6241
chr1_213324601_213324900	6242
chr4_3446401_3446700	6243
chr8_63507301_63507600	6244
chr14_98597401_98597700	6245
chr13_24485401_24485700	6246
chr8_62629501_62629800	6247
chr1_2980201_2980500	6248
chr15_65246101_65246400	6249
chr4_2062801_2063100	6250
chr21_35776501_35776800	6251
chr1_203869501_203869800	6252
chr15_37521301_37521600	6253
chr2_194796301_194796600	6254
chr5_97429201_97429500	6255
chr18_44338801_44339100	6256
chr1_90667501_90667800	6257
chr22_24196801_24197100	6258
chr1_13047301_13047600	6259
chr6_56759101_56759400	6260
chr4_36957301_36957600	6261
chr5_165763801_165764100	6262
chr1_35188801_35189100	6263
chr16_32127601_32127900	6264
chr3_121032001_121032300	6265
chr15_101096401_101096700	6266
chr9_102830401_102830700	6267
chr19_63001_63300	6268
chr4_83513701_83514000	6269
chr7_135906901_135907200	6270
chr7_66251401_66251700	6271
chr1_174345301_174345600	6272
chr18_65330401_65330700	6273
chr3_119630401_119630700	6274
chr6_103744801_103745100	6275
chr1_197976601_197976900	6276
chr10_71283301_71283600	6277
chr6_29661601_29661900	6278
chr9_140223901_140224200	6279
chr19_7028701_7029000	6280
chr6_30234601_30234900	6281
chr6_32522101_32522400	6282
chr18_65494201_65494500	6283
chr13_25134901_25135200	6284
chr6_32563201_32563500	6285
chr13_88643401_88643700	6286
chr1_197976301_197976600	6287
chr16_55864501_55864800	6288
chr6_31104601_31104900	6289
chr13_40267201_40267500	6290
chr11_106034701_106035000	6291
chr5_16147501_16147800	6292
chr11_89932201_89932500	6293
chr2_53825401_53825700	6294
chr4_9176101_9176400	6295
chr3_75589501_75589800	6296
chr6_32217901_32218200	6297
chr5_61205401_61205700	6298
chr14_64747801_64748100	6299
chr2_72739201_72739500	6300
chr16_1143601_1143900	6301
chr8_94075201_94075500	6302
chr5_18690901_18691200	6303
chr9_38314501_38314800	6304
chr6_114181501_114181800	6305
chr12_133085701_133086000	6306
chr10_6097501_6097800	6307
chr14_80107201_80107500	6308
chr12_26888401_26888700	6309
chr7_106236601_106236900	6310
chr8_60078601_60078900	6311
chr10_36657901_36658200	6312
chr12_8579401_8579700	6313
chr5_6571501_6571800	6314
chr12_131920501_131920800	6315
chr1_86975101_86975400	6316
chr22_18058201_18058500	6317
chr10_20058301_20058600	6318
chr2_201039601_201039900	6319
chr14_67012201_67012500	6320
chr5_25894501_25894800	6321
chr2_223761301_223761600	6322
chr12_11249701_11250000	6323
chr7_1320001_1320300	6324
chr1_213064201_213064500	6325
chr20_62493601_62493900	6326
chr20_47552401_47552700	6327
chr9_118962901_118963200	6328
chr4_69469501_69469800	6329
chr9_19130401_19130700	6330
chr5_752401_752700	6331
chr10_86668201_86668500	6332
chr2_239039401_239039700	6333
chr18_14452201_14452500	6334
chr3_15226801_15227100	6335
chr17_31248901_31249200	6336
chr7_76657201_76657500	6337
chr2_232865101_232865400	6338
chr19_1112401_1112700	6339
chr1_180054301_180054600	6340
chr19_44039101_44039400	6341
chr5_178110001_178110300	6342
chr7_132382801_132383100	6343
chr8_117691801_117692100	6344
chr5_164769601_164769900	6345
chr7_72273001_72273300	6346
chr7_153207001_153207300	6347
chr14_99641401_99641700	6348
chr2_82553401_82553700	6349
chr4_16512901_16513200	6350
chr1_88932901_88933200	6351
chr5_106400101_106400400	6352
chr8_41676001_41676300	6353
chr11_102472201_102472500	6354
chr14_56843701_56844000	6355
chr8_86863201_86863500	6356
chr5_71694601_71694900	6357
chr1_117972001_117972300	6358
chr10_46534801_46535100	6359
chr22_22719301_22719600	6360
chr10_53917201_53917500	6361
chr12_96030901_96031200	6362
chr9_15817501_15817800	6363
chr12_98383501_98383800	6364
chr1_1002601_1002900	6365
chr4_39227101_39227400	6366
chr4_138754501_138754800	6367
chr9_43676701_43677000	6368
chr10_77159101_77159400	6369
chr5_150214501_150214800	6370
chr16_16985701_16986000	6371
chr10_86990101_86990400	6372
chr15_87145201_87145500	6373
chr4_127020301_127020600	6374
chr19_45567601_45567900	6375
chr5_141286201_141286500	6376
chr1_174318301_174318600	6377
chr3_76845601_76845900	6378
chr11_81640501_81640800	6379
chr1_38726101_38726400	6380
chr2_242949001_242949300	6381
chr2_19282201_19282500	6382
chr20_16770301_16770600	6383
chr22_35124001_35124300	6384
chr3_44401501_44401800	6385
chr9_38242801_38243100	6386
chr7_56219101_56219400	6387
chr11_49456201_49456500	6388
chr19_17426101_17426400	6389
chr4_112816201_112816500	6390
chr18_23526601_23526900	6391
chr11_110066701_110067000	6392
chr16_9047701_9048000	6393
chr12_10581901_10582200	6394
chr13_79354501_79354800	6395
chr10_18503401_18503700	6396
chr1_219648901_219649200	6397
chr6_32609401_32609700	6398
chr14_105944701_105945000	6399
chr6_74595001_74595300	6400
chr2_126334501_126334800	6401
chr1_207544501_207544800	6402
chr6_141672901_141673200	6403
chr5_64294501_64294800	6404
chr7_154675501_154675800	6405
chr6_33126001_33126300	6406
chr3_68836801_68837100	6407
chr8_57595501_57595800	6408
chr7_4536601_4536900	6409
chr16_64871101_64871400	6410
chr1_1231801_1232100	6411
chr8_82193101_82193400	6412
chr2_208475701_208476000	6413
chr4_33516901_33517200	6414
chr5_111020401_111020700	6415
chr12_23141101_23141400	6416
chr15_98346001_98346300	6417
chr19_20586601_20586900	6418
chr5_55219201_55219500	6419
chr5_153285601_153285900	6420
chr2_195547501_195547800	6421
chr14_91517701_91518000	6422
chr12_80394301_80394600	6423
chr3_147396301_147396600	6424
chr19_23674201_23674500	6425
chr2_155261401_155261700	6426
chr4_96739501_96739800	6427
chr12_57177301_57177600	6428
chr10_112316701_112317000	6429
chr7_148074901_148075200	6430
chr5_166086301_166086600	6431
chr6_31606801_31607100	6432
chr6_133335301_133335600	6433
chr7_4536301_4536600	6434
chr9_137358301_137358600	6435
chr1_25625701_25626000	6436
chr4_9172201_9172500	6437
chr14_60342901_60343200	6438
chr2_168905101_168905400	6439
chr4_160477201_160477500	6440
chr1_153197701_153198000	6441
chr4_6899101_6899400	6442
chr14_106537801_106538100	6443
chr16_73150801_73151100	6444
chr12_71432401_71432700	6445
chr3_133454401_133454700	6446
chr22_22719601_22719900	6447
chr11_70878601_70878900	6448
chr3_105213001_105213300	6449
chr11_43029601_43029900	6450
chr1_241302601_241302900	6451
chr5_166086601_166086900	6452
chr2_39855301_39855600	6453
chr17_75656401_75656700	6454
chr10_79213501_79213800	6455
chr14_84258601_84258900	6456
chr7_140062501_140062800	6457
chr1_52313101_52313400	6458
chr15_60925201_60925500	6459
chr10_60231301_60231600	6460
chr22_20715301_20715600	6461
chr11_29140201_29140500	6462
chr18_32071501_32071800	6463
chr9_111461101_111461400	6464
chr1_236550001_236550300	6465
chr17_29307001_29307300	6466
chr12_8336701_8337000	6467
chr8_39233401_39233700	6468
chr7_143888101_143888400	6469
chr2_59065201_59065500	6470
chr11_89308801_89309100	6471
chr9_43614601_43614900	6472
chr7_158218501_158218800	6473
chr7_46755301_46755600	6474
chr1_181544401_181544700	6475
chr20_3654301_3654600	6476
chr1_153494401_153494700	6477
chr10_17559601_17559900	6478
chr7_2342701_2343000	6479
chr13_79857901_79858200	6480
chr8_139673101_139673400	6481
chr18_75005101_75005400	6482
chr3_133740301_133740600	6483
chr6_32619301_32619600	6484
chr17_68973901_68974200	6485
chr1_1302301_1302600	6486
chr19_53096401_53096700	6487
chr18_49246201_49246500	6488
chr13_29106301_29106600	6489
chr4_157520701_157521000	6490
chr9_44322301_44322600	6491
chr19_3959401_3959700	6492
chr1_110226901_110227200	6493
chr12_10640701_10641000	6494
chr15_54947401_54947700	6495
chr5_8050501_8050800	6496
chr15_65186401_65186700	6497
chr22_48439801_48440100	6498
chr6_29838301_29838600	6499
chr8_22928401_22928700	6500
chr3_49976401_49976700	6501
chr10_23620201_23620500	6502
chr12_103413001_103413300	6503
chr12_127458001_127458300	6504
chr8_144712801_144713100	6505
chr8_134027101_134027400	6506
chr8_3645901_3646200	6507
chr4_158806501_158806800	6508
chr4_137363401_137363700	6509
chr11_27871801_27872100	6510
chr19_40676101_40676400	6511
chr8_55396201_55396500	6512
chr17_55923301_55923600	6513
chr15_27872701_27873000	6514
chr12_31272601_31272900	6515
chr1_25160101_25160400	6516
chr5_33302401_33302700	6517
chr11_119896801_119897100	6518
chr2_223705201_223705500	6519
chr1_11265901_11266200	6520
chr4_77001301_77001600	6521
chr7_158220001_158220300	6522
chr8_146057401_146057700	6523
chr16_58647301_58647600	6524
chr9_77138101_77138400	6525
chr9_101043601_101043900	6526
chr16_89707801_89708100	6527
chr21_46862701_46863000	6528
chr6_169390801_169391100	6529
chr10_14478301_14478600	6530
chr13_66422701_66423000	6531
chr6_6312601_6312900	6532
chr6_26305501_26305800	6533
chr4_138749101_138749400	6534
chr14_66174901_66175200	6535
chr21_35776801_35777100	6536
chr16_65884201_65884500	6537
chr15_65186101_65186400	6538
chr16_5840101_5840400	6539
chr5_165019501_165019800	6540
chr4_174269101_174269400	6541
chr6_32517001_32517300	6542
chr9_80538601_80538900	6543
chr8_84796201_84796500	6544
chr1_168503101_168503400	6545
chr16_33709501_33709800	6546
chr4_72890701_72891000	6547
chr15_66546301_66546600	6548
chr3_20433001_20433300	6549
chr18_30802201_30802500	6550
chr7_72275101_72275400	6551
chr13_110391601_110391900	6552
chr20_52867201_52867500	6553
chr14_26057401_26057700	6554
chr8_144358201_144358500	6555
chr5_54503701_54504000	6556
chr4_4133101_4133400	6557
chr17_59722501_59722800	6558
chr20_8985001_8985300	6559
chr8_53852101_53852400	6560
chr7_142482601_142482900	6561
chr12_112161001_112161300	6562
chr7_141794101_141794400	6563
chr12_67985701_67986000	6564
chr2_195547201_195547500	6565
chr4_69446701_69447000	6566
chr2_190147801_190148100	6567
chr6_34365601_34365900	6568
chr5_137406001_137406300	6569
chr5_77891401_77891700	6570
chr14_43389301_43389600	6571
chr3_129795901_129796200	6572
chr9_15817201_15817500	6573
chr5_73164001_73164300	6574
chr14_48483301_48483600	6575
chr2_126304201_126304500	6576
chr12_53615701_53616000	6577
chr9_30792601_30792900	6578
chr9_82362001_82362300	6579
chr18_57697201_57697500	6580
chr5_179554201_179554500	6581
chr10_18217801_18218100	6582
chr3_5730601_5730900	6583
chr15_54165901_54166200	6584
chr7_64723501_64723800	6585
chr3_35800501_35800800	6586
chr11_83027401_83027700	6587
chr2_150759001_150759300	6588
chr11_101417101_101417400	6589
chr6_29686801_29687100	6590
chr6_77893501_77893800	6591
chr2_61899001_61899300	6592
chr13_29954401_29954700	6593
chr5_167287201_167287500	6594
chr13_103391401_103391700	6595
chr11_108628201_108628500	6596
chr12_9636001_9636300	6597
chr11_104267701_104268000	6598
chr5_143809201_143809500	6599
chr2_105672001_105672300	6600
chr6_114341701_114342000	6601
chr9_43497601_43497900	6602
chr7_50527801_50528100	6603
chr17_44643301_44643600	6604
chr6_32629201_32629500	6605
chr12_132938701_132939000	6606
chr18_62302801_62303100	6607
chr2_73419301_73419600	6608
chr5_153074401_153074700	6609
chr4_12615901_12616200	6610
chr16_31345501_31345800	6611
chr4_131620501_131620800	6612
chr22_37093501_37093800	6613
chr14_101004301_101004600	6614
chr22_24360601_24360900	6615
chr8_140176801_140177100	6616
chr20_49689301_49689600	6617
chr15_68823901_68824200	6618
chr8_144404701_144405000	6619
chr1_192030901_192031200	6620
chr12_55381501_55381800	6621
chr4_60681901_60682200	6622
chr2_116616001_116616300	6623
chr22_45196501_45196800	6624
chr17_81120301_81120600	6625
chr9_20972701_20973000	6626
chr12_58131301_58131600	6627
chr1_182710501_182710800	6628
chr4_37152001_37152300	6629
chr1_219923701_219924000	6630
chr1_189269701_189270000	6631
chr10_35569201_35569500	6632
chr2_1226401_1226700	6633
chr2_186681601_186681900	6634
chr11_28452301_28452600	6635
chr3_38004301_38004600	6636
chr6_29842201_29842500	6637
chr6_65113801_65114100	6638
chr10_47905501_47905800	6639
chr7_28575301_28575600	6640
chr13_107800501_107800800	6641
chr2_111876601_111876900	6642
chr18_70613701_70614000	6643
chr8_39256801_39257100	6644
chr8_129130801_129131100	6645
chr6_16927501_16927800	6646
chr8_133256701_133257000	6647
chr4_24443101_24443400	6648
chr8_107686801_107687100	6649
chr4_105849301_105849600	6650
chr12_72553501_72553800	6651
chr20_19818301_19818600	6652
chr15_49740601_49740900	6653
chr4_6009901_6010200	6654
chr2_180945001_180945300	6655
chr17_67364701_67365000	6656
chr7_57069001_57069300	6657
chr12_23931301_23931600	6658
chr17_38167201_38167500	6659
chr6_20032801_20033100	6660
chr4_46785601_46785900	6661
chr4_136138801_136139100	6662
chr5_85865401_85865700	6663
chr5_154872301_154872600	6664
chr11_82169701_82170000	6665
chr6_32339701_32340000	6666
chr6_31116301_31116600	6667
chr14_21191701_21192000	6668
chr6_131746501_131746800	6669
chr14_95841301_95841600	6670
chr15_65245801_65246100	6671
chr3_174157801_174158100	6672
chr11_55452901_55453200	6673
chr11_65218501_65218800	6674
chr10_81456001_81456300	6675
chr18_5324701_5325000	6676
chr2_1539301_1539600	6677
chr12_74732401_74732700	6678
chr9_34740301_34740600	6679
chr4_162735001_162735300	6680
chr3_95057401_95057700	6681
chr2_116255701_116256000	6682
chr3_124086901_124087200	6683
chr16_57234601_57234900	6684
chr9_11514301_11514600	6685
chr16_18476401_18476700	6686
chr6_32525101_32525400	6687
chr18_40090501_40090800	6688
chr5_66577501_66577800	6689
chr2_29396401_29396700	6690
chr5_178259701_178260000	6691
chr21_47804101_47804400	6692
chr6_30858601_30858900	6693
chr17_74303701_74304000	6694
chr11_47611201_47611500	6695
chr2_111038701_111039000	6696
chr10_44383801_44384100	6697
chr11_100517101_100517400	6698
chr18_38867701_38868000	6699
chr18_39522301_39522600	6700
chr6_58721401_58721700	6701
chr4_84107101_84107400	6702
chr8_23945401_23945700	6703
chr10_112939801_112940100	6704
chr7_101892301_101892600	6705
chr3_179008201_179008500	6706
chr17_74304001_74304300	6707
chr13_47039701_47040000	6708
chr6_113010901_113011200	6709
chr8_145851601_145851900	6710
chr2_173703601_173703900	6711
chr1_227898301_227898600	6712
chr4_23299501_23299800	6713
chr17_79326001_79326300	6714
chr5_140590201_140590500	6715
chr9_115849501_115849800	6716
chr8_65804401_65804700	6717
chr12_131389201_131389500	6718
chr18_63979501_63979800	6719
chr6_117222001_117222300	6720
chr7_157234201_157234500	6721
chr20_51413401_51413700	6722
chr4_111000301_111000600	6723
chr6_136777801_136778100	6724
chr14_60342601_60342900	6725
chr1_40801501_40801800	6726
chr11_396901_397200	6727
chr12_61484401_61484700	6728
chr6_161276701_161277000	6729
chr11_79490101_79490400	6730
chr11_134700301_134700600	6731
chr3_61451401_61451700	6732
chr11_27539401_27539700	6733
chr7_126687301_126687600	6734
chr1_233858401_233858700	6735
chr8_39244501_39244800	6736
chr10_71614801_71615100	6737
chr18_64947301_64947600	6738
chr15_50773801_50774100	6739
chr3_162533701_162534000	6740
chr3_150109801_150110100	6741
chr4_133788601_133788900	6742
chr3_77213701_77214000	6743
chr11_88773901_88774200	6744
chr14_92437801_92438100	6745
chr22_27660601_27660900	6746
chr4_113401_113700	6747
chr2_167645101_167645400	6748
chr4_98127901_98128200	6749
chr4_7904101_7904400	6750
chr11_47118601_47118900	6751
chr5_166128001_166128300	6752
chr4_69469801_69470100	6753
chr5_97428901_97429200	6754
chr5_33335701_33336000	6755
chr14_107016601_107016900	6756
chr20_8110801_8111100	6757
chr7_23085901_23086200	6758
chr6_28086001_28086300	6759
chr10_49376401_49376700	6760
chr12_108382201_108382500	6761
chr4_164139001_164139300	6762
chr8_9650101_9650400	6763
chr6_32615101_32615400	6764
chr5_166904701_166905000	6765
chr13_60583201_60583500	6766
chr13_21760501_21760800	6767
chr6_35265301_35265600	6768
chr3_111398701_111399000	6769
chr16_77100601_77100900	6770
chr4_24801301_24801600	6771
chr2_36304801_36305100	6772
chr16_21194701_21195000	6773
chr1_149147701_149148000	6774
chr11_84182101_84182400	6775
chr12_16410901_16411200	6776
chr14_35502001_35502300	6777
chr7_136203001_136203300	6778
chr4_4154701_4155000	6779
chr11_59454601_59454900	6780
chr12_9719101_9719400	6781
chr18_37209601_37209900	6782
chr11_45132601_45132900	6783
chr9_39012301_39012600	6784
chr6_140061601_140061900	6785
chr11_119699401_119699700	6786
chr2_2189401_2189700	6787
chr6_118533901_118534200	6788
chr2_221802601_221802900	6789
chr8_110922301_110922600	6790
chr1_147800101_147800400	6791
chr2_238581901_238582200	6792
chr9_44842501_44842800	6793
chr7_142903201_142903500	6794
chr19_29732401_29732700	6795
chr17_36666601_36666900	6796
chr17_44433601_44433900	6797
chr17_81120601_81120900	6798
chr3_65678701_65679000	6799
chr6_17389801_17390100	6800
chr17_40191901_40192200	6801
chr2_86605801_86606100	6802
chr2_192606901_192607200	6803
chr3_180993301_180993600	6804
chr9_78480301_78480600	6805
chr1_1224601_1224900	6806
chr10_135381601_135381900	6807
chr16_51074401_51074700	6808
chr8_11993101_11993400	6809
chr18_70959901_70960200	6810
chr6_32442901_32443200	6811
chr13_80966701_80967000	6812
chr8_83695201_83695500	6813
chr11_25801801_25802100	6814
chr1_248100901_248101200	6815
chr8_103512901_103513200	6816
chr1_175101001_175101300	6817
chr18_1721701_1722000	6818
chr13_41529601_41529900	6819
chr5_178252501_178252800	6820
chr5_98346901_98347200	6821
chr16_2673001_2673300	6822
chr8_26772901_26773200	6823
chr6_145137901_145138200	6824
chr2_132440701_132441000	6825
chr7_54767401_54767700	6826
chr3_125677801_125678100	6827
chr13_49535401_49535700	6828
chr8_113858401_113858700	6829
chr6_133986001_133986300	6830
chr6_31480801_31481100	6831
chr17_18738001_18738300	6832
chr11_84039001_84039300	6833
chr8_124415101_124415400	6834
chr6_31087801_31088100	6835
chr8_118985701_118986000	6836
chr8_106761601_106761900	6837
chr6_32673901_32674200	6838
chr5_167027101_167027400	6839
chr9_115840801_115841100	6840
chr14_42142801_42143100	6841
chr6_32623501_32623800	6842
chr12_49830301_49830600	6843
chr9_103396201_103396500	6844
chr18_7994701_7995000	6845
chr4_73710601_73710900	6846
chr11_17085301_17085600	6847
chr4_141831601_141831900	6848
chr8_75081601_75081900	6849
chr9_11034301_11034600	6850
chr16_88613701_88614000	6851
chr18_42147301_42147600	6852
chr10_18128101_18128400	6853
chr6_96069601_96069900	6854
chr4_151007101_151007400	6855
chr9_121437901_121438200	6856
chr8_49427101_49427400	6857
chr8_136454701_136455000	6858
chr10_38271901_38272200	6859
chr19_40385401_40385700	6860
chr18_12076501_12076800	6861
chr18_36402001_36402300	6862
chr3_162531301_162531600	6863
chr5_175077601_175077900	6864
chr12_42388801_42389100	6865
chr2_129559801_129560100	6866
chr17_56565301_56565600	6867
chr5_176535001_176535300	6868
chr1_163806301_163806600	6869
chr13_45956701_45957000	6870
chr11_79390801_79391100	6871
chr9_139740301_139740600	6872
chr14_102031501_102031800	6873
chr9_39012601_39012900	6874
chr7_158750701_158751000	6875
chr12_57183001_57183300	6876
chr5_2879701_2880000	6877
chr2_170992201_170992500	6878
chr4_20005501_20005800	6879
chr7_104891701_104892000	6880
chr6_31482901_31483200	6881
chr7_25866601_25866900	6882
chr5_128603101_128603400	6883
chr4_63861601_63861900	6884
chr16_64433101_64433400	6885
chr10_83901601_83901900	6886
chr5_28237501_28237800	6887
chr1_55092301_55092600	6888
chr4_181866001_181866300	6889
chr1_245433301_245433600	6890
chr1_163806001_163806300	6891
chr6_30074701_30075000	6892
chr15_101099401_101099700	6893
chr10_60968401_60968700	6894
chr15_34026301_34026600	6895
chr6_52813501_52813800	6896
chr16_28625101_28625400	6897
chr8_19689601_19689900	6898
chr6_88757401_88757700	6899
chr10_125454001_125454300	6900
chr9_107634001_107634300	6901
chr16_1002601_1002900	6902
chr16_65505301_65505600	6903
chr2_235555201_235555500	6904
chr1_119834701_119835000	6905
chr12_18653101_18653400	6906
chr11_10477801_10478100	6907
chr9_2527801_2528100	6908
chr12_121514101_121514400	6909
chr4_54104401_54104700	6910
chr14_73328401_73328700	6911
chr6_32558401_32558700	6912
chr15_27741001_27741300	6913
chr4_13705801_13706100	6914
chr19_2226901_2227200	6915
chr10_106915801_106916100	6916
chr10_110256001_110256300	6917
chr8_118986001_118986300	6918
chr16_48985801_48986100	6919
chr6_32671501_32671800	6920
chr22_24366601_24366900	6921
chr4_126837601_126837900	6922
chr12_72357301_72357600	6923
chr11_103088101_103088400	6924
chr21_25928401_25928700	6925
chr6_33142201_33142500	6926
chr12_121514401_121514700	6927
chr1_25611001_25611300	6928
chr7_152284201_152284500	6929
chr12_739801_740100	6930
chr19_54322801_54323100	6931
chr7_57072001_57072300	6932
chr3_75573601_75573900	6933
chr11_73647601_73647900	6934
chr1_110240101_110240400	6935
chr3_184471501_184471800	6936
chr13_96583801_96584100	6937
chr12_43239301_43239600	6938
chr19_567601_567900	6939
chr9_121890301_121890600	6940
chr1_149197801_149198100	6941
chr6_32563501_32563800	6942
chr13_71267701_71268000	6943
chr1_114808801_114809100	6944
chr4_4125901_4126200	6945
chr11_99961201_99961500	6946
chr15_69119401_69119700	6947
chr8_116778901_116779200	6948
chr21_46401901_46402200	6949
chr11_49908301_49908600	6950
chr19_40380001_40380300	6951
chr17_36666301_36666600	6952
chr6_32507701_32508000	6953
chr5_51580201_51580500	6954
chr2_118913701_118914000	6955
chr17_36787501_36787800	6956
chr18_66939301_66939600	6957
chr1_82617001_82617300	6958
chr2_68542501_68542800	6959
chr4_83575801_83576100	6960
chr11_402901_403200	6961
chr6_29898001_29898300	6962
chr1_120129601_120129900	6963
chr1_149617801_149618100	6964
chr8_47905801_47906100	6965
chr6_62295001_62295300	6966
chr4_123502201_123502500	6967
chr11_42463801_42464100	6968
chr8_145170601_145170900	6969
chr16_18763501_18763800	6970
chr10_1602601_1602900	6971
chr4_122224801_122225100	6972
chr10_36873601_36873900	6973
chr7_13236301_13236600	6974
chr2_134205301_134205600	6975
chr12_16210201_16210500	6976
chr7_36011101_36011400	6977
chr6_33099601_33099900	6978
chr20_1574401_1574700	6979
chr1_92163301_92163600	6980
chr10_121648501_121648800	6981
chr4_35645401_35645700	6982
chr12_107916301_107916600	6983
chr6_32458801_32459100	6984
chr7_56218801_56219100	6985
chr12_28988701_28989000	6986
chr1_25644601_25644900	6987
chr2_184035601_184035900	6988
chr12_104717401_104717700	6989
chr22_33064201_33064500	6990
chr14_91518001_91518300	6991
chr8_137542801_137543100	6992
chr16_47918101_47918400	6993
chr20_58514401_58514700	6994
chr3_83533501_83533800	6995
chr20_18214201_18214500	6996
chr4_183755101_183755400	6997
chr16_89150401_89150700	6998
chr2_46433701_46434000	6999
chr2_231011701_231012000	7000
chr11_97844401_97844700	7001
chr1_147421801_147422100	7002
chr3_79193401_79193700	7003
chr11_117337801_117338100	7004
chr14_92565901_92566200	7005
chr1_177530401_177530700	7006
chr1_187719901_187720200	7007
chr22_24392701_24393000	7008
chr4_4152001_4152300	7009
chr9_36423601_36423900	7010
chr16_32131201_32131500	7011
chr14_70039801_70040100	7012
chr3_81372601_81372900	7013
chr5_164787001_164787300	7014
chr10_51229501_51229800	7015
chr7_65385901_65386200	7016
chr3_156034501_156034800	7017
chr4_145678201_145678500	7018
chr8_139550401_139550700	7019
chr14_73998601_73998900	7020
chr19_43725001_43725300	7021
chr4_70503301_70503600	7022
chr2_117290101_117290400	7023
chr6_148192801_148193100	7024
chr12_133603801_133604100	7025
chr1_107397001_107397300	7026
chr10_135273301_135273600	7027
chr2_183126601_183126900	7028
chr17_76504801_76505100	7029
chr14_106380301_106380600	7030
chr6_26946901_26947200	7031
chr17_15756001_15756300	7032
chr11_315901_316200	7033
chr5_131788801_131789100	7034
chr7_40359601_40359900	7035
chr11_4158901_4159200	7036
chr5_2656801_2657100	7037
chr9_44322001_44322300	7038
chr15_99558001_99558300	7039
chr5_43088101_43088400	7040
chr21_43932001_43932300	7041
chr8_106494901_106495200	7042
chr19_55329901_55330200	7043
chr1_169242001_169242300	7044
chr1_232403701_232404000	7045
chr21_42517201_42517500	7046
chr17_9467701_9468000	7047
chr4_132646201_132646500	7048
chr13_108617401_108617700	7049
chr20_51461701_51462000	7050
chr10_81501001_81501300	7051
chr4_54103801_54104100	7052
chr2_117708001_117708300	7053
chr1_81507301_81507600	7054
chr3_129797401_129797700	7055
chr2_26133301_26133600	7056
chr17_74952601_74952900	7057
chr7_64428001_64428300	7058
chr11_119896501_119896800	7059
chr5_180386701_180387000	7060
chr13_49227301_49227600	7061
chr20_6567301_6567600	7062
chr12_9667201_9667500	7063
chr10_47933401_47933700	7064
chr10_71283001_71283300	7065
chr12_740101_740400	7066
chr1_168751201_168751500	7067
chr12_132938401_132938700	7068
chr3_84749701_84750000	7069
chr10_19092301_19092600	7070
chr18_49953901_49954200	7071
chr9_115825501_115825800	7072
chr8_84276001_84276300	7073
chr7_154698601_154698900	7074
chr10_29103601_29103900	7075
chr3_102317101_102317400	7076
chr16_1422901_1423200	7077
chr20_57429601_57429900	7078
chr12_91991401_91991700	7079
chr8_143597701_143598000	7080
chr4_64286401_64286700	7081
chr4_132671701_132672000	7082
chr4_9952201_9952500	7083
chr9_20973601_20973900	7084
chr18_24282301_24282600	7085
chr1_232467901_232468200	7086
chr1_149147401_149147700	7087
chr10_81491401_81491700	7088
chr3_82608901_82609200	7089
chr5_76108501_76108800	7090
chr19_12557401_12557700	7091
chr10_52321801_52322100	7092
chr19_2773201_2773500	7093
chr7_74918701_74919000	7094
chr14_31295401_31295700	7095
chr3_38123101_38123400	7096
chr5_180397201_180397500	7097
chr5_177823501_177823800	7098
chr7_153206701_153207000	7099
chr8_144874201_144874500	7100
chr3_156552301_156552600	7101
chr1_187982701_187983000	7102
chr1_174318601_174318900	7103
chr2_215933401_215933700	7104
chr1_10698601_10698900	7105
chr11_374701_375000	7106
chr17_196801_197100	7107
chr1_75779401_75779700	7108
chr14_79267801_79268100	7109
chr4_4146901_4147200	7110
chr8_61460701_61461000	7111
chr3_103383901_103384200	7112
chr15_64070701_64071000	7113
chr4_83395801_83396100	7114
chr7_152282401_152282700	7115
chr6_30228601_30228900	7116
chr4_62156401_62156700	7117
chr4_135379201_135379500	7118
chr14_89167801_89168100	7119
chr5_110313601_110313900	7120
chr6_30955501_30955800	7121
chr4_158559001_158559300	7122
chr1_211811701_211812000	7123
chr8_132743701_132744000	7124
chr1_53639101_53639400	7125
chr2_152152501_152152800	7126
chr13_107511001_107511300	7127
chr4_132657301_132657600	7128
chr6_30216001_30216300	7129
chr10_55192801_55193100	7130
chr22_39294601_39294900	7131
chr5_99101401_99101700	7132
chr2_65214901_65215200	7133
chr12_15106801_15107100	7134
chr1_230630101_230630400	7135
chr1_150702301_150702600	7136
chr13_75300901_75301200	7137
chr13_106462801_106463100	7138
chr4_69446101_69446400	7139
chr8_51313201_51313500	7140
chr8_57595801_57596100	7141
chr10_134165701_134166000	7142
chr4_69404401_69404700	7143
chr13_19568701_19569000	7144
chr6_167733601_167733900	7145
chr5_158740801_158741100	7146
chr4_125237101_125237400	7147
chr2_3638701_3639000	7148
chr3_188098801_188099100	7149
chr2_62358601_62358900	7150
chr1_90760801_90761100	7151
chr13_44743201_44743500	7152
chr16_61452901_61453200	7153
chr11_102415501_102415800	7154
chr2_227529901_227530200	7155
chr10_59838001_59838300	7156
chr13_19568101_19568400	7157
chr19_49340401_49340700	7158
chr2_125470501_125470800	7159
chr19_2772901_2773200	7160
chr20_62178601_62178900	7161
chr6_31286701_31287000	7162
chr2_129176401_129176700	7163
chr4_10224601_10224900	7164
chr5_19287901_19288200	7165
chr15_51897901_51898200	7166
chr1_58171801_58172100	7167
chr1_912601_912900	7168
chr1_152390401_152390700	7169
chr6_122622001_122622300	7170
chr4_187889401_187889700	7171
chr6_46927201_46927500	7172
chr2_241047901_241048200	7173
chr19_2424901_2425200	7174
chr19_46289101_46289400	7175
chr8_84276301_84276600	7176
chr5_109440601_109440900	7177
chr11_1078501_1078800	7178
chr16_81207001_81207300	7179
chr7_53652001_53652300	7180
chr22_20714401_20714700	7181
chr6_32570701_32571000	7182
chr22_24344401_24344700	7183
chr12_52242901_52243200	7184
chr1_65135401_65135700	7185
chr22_50723701_50724000	7186
chr20_9037501_9037800	7187
chr10_118326301_118326600	7188
chr21_19091701_19092000	7189
chr3_152089801_152090100	7190
chr2_7628401_7628700	7191
chr9_2901001_2901300	7192
chr2_88553401_88553700	7193
chr1_63939601_63939900	7194
chr5_173262001_173262300	7195
chr6_20233501_20233800	7196
chr7_71145301_71145600	7197
chr7_74790001_74790300	7198
chr16_58430101_58430400	7199
chr6_32229301_32229600	7200
chr7_101315701_101316000	7201
chr4_188606101_188606400	7202
chr5_51579901_51580200	7203
chr18_26277001_26277300	7204
chr22_34696201_34696500	7205
chr19_3576901_3577200	7206
chr4_46895101_46895400	7207
chr4_94089001_94089300	7208
chr17_25589701_25590000	7209
chr8_30104101_30104400	7210
chr9_44783701_44784000	7211
chr8_74252401_74252700	7212
chr5_132158701_132159000	7213
chr7_102488401_102488700	7214
chr9_140312101_140312400	7215
chr1_14747101_14747400	7216
chr2_73610401_73610700	7217
chr12_47565601_47565900	7218
chr22_36273301_36273600	7219
chr6_118662301_118662600	7220
chr8_144705301_144705600	7221
chr19_15046501_15046800	7222
chr5_70914301_70914600	7223
chr3_43026001_43026300	7224
chr7_135845401_135845700	7225
chr2_44815801_44816100	7226
chr1_166365001_166365300	7227
chr9_85727701_85728000	7228
chr21_15037801_15038100	7229
chr6_29690401_29690700	7230
chr5_124717501_124717800	7231
chr17_10122601_10122900	7232
chr19_52638901_52639200	7233
chr2_191379301_191379600	7234
chr7_518401_518700	7235
chr12_9637801_9638100	7236
chr9_115825201_115825500	7237
chr12_84785701_84786000	7238
chr10_63341101_63341400	7239
chr11_59874601_59874900	7240
chr14_29797201_29797500	7241
chr3_59953501_59953800	7242
chr1_228383701_228384000	7243
chr3_117477001_117477300	7244
chr7_33791401_33791700	7245
chr8_18525301_18525600	7246
chr3_150824101_150824400	7247
chr15_75086401_75086700	7248
chr5_105347401_105347700	7249
chr1_156527701_156528000	7250
chr4_87352201_87352500	7251
chr16_2029201_2029500	7252
chr12_42243301_42243600	7253
chr17_16805701_16806000	7254
chr7_86540101_86540400	7255
chr17_68179501_68179800	7256
chr7_132876901_132877200	7257
chr12_107443801_107444100	7258
chr1_13002901_13003200	7259
chr19_23109901_23110200	7260
chr20_7951501_7951800	7261
chr9_43614901_43615200	7262
chr5_114233401_114233700	7263
chr2_163845001_163845300	7264
chr15_24405601_24405900	7265
chr5_1179601_1179900	7266
chr2_77952301_77952600	7267
chr1_7715401_7715700	7268
chr2_106881001_106881300	7269
chr6_132477001_132477300	7270
chr7_103623001_103623300	7271
chr22_16963801_16964100	7272
chr5_152676001_152676300	7273
chr1_79134001_79134300	7274
chr15_38078101_38078400	7275
chr4_85525801_85526100	7276
chr17_14301601_14301900	7277
chr8_146057101_146057400	7278
chr9_97481101_97481400	7279
chr6_31107301_31107600	7280
chr1_207543601_207543900	7281
chr3_66944701_66945000	7282
chr3_126101101_126101400	7283
chr8_108861001_108861300	7284
chr19_7036201_7036500	7285
chr2_168420601_168420900	7286
chr2_144749101_144749400	7287
chr8_131686801_131687100	7288
chr6_141502801_141503100	7289
chr11_101760001_101760300	7290
chr2_41982001_41982300	7291
chr17_6874801_6875100	7292
chr6_46047001_46047300	7293
chr7_42369301_42369600	7294
chr3_193742701_193743000	7295
chr13_62007001_62007300	7296
chr8_39368701_39369000	7297
chr4_4125301_4125600	7298
chr1_13655101_13655400	7299
chr8_142643701_142644000	7300
chr3_173923501_173923800	7301
chr7_67206001_67206300	7302
chr17_76732801_76733100	7303
chr5_107655901_107656200	7304
chr2_41489701_41490000	7305
chr3_146727901_146728200	7306
chr21_37081801_37082100	7307
chr10_122979001_122979300	7308
chr12_5462701_5463000	7309
chr9_84915301_84915600	7310
chr17_15756301_15756600	7311
chr4_165893101_165893400	7312
chr5_143809501_143809800	7313
chr22_31711801_31712100	7314
chr18_61225201_61225500	7315
chr22_47781901_47782200	7316
chr4_18308701_18309000	7317
chr7_46961401_46961700	7318
chr1_25608601_25608900	7319
chr3_161819701_161820000	7320
chr2_41702401_41702700	7321
chr18_72916501_72916800	7322
chr9_2584501_2584800	7323
chr2_233650201_233650500	7324
chr2_239516101_239516400	7325
chr2_141042001_141042300	7326
chr2_34644001_34644300	7327
chr14_67808101_67808400	7328
chr14_50620801_50621100	7329
chr3_129779101_129779400	7330
chr8_11946301_11946600	7331
chr15_70866601_70866900	7332
chr8_24984901_24985200	7333
chr6_93654301_93654600	7334
chr18_631201_631500	7335
chr14_45267601_45267900	7336
chr6_31286401_31286700	7337
chr22_24162901_24163200	7338
chr6_122622301_122622600	7339
chr6_71947801_71948100	7340
chr11_18286501_18286800	7341
chr3_88839601_88839900	7342
chr6_32416801_32417100	7343
chr14_42930301_42930600	7344
chr14_74299801_74300100	7345
chr8_20647201_20647500	7346
chr9_21196801_21197100	7347
chr9_132027901_132028200	7348
chr8_143361301_143361600	7349
chr4_124501_124800	7350
chr12_69623701_69624000	7351
chr13_71788501_71788800	7352
chr19_7329001_7329300	7353
chr2_196203001_196203300	7354
chr5_74567101_74567400	7355
chr18_37468501_37468800	7356
chr13_67385701_67386000	7357
chr19_54724801_54725100	7358
chr7_141743701_141744000	7359
chr2_1225201_1225500	7360
chr14_82089901_82090200	7361
chr1_242802001_242802300	7362
chr4_165258001_165258300	7363
chr4_11271601_11271900	7364
chr8_139848601_139848900	7365
chr16_89707501_89707800	7366
chr1_2232301_2232600	7367
chr2_235557301_235557600	7368
chr4_116269201_116269500	7369
chr2_88553701_88554000	7370
chr12_5463001_5463300	7371
chr12_127502701_127503000	7372
chr1_105500401_105500700	7373
chr3_95652301_95652600	7374
chr4_27965701_27966000	7375
chr12_103526401_103526700	7376
chr8_11994001_11994300	7377
chr12_9347701_9348000	7378
chr5_146279701_146280000	7379
chr8_139648501_139648800	7380
chr8_130828201_130828500	7381
chr6_32555101_32555400	7382
chr19_43755901_43756200	7383
chr16_54490201_54490500	7384
chr19_42610201_42610500	7385
chr11_82479301_82479600	7386
chr17_15792301_15792600	7387
chr21_47551801_47552100	7388
chr14_74004601_74004900	7389
chr14_82984201_82984500	7390
chr6_6312901_6313200	7391
chr9_118824301_118824600	7392
chr17_39922501_39922800	7393
chr2_15360301_15360600	7394
chr4_33517201_33517500	7395
chr5_140595301_140595600	7396
chr5_99321601_99321900	7397
chr14_60712501_60712800	7398
chr14_88649401_88649700	7399
chr6_29893501_29893800	7400
chr4_96612601_96612900	7401
chr8_79185901_79186200	7402
chr8_90711301_90711600	7403
chr8_120016801_120017100	7404
chr3_159257101_159257400	7405
chr21_23664901_23665200	7406
chr7_120288601_120288900	7407
chr7_623101_623400	7408
chr8_92256301_92256600	7409
chr14_29225101_29225400	7410
chr1_102503101_102503400	7411
chr3_144556201_144556500	7412
chr17_66657301_66657600	7413
chr9_44256001_44256300	7414
chr6_7655101_7655400	7415
chr6_15016201_15016500	7416
chr13_39896701_39897000	7417
chr9_87049501_87049800	7418
chr3_79136401_79136700	7419
chr1_168694201_168694500	7420
chr2_6916501_6916800	7421
chr4_69437101_69437400	7422
chr2_102656401_102656700	7423
chr6_29759701_29760000	7424
chr14_98423701_98424000	7425
chr21_26507701_26508000	7426
chr10_17970901_17971200	7427
chr2_196161301_196161600	7428
chr22_24396301_24396600	7429
chr14_35613001_35613300	7430
chr4_63838201_63838500	7431
chr2_200002501_200002800	7432
chr17_15792001_15792300	7433
chr17_81120901_81121200	7434
chr12_21330901_21331200	7435
chr11_615001_615300	7436
chr19_43744501_43744800	7437
chr13_85102801_85103100	7438
chr17_28506001_28506300	7439
chr1_213064501_213064800	7440
chr1_152161201_152161500	7441
chr11_110768701_110769000	7442
chr3_190469101_190469400	7443
chr5_154872001_154872300	7444
chr3_174081001_174081300	7445
chr19_866701_867000	7446
chr11_36243601_36243900	7447
chr4_159584401_159584700	7448
chr5_29236801_29237100	7449
chr21_15077401_15077700	7450
chr2_40219501_40219800	7451
chr4_77024101_77024400	7452
chr5_5960701_5961000	7453
chr6_77562901_77563200	7454
chr14_79416901_79417200	7455
chr2_139815901_139816200	7456
chr10_27586501_27586800	7457
chr5_12816001_12816300	7458
chr22_33597301_33597600	7459
chr9_85129501_85129800	7460
chr9_87901801_87902100	7461
chr21_21561001_21561300	7462
chr12_9645301_9645600	7463
chr8_8080201_8080500	7464
chr11_117992701_117993000	7465
chr2_62861701_62862000	7466
chr17_53658901_53659200	7467
chr4_54744001_54744300	7468
chr4_63240301_63240600	7469
chr6_106717201_106717500	7470
chr6_32558701_32559000	7471
chr16_64122301_64122600	7472
chr2_169605901_169606200	7473
chr19_7060201_7060500	7474
chr12_13109101_13109400	7475
chr3_16902601_16902900	7476
chr3_100196401_100196700	7477
chr7_126564301_126564600	7478
chr4_100183801_100184100	7479
chr11_5997301_5997600	7480
chr3_165761701_165762000	7481
chr8_39284701_39285000	7482
chr3_119630101_119630400	7483
chr1_110240401_110240700	7484
chr7_137720101_137720400	7485
chr7_133633201_133633500	7486
chr7_154943101_154943400	7487
chr19_20174101_20174400	7488
chr5_53386201_53386500	7489
chr9_129003901_129004200	7490
chr10_47412601_47412900	7491
chr10_88665901_88666200	7492
chr12_66890701_66891000	7493
chr8_31651201_31651500	7494
chr8_129646201_129646500	7495
chr16_87096001_87096300	7496
chr6_148888201_148888500	7497
chr10_105097201_105097500	7498
chr21_47802301_47802600	7499
chr7_135402901_135403200	7500
chr8_117505501_117505800	7501
chr3_129767401_129767700	7502
chr1_200304901_200305200	7503
chr2_162497101_162497400	7504
chr8_121816201_121816500	7505
chr6_29881201_29881500	7506
chr4_84106501_84106800	7507
chr4_91353601_91353900	7508
chr18_38813101_38813400	7509
chr12_33393001_33393300	7510
chr5_70847701_70848000	7511
chr2_119658901_119659200	7512
chr7_75117001_75117300	7513
chr12_131789701_131790000	7514
chr17_68973601_68973900	7515
chr6_32671801_32672100	7516
chr2_113189701_113190000	7517
chr20_44894401_44894700	7518
chr1_76011901_76012200	7519
chr13_110519101_110519400	7520
chr2_65215201_65215500	7521
chr8_136393201_136393500	7522
chr14_28879201_28879500	7523
chr6_122845801_122846100	7524
chr5_26799901_26800200	7525
chr5_4994401_4994700	7526
chr6_82429801_82430100	7527
chr10_17869801_17870100	7528
chr11_40988701_40989000	7529
chr1_104798701_104799000	7530
chr20_62203801_62204100	7531
chr4_152650501_152650800	7532
chr11_47059501_47059800	7533
chr4_69404101_69404400	7534
chr18_23250301_23250600	7535
chr2_107787601_107787900	7536
chr5_178670701_178671000	7537
chr5_109986901_109987200	7538
chr1_66306901_66307200	7539
chr12_127502401_127502700	7540
chr16_32823001_32823300	7541
chr13_77728201_77728500	7542
chr17_21802501_21802800	7543
chr3_50313601_50313900	7544
chr2_124728301_124728600	7545
chr3_133340701_133341000	7546
chr22_24378901_24379200	7547
chr5_42340801_42341100	7548
chr7_41861101_41861400	7549
chr19_2226301_2226600	7550
chr17_58153501_58153800	7551
chr22_29075401_29075700	7552
chr4_163563601_163563900	7553
chr18_38868001_38868300	7554
chr6_29687101_29687400	7555
chr1_1558801_1559100	7556
chr12_22352101_22352400	7557
chr16_19798201_19798500	7558
chr5_1294501_1294800	7559
chr9_75480001_75480300	7560
chr15_68427301_68427600	7561
chr2_213944101_213944400	7562
chr4_11646001_11646300	7563
chr5_86499601_86499900	7564
chr7_25492501_25492800	7565
chr3_182049901_182050200	7566
chr1_223372801_223373100	7567
chr13_70882501_70882800	7568
chr5_178743901_178744200	7569
chr4_18147001_18147300	7570
chr6_151485901_151486200	7571
chr1_246683401_246683700	7572
chr19_20586301_20586600	7573
chr6_450001_450300	7574
chr22_24385201_24385500	7575
chr7_102930001_102930300	7576
chr8_53354101_53354400	7577
chr9_44118301_44118600	7578
chr2_235107001_235107300	7579
chr11_67534801_67535100	7580
chr8_39233701_39234000	7581
chr21_24828301_24828600	7582
chr4_31961701_31962000	7583
chr3_179660701_179661000	7584
chr19_47258701_47259000	7585
chr2_174543001_174543300	7586
chr4_158557801_158558100	7587
chr1_94289701_94290000	7588
chr10_46299001_46299300	7589
chr2_15752101_15752400	7590
chr1_169226401_169226700	7591
chr4_174820801_174821100	7592
chr6_31459201_31459500	7593
chr14_88166401_88166700	7594
chr6_54674701_54675000	7595
chr3_21460501_21460800	7596
chr13_75301201_75301500	7597
chr5_749101_749400	7598
chr8_82046401_82046700	7599
chr7_128217001_128217300	7600
chr9_28362001_28362300	7601
chr10_11912101_11912400	7602
chr18_41945401_41945700	7603
chr1_7552801_7553100	7604
chr20_33243301_33243600	7605
chr7_64428301_64428600	7606
chr8_89110801_89111100	7607
chr9_7437001_7437300	7608
chr4_94237501_94237800	7609
chr3_125406901_125407200	7610
chr16_63205501_63205800	7611
chr18_29540401_29540700	7612
chr18_77659201_77659500	7613
chr5_40800901_40801200	7614
chr20_32602801_32603100	7615
chr6_131228701_131229000	7616
chr2_42066901_42067200	7617
chr10_132339601_132339900	7618
chr1_21715201_21715500	7619
chr11_91937701_91938000	7620
chr22_38484901_38485200	7621
chr4_184328701_184329000	7622
chr1_11432701_11433000	7623
chr2_87162901_87163200	7624
chr5_161772601_161772900	7625
chr21_21831601_21831900	7626
chr1_96660901_96661200	7627
chr12_84902101_84902400	7628
chr10_16197301_16197600	7629
chr9_105767101_105767400	7630
chr2_241581301_241581600	7631
chr7_215401_215700	7632
chr11_84039301_84039600	7633
chr6_35265601_35265900	7634
chr1_38362201_38362500	7635
chr8_114399601_114399900	7636
chr3_144676501_144676800	7637
chr11_132486901_132487200	7638
chr6_5836801_5837100	7639
chr2_81535501_81535800	7640
chr10_73629001_73629300	7641
chr4_190250401_190250700	7642
chr9_115044901_115045200	7643
chr5_164681401_164681700	7644
chr9_16796401_16796700	7645
chr7_459901_460200	7646
chr16_58647601_58647900	7647
chr10_120147901_120148200	7648
chr20_3445801_3446100	7649
chr15_90411901_90412200	7650
chr6_31346401_31346700	7651
chr3_177814801_177815100	7652
chr7_65117401_65117700	7653
chr21_39617701_39618000	7654
chr6_75237301_75237600	7655
chr4_185014801_185015100	7656
chr9_126067801_126068100	7657
chr11_5328901_5329200	7658
chr3_157242901_157243200	7659
chr12_95629201_95629500	7660
chr2_177828601_177828900	7661
chr11_74144701_74145000	7662
chr6_46047301_46047600	7663
chr1_33439801_33440100	7664
chr5_180046201_180046500	7665
chr6_30466501_30466800	7666
chr19_54805801_54806100	7667
chr8_47500201_47500500	7668
chr4_65879101_65879400	7669
chr4_4116301_4116600	7670
chr7_118131901_118132200	7671
chr14_42582901_42583200	7672
chr16_858001_858300	7673
chr1_186566401_186566700	7674
chr3_50348701_50349000	7675
chr13_105150001_105150300	7676
chr14_51848401_51848700	7677
chr4_20849701_20850000	7678
chr15_58231801_58232100	7679
chr2_40113601_40113900	7680
chr4_9159001_9159300	7681
chr12_133812301_133812600	7682
chr9_72131701_72132000	7683
chr11_88567501_88567800	7684
chr9_83479801_83480100	7685
chr16_59474701_59475000	7686
chr2_427501_427800	7687
chr2_114454801_114455100	7688
chr8_141500701_141501000	7689
chr1_191531701_191532000	7690
chr11_17166901_17167200	7691
chr6_33329101_33329400	7692
chr13_60907501_60907800	7693
chr6_154083001_154083300	7694
chr11_84182401_84182700	7695
chr22_26937301_26937600	7696
chr8_62577901_62578200	7697
chr16_90144001_90144300	7698
chr9_44833801_44834100	7699
chr20_42744601_42744900	7700
chr2_193194901_193195200	7701
chr20_40943701_40944000	7702
chr15_101130301_101130600	7703
chr4_184675201_184675500	7704
chr6_30705001_30705300	7705
chr13_62007301_62007600	7706
chr1_79842001_79842300	7707
chr18_61258501_61258800	7708
chr1_17627701_17628000	7709
chr2_218652001_218652300	7710
chr4_8626501_8626800	7711
chr5_24801901_24802200	7712
chr13_28270501_28270800	7713
chr16_53732401_53732700	7714
chr3_137374201_137374500	7715
chr1_223817101_223817400	7716
chr2_233251501_233251800	7717
chr18_38813401_38813700	7718
chr6_38756101_38756400	7719
chr9_84915001_84915300	7720
chr1_83131801_83132100	7721
chr2_168462601_168462900	7722
chr3_19744201_19744500	7723
chr8_8083801_8084100	7724
chr6_170484901_170485200	7725
chr21_47722501_47722800	7726
chr12_133525201_133525500	7727
chr9_128542501_128542800	7728
chr6_62664001_62664300	7729
chr6_23745001_23745300	7730
chr15_57095101_57095400	7731
chr4_16598401_16598700	7732
chr9_18537601_18537900	7733
chr10_28212601_28212900	7734
chr17_1655101_1655400	7735
chr8_91711201_91711500	7736
chr18_11608501_11608800	7737
chr15_81294601_81294900	7738
chr2_138606601_138606900	7739
chr6_156091801_156092100	7740
chr9_2901301_2901600	7741
chr12_8559301_8559600	7742
chr2_51555901_51556200	7743
chr2_194796001_194796300	7744
chr2_143647501_143647800	7745
chr4_164449201_164449500	7746
chr2_193866301_193866600	7747
chr9_83479501_83479800	7748
chr3_115510201_115510500	7749
chr11_21309301_21309600	7750
chr17_35143201_35143500	7751
chr6_62664301_62664600	7752
chr9_20623501_20623800	7753
chr20_30015301_30015600	7754
chr18_40188001_40188300	7755
chr21_38774701_38775000	7756
chr4_9468601_9468900	7757
chr9_85464901_85465200	7758
chr1_18961801_18962100	7759
chr1_81826201_81826500	7760
chr20_9183601_9183900	7761
chr14_25380301_25380600	7762
chr3_117476701_117477000	7763
chr2_66813301_66813600	7764
chr1_68766301_68766600	7765
chr4_103158001_103158300	7766
chr15_101453101_101453400	7767
chr4_18115201_18115500	7768
chr3_138650701_138651000	7769
chr9_108314101_108314400	7770
chr6_55461601_55461900	7771
chr6_50864401_50864700	7772
chr1_160340401_160340700	7773
chr5_98755201_98755500	7774
chr6_69226801_69227100	7775
chr12_84110401_84110700	7776
chr2_33224701_33225000	7777
chr10_17857801_17858100	7778
chr4_80914201_80914500	7779
chr19_45012901_45013200	7780
chr3_94980601_94980900	7781
chr9_81168301_81168600	7782
chr10_107894401_107894700	7783
chr1_72798301_72798600	7784
chr19_37074901_37075200	7785
chr16_32826901_32827200	7786
chr3_9988201_9988500	7787
chr1_169225201_169225500	7788
chr9_44446201_44446500	7789
chr20_35604901_35605200	7790
chr4_101201701_101202000	7791
chr6_152343601_152343900	7792
chr9_43676401_43676700	7793
chr11_121867501_121867800	7794
chr2_170184601_170184900	7795
chr7_157406101_157406400	7796
chr20_15422701_15423000	7797
chr11_109814701_109815000	7798
chr2_1572001_1572300	7799
chr20_7640101_7640400	7800
chr10_68121301_68121600	7801
chr2_180358201_180358500	7802
chr12_12261001_12261300	7803
chr12_11666701_11667000	7804
chr20_57950101_57950400	7805
chr11_55377601_55377900	7806
chr5_128807101_128807400	7807
chr3_60233101_60233400	7808
chr3_129774001_129774300	7809
chr9_81169201_81169500	7810
chr1_95731201_95731500	7811
chr3_21998401_21998700	7812
chr10_15532801_15533100	7813
chr10_14868001_14868300	7814
chr17_75656101_75656400	7815
chr10_44043601_44043900	7816
chr14_74002801_74003100	7817
chr7_141491701_141492000	7818
chr6_31035001_31035300	7819
chr8_8068501_8068800	7820
chr16_68560501_68560800	7821
chr8_125870401_125870700	7822
chr16_9247201_9247500	7823
chr11_27871501_27871800	7824
chr12_72145201_72145500	7825
chr2_44815501_44815800	7826
chr9_7663201_7663500	7827
chr13_97635301_97635600	7828
chr13_105689401_105689700	7829
chr7_82946701_82947000	7830
chr1_179428801_179429100	7831
chr9_10828501_10828800	7832
chr8_82193401_82193700	7833
chr1_221873401_221873700	7834
chr2_7209601_7209900	7835
chr11_100430401_100430700	7836
chr15_81023701_81024000	7837
chr2_209832001_209832300	7838
chr22_24383701_24384000	7839
chr19_54810901_54811200	7840
chr11_48120301_48120600	7841
chr2_15681901_15682200	7842
chr1_168333901_168334200	7843
chr10_63955501_63955800	7844
chr1_59661001_59661300	7845
chr9_32236501_32236800	7846
chr4_185889301_185889600	7847
chr2_23143201_23143500	7848
chr3_145499701_145500000	7849
chr12_88751701_88752000	7850
chr12_49836301_49836600	7851
chr6_148032001_148032300	7852
chr11_85436101_85436400	7853
chr9_126833101_126833400	7854
chr6_92293801_92294100	7855
chr7_12996601_12996900	7856
chr7_154999501_154999800	7857
chr15_69506101_69506400	7858
chr7_146986501_146986800	7859
chr14_31720201_31720500	7860
chr7_57068401_57068700	7861
chr18_74044201_74044500	7862
chr2_86108701_86109000	7863
chr11_104435701_104436000	7864
chr13_104580601_104580900	7865
chr9_30402901_30403200	7866
chr17_39426301_39426600	7867
chr20_15854101_15854400	7868
chr14_56844001_56844300	7869
chr3_190829701_190830000	7870
chr3_183877201_183877500	7871
chr7_137830801_137831100	7872
chr4_90892801_90893100	7873
chr13_105540301_105540600	7874
chr2_221278201_221278500	7875
chr3_142971901_142972200	7876
chr11_81467701_81468000	7877
chr6_31455301_31455600	7878
chr7_130374901_130375200	7879
chr1_72810001_72810300	7880
chr6_35629201_35629500	7881
chr17_14301901_14302200	7882
chr14_53777101_53777400	7883
chr11_79391101_79391400	7884
chr8_84526501_84526800	7885
chr12_132818401_132818700	7886
chr14_50288101_50288400	7887
chr15_62707201_62707500	7888
chr18_21846301_21846600	7889
chr5_79597801_79598100	7890
chr15_92277901_92278200	7891
chr10_30316201_30316500	7892
chr17_43540801_43541100	7893
chr19_49129201_49129500	7894
chr15_79987501_79987800	7895
chr1_203888401_203888700	7896
chr4_63441301_63441600	7897
chr2_86952901_86953200	7898
chr12_8559601_8559900	7899
chr9_20702401_20702700	7900
chr1_115441501_115441800	7901
chr1_109265701_109266000	7902
chr9_23363401_23363700	7903
chr6_31222501_31222800	7904
chr19_12732301_12732600	7905
chr5_155339701_155340000	7906
chr5_40800601_40800900	7907
chr15_56402701_56403000	7908
chr17_81082801_81083100	7909
chr5_164678701_164679000	7910
chr6_82066501_82066800	7911
chr3_14778601_14778900	7912
chr5_140446801_140447100	7913
chr6_28663501_28663800	7914
chr11_121902301_121902600	7915
chr4_48365701_48366000	7916
chr5_33543001_33543300	7917
chr10_123738001_123738300	7918
chr20_46109401_46109700	7919
chr2_235555501_235555800	7920
chr2_35312701_35313000	7921
chr3_155175301_155175600	7922
chr3_2633401_2633700	7923
chr2_50159401_50159700	7924
chr11_20795701_20796000	7925
chr5_53386501_53386800	7926
chr6_12477601_12477900	7927
chr13_113666701_113667000	7928
chr10_64707601_64707900	7929
chr1_110187301_110187600	7930
chr5_43461901_43462200	7931
chr3_125678101_125678400	7932
chr14_35612701_35613000	7933
chr6_19319101_19319400	7934
chr3_179445601_179445900	7935
chr10_29551801_29552100	7936
chr13_60583501_60583800	7937
chr9_113306101_113306400	7938
chr6_33328801_33329100	7939
chr6_74594701_74595000	7940
chr5_114233101_114233400	7941
chr1_152161501_152161800	7942
chr12_91973401_91973700	7943
chr6_146744101_146744400	7944
chr4_9164101_9164400	7945
chr7_100121101_100121400	7946
chr3_97508101_97508400	7947
chr1_149619901_149620200	7948
chr11_47062201_47062500	7949
chr3_100410301_100410600	7950
chr4_114917101_114917400	7951
chr21_41346601_41346900	7952
chr9_140173201_140173500	7953
chr10_125613901_125614200	7954
chr18_75081901_75082200	7955
chr11_108628501_108628800	7956
chr12_61741501_61741800	7957
chr1_215157001_215157300	7958
chr4_84221401_84221700	7959
chr1_158711701_158712000	7960
chr2_55496401_55496700	7961
chr11_92994901_92995200	7962
chr1_11621701_11622000	7963
chr3_186569401_186569700	7964
chr21_29667901_29668200	7965
chr16_80895301_80895600	7966
chr19_54804901_54805200	7967
chr4_82747201_82747500	7968
chr8_12468301_12468600	7969
chr17_29363101_29363400	7970
chr21_21553201_21553500	7971
chr5_73648801_73649100	7972
chr6_81567301_81567600	7973
chr7_149251801_149252100	7974
chr6_51420901_51421200	7975
chr6_28605901_28606200	7976
chr18_29540701_29541000	7977
chr5_18924001_18924300	7978
chr4_9470101_9470400	7979
chr7_139482301_139482600	7980
chr1_182111701_182112000	7981
chr20_1583101_1583400	7982
chr18_69892501_69892800	7983
chr6_111966601_111966900	7984
chr8_56645101_56645400	7985
chr4_2366701_2367000	7986
chr8_79808401_79808700	7987
chr9_138903301_138903600	7988
chr8_2075401_2075700	7989
chr1_23752801_23753100	7990
chr3_63890101_63890400	7991
chr5_77392501_77392800	7992
chr12_13831801_13832100	7993
chr1_149148001_149148300	7994
chr3_13681801_13682100	7995
chr17_1961701_1962000	7996
chr21_19672201_19672500	7997
chr12_59830801_59831100	7998
chr1_71164201_71164500	7999
chr17_67904401_67904700	8000
chr6_160427101_160427400	8001
chr5_110171401_110171700	8002
chr2_185937001_185937300	8003
chr2_138606301_138606600	8004
chr3_161695201_161695500	8005
chr4_35275501_35275800	8006
chr14_76032301_76032600	8007
chr9_25906801_25907100	8008
chr5_1191601_1191900	8009
chr10_73508401_73508700	8010
chr14_106539601_106539900	8011
chr3_176690701_176691000	8012
chr1_25648801_25649100	8013
chr6_118425001_118425300	8014
chr7_132670201_132670500	8015
chr9_14911501_14911800	8016
chr4_128080801_128081100	8017
chr6_162760201_162760500	8018
chr2_88674301_88674600	8019
chr3_10686301_10686600	8020
chr12_39554101_39554400	8021
chr7_56728501_56728800	8022
chr9_87518401_87518700	8023
chr8_90473701_90474000	8024
chr19_16636201_16636500	8025
chr6_46821001_46821300	8026
chr17_61534201_61534500	8027
chr7_20708401_20708700	8028
chr5_125581501_125581800	8029
chr20_36105601_36105900	8030
chr4_177808501_177808800	8031
chr1_174031201_174031500	8032
chr20_1592701_1593000	8033
chr1_239675701_239676000	8034
chr12_2215201_2215500	8035
chr17_44590501_44590800	8036
chr6_54981001_54981300	8037
chr22_24384901_24385200	8038
chr9_116225701_116226000	8039
chr15_30192001_30192300	8040
chr19_55322701_55323000	8041
chr20_40546801_40547100	8042
chr13_110436601_110436900	8043
chr16_61459501_61459800	8044
chr6_98715301_98715600	8045
chr5_114451501_114451800	8046
chr10_116760301_116760600	8047
chr6_136496101_136496400	8048
chr11_93677701_93678000	8049
chr16_89259001_89259300	8050
chr14_36446401_36446700	8051
chr5_132266101_132266400	8052
chr6_150825301_150825600	8053
chr11_3272401_3272700	8054
chr11_62936101_62936400	8055
chr14_47928601_47928900	8056
chr9_38863201_38863500	8057
chr18_69876601_69876900	8058
chr13_69467101_69467400	8059
chr4_115368901_115369200	8060
chr4_35448901_35449200	8061
chr4_87472501_87472800	8062
chr19_33067501_33067800	8063
chr6_31113001_31113300	8064
chr19_54807301_54807600	8065
chr13_55035901_55036200	8066
chr4_77840701_77841000	8067
chr16_60032401_60032700	8068
chr4_109305601_109305900	8069
chr4_152283601_152283900	8070
chr17_43536001_43536300	8071
chr9_95583901_95584200	8072
chr12_124857901_124858200	8073
chr17_76282801_76283100	8074
chr11_25802101_25802400	8075
chr1_104385301_104385600	8076
chr14_39754501_39754800	8077
chr12_114965401_114965700	8078
chr22_23903101_23903400	8079
chr5_77919001_77919300	8080
chr7_125598301_125598600	8081
chr14_92069101_92069400	8082
chr5_139089901_139090200	8083
chr4_28602301_28602600	8084
chr5_6540601_6540900	8085
chr10_12869401_12869700	8086
chr7_143921101_143921400	8087
chr20_12790501_12790800	8088
chr3_78166201_78166500	8089
chr1_156976801_156977100	8090
chr1_248755201_248755500	8091
chr1_25211101_25211400	8092
chr9_43502101_43502400	8093
chr11_116304001_116304300	8094
chr1_24267601_24267900	8095
chr4_145856401_145856700	8096
chr14_106539901_106540200	8097
chr9_140713501_140713800	8098
chr9_137356501_137356800	8099
chr8_139648801_139649100	8100
chr2_184373101_184373400	8101
chr1_220649101_220649400	8102
chr6_3146101_3146400	8103
chr7_77546701_77547000	8104
chr4_4121101_4121400	8105
chr9_90469501_90469800	8106
chr6_33028201_33028500	8107
chr22_24379801_24380100	8108
chr1_184814401_184814700	8109
chr15_71417401_71417700	8110
chr11_21309601_21309900	8111
chr14_45146701_45147000	8112
chr4_130066801_130067100	8113
chr9_33141601_33141900	8114
chr6_151518901_151519200	8115
chr6_5038501_5038800	8116
chr10_56090701_56091000	8117
chr4_9573601_9573900	8118
chr7_48500701_48501000	8119
chr1_79133701_79134000	8120
chr6_23622901_23623200	8121
chr9_71804701_71805000	8122
chr6_113830801_113831100	8123
chr11_87932101_87932400	8124
chr11_124041301_124041600	8125
chr10_57511501_57511800	8126
chr4_70093201_70093500	8127
chr13_112896301_112896600	8128
chr21_14883001_14883300	8129
chr15_23979301_23979600	8130
chr9_124993201_124993500	8131
chr18_1952101_1952400	8132
chr1_1355701_1356000	8133
chr4_21605101_21605400	8134
chr1_223836301_223836600	8135
chr9_112812001_112812300	8136
chr2_53825701_53826000	8137
chr14_40344901_40345200	8138
chr2_3699301_3699600	8139
chr18_41648701_41649000	8140
chr7_22811101_22811400	8141
chr2_57661801_57662100	8142
chr16_65884501_65884800	8143
chr16_89646301_89646600	8144
chr3_113966701_113967000	8145
chr6_38841901_38842200	8146
chr12_440401_440700	8147
chr6_27795001_27795300	8148
chr2_184757401_184757700	8149
chr13_51889201_51889500	8150
chr11_104328901_104329200	8151
chr11_112732501_112732800	8152
chr10_77078401_77078700	8153
chr9_139399201_139399500	8154
chr18_66739501_66739800	8155
chr5_63972001_63972300	8156
chr17_61524301_61524600	8157
chr9_39387301_39387600	8158
chr2_40721101_40721400	8159
chr3_145051201_145051500	8160
chr1_111887101_111887400	8161
chr6_19319401_19319700	8162
chr1_169636501_169636800	8163
chr11_23268301_23268600	8164
chr5_99321901_99322200	8165
chr3_60323701_60324000	8166
chr6_132991201_132991500	8167
chr1_210310501_210310800	8168
chr3_103441801_103442100	8169
chr12_9645601_9645900	8170
chr6_141028201_141028500	8171
chr11_47061901_47062200	8172
chr21_28028401_28028700	8173
chr6_93654601_93654900	8174
chr11_69714601_69714900	8175
chr11_99073501_99073800	8176
chr20_16770601_16770900	8177
chr4_9458701_9459000	8178
chr20_1556101_1556400	8179
chr10_115540801_115541100	8180
chr2_35979001_35979300	8181
chr9_44822701_44823000	8182
chr2_3159601_3159900	8183
chr16_22791601_22791900	8184
chr4_94921501_94921800	8185
chr1_59637901_59638200	8186
chr4_4148701_4149000	8187
chr3_108720901_108721200	8188
chr14_73328101_73328400	8189
chr6_31450501_31450800	8190
chr12_58729201_58729500	8191
chr19_18980101_18980400	8192
chr2_202914001_202914300	8193
chr16_83124901_83125200	8194
chr13_19248001_19248300	8195
chr6_157468801_157469100	8196
chr1_210081601_210081900	8197
chr6_29602801_29603100	8198
chr14_105351001_105351300	8199
chr5_12815701_12816000	8200
chr7_108690601_108690900	8201
chr5_131788501_131788800	8202
chr4_73953301_73953600	8203
chr19_45013201_45013500	8204
chr17_15689401_15689700	8205
chr11_59968501_59968800	8206
chr6_57627001_57627300	8207
chr21_47802001_47802300	8208
chr6_29759401_29759700	8209
chr12_7068001_7068300	8210
chr16_22791301_22791600	8211
chr2_217445401_217445700	8212
chr8_117961801_117962100	8213
chr15_64219801_64220100	8214
chr1_212634601_212634900	8215
chr2_183048601_183048900	8216
chr10_106398901_106399200	8217
chr1_201150601_201150900	8218
chr4_138816601_138816900	8219
chr10_44941501_44941800	8220
chr11_23784301_23784600	8221
chr10_135036301_135036600	8222
chr21_38630101_38630400	8223
chr6_30754801_30755100	8224
chr1_178101001_178101300	8225
chr1_11622001_11622300	8226
chr1_113612101_113612400	8227
chr21_47279101_47279400	8228
chr8_145103401_145103700	8229
chr19_518701_519000	8230
chr10_99870301_99870600	8231
chr4_189792901_189793200	8232
chr7_50527501_50527800	8233
chr21_45619501_45619800	8234
chr4_64056001_64056300	8235
chr2_1223701_1224000	8236
chr7_18099901_18100200	8237
chr3_81372301_81372600	8238
chr11_81373201_81373500	8239
chr19_39288601_39288900	8240
chr2_732301_732600	8241
chr1_145668001_145668300	8242
chr8_33444901_33445200	8243
chr6_21797401_21797700	8244
chr2_49001401_49001700	8245
chr2_99438901_99439200	8246
chr2_239448901_239449200	8247
chr16_79739401_79739700	8248
chr11_101566501_101566800	8249
chr13_75694801_75695100	8250
chr10_62932501_62932800	8251
chr4_9459301_9459600	8252
chr10_92124901_92125200	8253
chr2_233649901_233650200	8254
chr9_43613101_43613400	8255
chr4_18146701_18147000	8256
chr14_72501601_72501900	8257
chr13_53856001_53856300	8258
chr4_1017901_1018200	8259
chr7_21790501_21790800	8260
chr4_10643101_10643400	8261
chr13_64994101_64994400	8262
chr16_21725401_21725700	8263
chr15_39286501_39286800	8264
chr7_115035601_115035900	8265
chr6_31147201_31147500	8266
chr16_18486901_18487200	8267
chr4_188128801_188129100	8268
chr11_8818801_8819100	8269
chr8_56645401_56645700	8270
chr6_108514801_108515100	8271
chr10_23322901_23323200	8272
chr4_71926501_71926800	8273
chr1_78750601_78750900	8274
chr8_112295101_112295400	8275
chr3_56382601_56382900	8276
chr6_157186801_157187100	8277
chr8_9297901_9298200	8278
chr13_19764001_19764300	8279
chr8_145051801_145052100	8280
chr8_57016801_57017100	8281
chr1_8561101_8561400	8282
chr6_32495101_32495400	8283
chr9_72577201_72577500	8284
chr13_25514401_25514700	8285
chr17_6696301_6696600	8286
chr3_173357701_173358000	8287
chr21_47604301_47604600	8288
chr5_116786101_116786400	8289
chr12_15106501_15106800	8290
chr15_35238601_35238900	8291
chr9_115830001_115830300	8292
chr18_9142501_9142800	8293
chr21_47205301_47205600	8294
chr6_29648401_29648700	8295
chr11_14242801_14243100	8296
chr18_14999401_14999700	8297
chr1_55998001_55998300	8298
chr2_151747801_151748100	8299
chr11_43286701_43287000	8300
chr22_31509001_31509300	8301
chr3_147724501_147724800	8302
chr18_55104301_55104600	8303
chr9_94409101_94409400	8304
chr1_77997601_77997900	8305
chr5_97040401_97040700	8306
chr11_46045801_46046100	8307
chr3_80657401_80657700	8308
chr13_97635601_97635900	8309
chr6_118425301_118425600	8310
chr7_85997101_85997400	8311
chr17_18381601_18381900	8312
chr16_1787701_1788000	8313
chr17_44652301_44652600	8314
chr6_52520401_52520700	8315
chr4_150160801_150161100	8316
chr7_158532901_158533200	8317
chr16_88598401_88598700	8318
chr9_74066101_74066400	8319
chr14_31906201_31906500	8320
chr18_28738801_28739100	8321
chr4_102078301_102078600	8322
chr18_61987801_61988100	8323
chr2_104262901_104263200	8324
chr2_42306901_42307200	8325
chr6_75339601_75339900	8326
chr15_81532801_81533100	8327
chr2_51254701_51255000	8328
chr15_101094901_101095200	8329
chr21_37802401_37802700	8330
chr2_221450401_221450700	8331
chr9_199801_200100	8332
chr16_6028201_6028500	8333
chr2_34720501_34720800	8334
chr11_30327001_30327300	8335
chr17_43807801_43808100	8336
chr3_190543201_190543500	8337
chr10_56718901_56719200	8338
chr20_1895701_1896000	8339
chr4_141831901_141832200	8340
chr17_48071401_48071700	8341
chr14_74015701_74016000	8342
chr15_81533101_81533400	8343
chr3_143081401_143081700	8344
chr3_130347301_130347600	8345
chr1_223372501_223372800	8346
chr11_99960901_99961200	8347
chr7_156400201_156400500	8348
chr1_19357201_19357500	8349
chr21_26508001_26508300	8350
chr20_32603101_32603400	8351
chr9_106761601_106761900	8352
chr19_41608801_41609100	8353
chr4_4149301_4149600	8354
chr2_228998701_228999000	8355
chr1_169236301_169236600	8356
chr1_106023001_106023300	8357
chr5_95262901_95263200	8358
chr10_134942401_134942700	8359
chr3_74029501_74029800	8360
chr4_5057101_5057400	8361
chr10_104629501_104629800	8362
chr22_40897501_40897800	8363
chr8_31245601_31245900	8364
chr17_44467501_44467800	8365
chr12_66527401_66527700	8366
chr3_103772701_103773000	8367
chr6_54981301_54981600	8368
chr20_23262901_23263200	8369
chr3_76671301_76671600	8370
chr3_163464301_163464600	8371
chr15_50465101_50465400	8372
chr12_77719501_77719800	8373
chr11_84282301_84282600	8374
chr13_19239301_19239600	8375
chr3_145279801_145280100	8376
chr15_52274101_52274400	8377
chr10_11703001_11703300	8378
chr1_149568001_149568300	8379
chr7_15393601_15393900	8380
chr4_96579901_96580200	8381
chr9_81783901_81784200	8382
chr11_18220501_18220800	8383
chr6_82162801_82163100	8384
chr9_96580501_96580800	8385
chr6_33027601_33027900	8386
chr4_75840001_75840300	8387
chr8_26808901_26809200	8388
chr1_228953101_228953400	8389
chr7_72698101_72698400	8390
chr22_24376501_24376800	8391
chr5_31940401_31940700	8392
chr9_74065801_74066100	8393
chr12_80387101_80387400	8394
chr17_39426001_39426300	8395
chr6_155008501_155008800	8396
chr5_51063601_51063900	8397
chr2_7482001_7482300	8398
chr9_43621801_43622100	8399
chr2_176241301_176241600	8400
chr5_178259401_178259700	8401
chr11_6841801_6842100	8402
chr5_33387901_33388200	8403
chr3_56617801_56618100	8404
chr22_27300901_27301200	8405
chr18_76542301_76542600	8406
chr19_2291401_2291700	8407
chr10_60285001_60285300	8408
chr1_39613201_39613500	8409
chr11_28842601_28842900	8410
chr4_79134001_79134300	8411
chr14_21954001_21954300	8412
chr14_92035801_92036100	8413
chr4_1357801_1358100	8414
chr3_70564801_70565100	8415
chr4_177147001_177147300	8416
chr19_616501_616800	8417
chr9_113306401_113306700	8418
chr8_94075501_94075800	8419
chr9_44823601_44823900	8420
chr1_156527401_156527700	8421
chr5_147379501_147379800	8422
chr11_1531501_1531800	8423
chr18_9255301_9255600	8424
chr15_95331301_95331600	8425
chr5_53771701_53772000	8426
chr19_29732101_29732400	8427
chr11_48662101_48662400	8428
chr7_37741801_37742100	8429
chr2_228734701_228735000	8430
chr13_37574101_37574400	8431
chr15_97527601_97527900	8432
chr10_95889601_95889900	8433
chr5_82201201_82201500	8434
chr10_72630901_72631200	8435
chr12_52242601_52242900	8436
chr6_70119301_70119600	8437
chr16_89701501_89701800	8438
chr16_89701201_89701500	8439
chr6_30969001_30969300	8440
chr10_18286201_18286500	8441
chr15_98068801_98069100	8442
chr7_22436101_22436400	8443
chr3_228901_229200	8444
chr1_70247401_70247700	8445
chr19_43709101_43709400	8446
chr17_68260201_68260500	8447
chr4_29227501_29227800	8448
chr1_203598301_203598600	8449
chr17_44411701_44412000	8450
chr13_83528101_83528400	8451
chr2_239677801_239678100	8452
chr5_126905101_126905400	8453
chr2_1225801_1226100	8454
chr3_44622601_44622900	8455
chr18_54947101_54947400	8456
chr9_30403201_30403500	8457
chr6_26137201_26137500	8458
chr8_20227201_20227500	8459
chr3_78933601_78933900	8460
chr1_60435301_60435600	8461
chr1_112150201_112150500	8462
chr4_113678701_113679000	8463
chr17_4297801_4298100	8464
chr2_119922301_119922600	8465
chr20_30339001_30339300	8466
chr12_59359801_59360100	8467
chr2_1538101_1538400	8468
chr4_42180301_42180600	8469
chr20_46109701_46110000	8470
chr6_55774501_55774800	8471
chr4_48661801_48662100	8472
chr12_13635001_13635300	8473
chr15_48235501_48235800	8474
chr20_9183301_9183600	8475
chr16_3151801_3152100	8476
chr8_53852401_53852700	8477
chr20_11176501_11176800	8478
chr1_165084901_165085200	8479
chr12_115191601_115191900	8480
chr6_31107601_31107900	8481
chr4_152814901_152815200	8482
chr3_97127101_97127400	8483
chr1_119862901_119863200	8484
chr6_33584401_33584700	8485
chr11_70482901_70483200	8486
chr5_127256701_127257000	8487
chr17_32135101_32135400	8488
chr6_31346101_31346400	8489
chr10_81491701_81492000	8490
chr7_118737301_118737600	8491
chr12_112761601_112761900	8492
chr3_42126601_42126900	8493
chr1_198804301_198804600	8494
chr10_87203701_87204000	8495
chr5_123075301_123075600	8496
chr16_74203201_74203500	8497
chr1_37546501_37546800	8498
chr4_128080501_128080800	8499
chr9_38905801_38906100	8500
chr10_88580701_88581000	8501
chr7_145126501_145126800	8502
chr1_118914301_118914600	8503
chr9_135946801_135947100	8504
chr4_154143001_154143300	8505
chr3_2391901_2392200	8506
chr4_121516801_121517100	8507
chr22_18047401_18047700	8508
chr1_176836801_176837100	8509
chr21_24587101_24587400	8510
chr16_18967501_18967800	8511
chr7_31317901_31318200	8512
chr4_58404301_58404600	8513
chr16_11687701_11688000	8514
chr7_1167901_1168200	8515
chr21_16589701_16590000	8516
chr9_73653301_73653600	8517
chr2_228712801_228713100	8518
chr3_72397201_72397500	8519
chr6_31269301_31269600	8520
chr10_45158101_45158400	8521
chr2_114906301_114906600	8522
chr12_91249201_91249500	8523
chr20_62194501_62194800	8524
chr3_303001_303300	8525
chr15_75795901_75796200	8526
chr17_79095601_79095900	8527
chr13_41785501_41785800	8528
chr6_32466901_32467200	8529
chr12_104135101_104135400	8530
chr9_43586701_43587000	8531
chr6_29849101_29849400	8532
chr3_146874601_146874900	8533
chr4_142264201_142264500	8534
chr13_73603801_73604100	8535
chr2_50504401_50504700	8536
chr3_58275601_58275900	8537
chr9_121981501_121981800	8538
chr20_52866901_52867200	8539
chr11_46382701_46383000	8540
chr9_7611301_7611600	8541
chr6_161974201_161974500	8542
chr6_157702201_157702500	8543
chr9_4333201_4333500	8544
chr10_21004501_21004800	8545
chr4_31998001_31998300	8546
chr17_2720401_2720700	8547
chr3_138934501_138934800	8548
chr6_53288401_53288700	8549
chr2_88440301_88440600	8550
chr18_26379901_26380200	8551
chr7_4842301_4842600	8552
chr9_29189101_29189400	8553
chr8_13894801_13895100	8554
chr12_84785401_84785700	8555
chr4_105849001_105849300	8556
chr6_3092401_3092700	8557
chr4_171024301_171024600	8558
chr22_24388201_24388500	8559
chr12_100634101_100634400	8560
chr17_31630501_31630800	8561
chr7_144439801_144440100	8562
chr1_99463501_99463800	8563
chr15_32366101_32366400	8564
chr16_60832801_60833100	8565
chr19_3175501_3175800	8566
chr2_47047501_47047800	8567
chr1_196582201_196582500	8568
chr20_40855501_40855800	8569
chr14_106789801_106790100	8570
chr2_58231201_58231500	8571
chr4_84528001_84528300	8572
chr4_28239901_28240200	8573
chr4_35974801_35975100	8574
chr10_83901301_83901600	8575
chr3_181036501_181036800	8576
chr9_121477501_121477800	8577
chr8_56289901_56290200	8578
chr4_44113801_44114100	8579
chr8_109926301_109926600	8580
chr10_89494501_89494800	8581
chr6_147964801_147965100	8582
chr13_91546201_91546500	8583
chr12_20210701_20211000	8584
chr8_129537301_129537600	8585
chr1_72806101_72806400	8586
chr2_48783901_48784200	8587
chr18_39021601_39021900	8588
chr6_33298201_33298500	8589
chr13_83179801_83180100	8590
chr6_32029201_32029500	8591
chr11_1456501_1456800	8592
chr5_24802201_24802500	8593
chr7_3357001_3357300	8594
chr11_9000001_9000300	8595
chr11_56202901_56203200	8596
chr15_43307101_43307400	8597
chr6_31298101_31298400	8598
chr1_35267701_35268000	8599
chr8_122586601_122586900	8600
chr18_9826801_9827100	8601
chr7_70034401_70034700	8602
chr2_113190301_113190600	8603
chr2_213542401_213542700	8604
chr10_47262901_47263200	8605
chr21_27875701_27876000	8606
chr4_65878801_65879100	8607
chr6_95976301_95976600	8608
chr7_96984301_96984600	8609
chr3_125709001_125709300	8610
chr2_177680101_177680400	8611
chr9_86418901_86419200	8612
chr4_186802201_186802500	8613
chr2_40219801_40220100	8614
chr14_106185901_106186200	8615
chr6_23762701_23763000	8616
chr10_112526701_112527000	8617
chr15_33228601_33228900	8618
chr3_82414501_82414800	8619
chr11_58692901_58693200	8620
chr4_170742301_170742600	8621
chr19_125401_125700	8622
chr1_102503401_102503700	8623
chr1_10877701_10878000	8624
chr4_3918601_3918900	8625
chr1_54112501_54112800	8626
chr8_114727501_114727800	8627
chr4_161401201_161401500	8628
chr7_115035301_115035600	8629
chr1_176837101_176837400	8630
chr3_168680701_168681000	8631
chr3_81190501_81190800	8632
chr11_24357301_24357600	8633
chr2_77134501_77134800	8634
chr16_31475701_31476000	8635
chr7_134252401_134252700	8636
chr2_122562601_122562900	8637
chr6_165729001_165729300	8638
chr6_146763001_146763300	8639
chr7_63642301_63642600	8640
chr7_641401_641700	8641
chr1_70149901_70150200	8642
chr2_43911001_43911300	8643
chr4_38184301_38184600	8644
chr1_237401101_237401400	8645
chr5_146609701_146610000	8646
chr1_233528701_233529000	8647
chr2_82378201_82378500	8648
chr4_3224701_3225000	8649
chr16_18337801_18338100	8650
chr2_221710801_221711100	8651
chr8_144918001_144918300	8652
chr6_34202701_34203000	8653
chr15_101173801_101174100	8654
chr4_111000601_111000900	8655
chr19_55994401_55994700	8656
chr8_33324001_33324300	8657
chr7_496201_496500	8658
chr8_103513201_103513500	8659
chr10_58630801_58631100	8660
chr11_34405501_34405800	8661
chr1_98668201_98668500	8662
chr6_81970801_81971100	8663
chr5_80151001_80151300	8664
chr19_36246601_36246900	8665
chr10_26463001_26463300	8666
chr7_76145701_76146000	8667
chr9_71367301_71367600	8668
chr16_65730301_65730600	8669
chr9_121805401_121805700	8670
chr22_19714501_19714800	8671
chr2_172909801_172910100	8672
chr7_139482601_139482900	8673
chr5_180408901_180409200	8674
chr7_154674901_154675200	8675
chr5_67928701_67929000	8676
chr4_29711701_29712000	8677
chr9_14802901_14803200	8678
chr2_41331601_41331900	8679
chr1_25126201_25126500	8680
chr10_63251401_63251700	8681
chr1_176365501_176365800	8682
chr14_85565401_85565700	8683
chr11_64875901_64876200	8684
chr7_56436001_56436300	8685
chr1_174345001_174345300	8686
chr1_217754401_217754700	8687
chr1_11041501_11041800	8688
chr2_41331301_41331600	8689
chr6_42758101_42758400	8690
chr10_130361101_130361400	8691
chr9_106629301_106629600	8692
chr2_231011401_231011700	8693
chr12_80701201_80701500	8694
chr7_136673101_136673400	8695
chr18_71699401_71699700	8696
chr8_100387501_100387800	8697
chr4_187884901_187885200	8698
chr8_142561201_142561500	8699
chr11_19273501_19273800	8700
chr1_30527401_30527700	8701
chr6_32417401_32417700	8702
chr4_94838101_94838400	8703
chr8_41660701_41661000	8704
chr13_55737301_55737600	8705
chr9_33213901_33214200	8706
chr1_45571801_45572100	8707
chr9_20972401_20972700	8708
chr4_14570101_14570400	8709
chr10_28041901_28042200	8710
chr1_223739101_223739400	8711
chr3_46536301_46536600	8712
chr14_36446101_36446400	8713
chr17_16593001_16593300	8714
chr3_34522801_34523100	8715
chr1_2238001_2238300	8716
chr22_51169501_51169800	8717
chr19_12984301_12984600	8718
chr21_41138101_41138400	8719
chr4_921301_921600	8720
chr5_38021701_38022000	8721
chr1_110229901_110230200	8722
chr1_104799001_104799300	8723
chr4_137596201_137596500	8724
chr9_14803201_14803500	8725
chr1_20932201_20932500	8726
chr6_77907601_77907900	8727
chr16_88245901_88246200	8728
chr17_78463201_78463500	8729
chr1_157278901_157279200	8730
chr3_56382901_56383200	8731
chr1_64704601_64704900	8732
chr22_20715601_20715900	8733
chr5_98840701_98841000	8734
chr1_223625701_223626000	8735
chr5_56670901_56671200	8736
chr6_13993801_13994100	8737
chr9_90552901_90553200	8738
chr15_55573801_55574100	8739
chr10_26999101_26999400	8740
chr3_73884601_73884900	8741
chr4_80533501_80533800	8742
chr9_9750001_9750300	8743
chr11_24570601_24570900	8744
chr12_8585701_8586000	8745
chr3_77841601_77841900	8746
chr18_76766101_76766400	8747
chr16_68820601_68820900	8748
chr14_82998301_82998600	8749
chr2_122058901_122059200	8750
chr5_70914001_70914300	8751
chr3_147606901_147607200	8752
chr7_48450601_48450900	8753
chr7_70421101_70421400	8754
chr20_33064201_33064500	8755
chr10_21165301_21165600	8756
chr1_119597401_119597700	8757
chr19_8295901_8296200	8758
chr8_13478101_13478400	8759
chr18_14450401_14450700	8760
chr17_33501601_33501900	8761
chr5_117285301_117285600	8762
chr21_40265701_40266000	8763
chr9_78921001_78921300	8764
chr14_87371701_87372000	8765
chr9_19433701_19434000	8766
chr17_7003801_7004100	8767
chr4_65745001_65745300	8768
chr14_81319801_81320100	8769
chr19_54917401_54917700	8770
chr8_144634501_144634800	8771
chr5_35042401_35042700	8772
chr18_65243701_65244000	8773
chr8_95619301_95619600	8774
chr3_145253401_145253700	8775
chr1_116891401_116891700	8776
chr20_60521701_60522000	8777
chr12_19361101_19361400	8778
chr10_101555401_101555700	8779
chr11_109218001_109218300	8780
chr11_56202601_56202900	8781
chr9_136693201_136693500	8782
chr4_23288401_23288700	8783
chr18_47415901_47416200	8784
chr7_644101_644400	8785
chr8_112284901_112285200	8786
chr15_34746601_34746900	8787
chr8_32226901_32227200	8788
chr18_39230101_39230400	8789
chr4_14690101_14690400	8790
chr21_31659901_31660200	8791
chr5_19810801_19811100	8792
chr7_98751301_98751600	8793
chr6_85813501_85813800	8794
chr12_43995001_43995300	8795
chr9_78966301_78966600	8796
chr8_126514801_126515100	8797
chr2_76755001_76755300	8798
chr16_13165201_13165500	8799
chr14_106380001_106380300	8800
chr8_47906101_47906400	8801
chr3_183876901_183877200	8802
chr5_11644201_11644500	8803
chr1_212959201_212959500	8804
chr9_44274301_44274600	8805
chr9_44269201_44269500	8806
chr6_19660501_19660800	8807
chr7_88464001_88464300	8808
chr9_9007801_9008100	8809
chr3_40119301_40119600	8810
chr6_136495801_136496100	8811
chr21_41448901_41449200	8812
chr11_49286701_49287000	8813
chr14_55701301_55701600	8814
chr3_167542801_167543100	8815
chr19_1047301_1047600	8816
chr7_73250101_73250400	8817
chr1_195690301_195690600	8818
chr11_8920501_8920800	8819
chr2_7641901_7642200	8820
chr16_52430401_52430700	8821
chr3_64674001_64674300	8822
chr8_33323701_33324000	8823
chr3_67494901_67495200	8824
chr13_73047001_73047300	8825
chr12_47565301_47565600	8826
chr6_12750601_12750900	8827
chr15_55292701_55293000	8828
chr8_33729901_33730200	8829
chr10_132910801_132911100	8830
chr3_186569101_186569400	8831
chr5_162000901_162001200	8832
chr3_138934201_138934500	8833
chr18_21729601_21729900	8834
chr16_79001701_79002000	8835
chr14_30090301_30090600	8836
chr3_148986301_148986600	8837
chr1_62163001_62163300	8838
chr7_115738801_115739100	8839
chr7_77546401_77546700	8840
chr22_27301201_27301500	8841
chr8_53851201_53851500	8842
chr17_40761901_40762200	8843
chr5_109853401_109853700	8844
chr14_25136401_25136700	8845
chr17_26711701_26712000	8846
chr14_85565701_85566000	8847
chr14_45869401_45869700	8848
chr10_77078701_77079000	8849
chr19_54805501_54805800	8850
chr7_83362801_83363100	8851
chr2_97471801_97472100	8852
chr16_75794101_75794400	8853
chr1_147234301_147234600	8854
chr15_89096401_89096700	8855
chr1_55093501_55093800	8856
chr3_177814501_177814800	8857
chr1_104385601_104385900	8858
chr4_136518001_136518300	8859
chr4_57372001_57372300	8860
chr6_152334001_152334300	8861
chr20_61304701_61305000	8862
chr17_9130801_9131100	8863
chr3_55392901_55393200	8864
chr7_91220101_91220400	8865
chr8_35536201_35536500	8866
chr8_106761901_106762200	8867
chr1_112150501_112150800	8868
chr12_8568001_8568300	8869
chr5_16624201_16624500	8870
chr2_175090501_175090800	8871
chr14_63632401_63632700	8872
chr4_187094701_187095000	8873
chr13_85726201_85726500	8874
chr8_121552801_121553100	8875
chr3_173357401_173357700	8876
chr5_5027401_5027700	8877
chr7_146922901_146923200	8878
chr16_82151401_82151700	8879
chr10_91194901_91195200	8880
chr12_30499501_30499800	8881
chr10_23803801_23804100	8882
chr14_54760201_54760500	8883
chr3_145500001_145500300	8884
chr1_54699001_54699300	8885
chr3_71493301_71493600	8886
chr8_22824601_22824900	8887
chr7_37332301_37332600	8888
chr6_29924101_29924400	8889
chr10_38645401_38645700	8890
chr1_174444301_174444600	8891
chr12_132393001_132393300	8892
chr4_155446501_155446800	8893
chr7_39232201_39232500	8894
chr4_107463301_107463600	8895
chr18_40874701_40875000	8896
chr4_164583301_164583600	8897
chr2_173703901_173704200	8898
chr4_158431201_158431500	8899
chr4_10221001_10221300	8900
chr15_37398601_37398900	8901
chr12_108185101_108185400	8902
chr11_7901401_7901700	8903
chr6_31140001_31140300	8904
chr10_126195901_126196200	8905
chr2_235013401_235013700	8906
chr20_51876601_51876900	8907
chr8_132744001_132744300	8908
chr17_855601_855900	8909
chr8_116778601_116778900	8910
chr3_6882001_6882300	8911
chr15_24405901_24406200	8912
chr11_69714901_69715200	8913
chr12_109893001_109893300	8914
chr15_96004801_96005100	8915
chr6_84257701_84258000	8916
chr1_108360901_108361200	8917
chr1_47496601_47496900	8918
chr2_148584601_148584900	8919
chr5_468301_468600	8920
chr18_77642401_77642700	8921
chr13_40033201_40033500	8922
chr3_194840101_194840400	8923
chr6_122846101_122846400	8924
chr16_78380701_78381000	8925
chr6_27107101_27107400	8926
chr6_31422901_31423200	8927
chr10_38619901_38620200	8928
chr4_7904401_7904700	8929
chr4_190412401_190412700	8930
chr4_159584701_159585000	8931
chr6_146743801_146744100	8932
chr14_20608501_20608800	8933
chr2_236710801_236711100	8934
chr3_103548301_103548600	8935
chr17_1961401_1961700	8936
chr13_26615101_26615400	8937
chr11_83542801_83543100	8938
chr6_76834501_76834800	8939
chr2_33094801_33095100	8940
chr16_82698601_82698900	8941
chr13_103734001_103734300	8942
chr19_52900801_52901100	8943
chr7_149251501_149251800	8944
chr10_7691101_7691400	8945
chr15_31776301_31776600	8946
chr7_6836101_6836400	8947
chr17_14567101_14567400	8948
chr3_78400201_78400500	8949
chr8_71514301_71514600	8950
chr5_152753701_152754000	8951
chr4_46429501_46429800	8952
chr4_91268701_91269000	8953
chr15_100338601_100338900	8954
chr14_64504501_64504800	8955
chr7_63250501_63250800	8956
chr13_55036201_55036500	8957
chr16_61662901_61663200	8958
chr12_10582201_10582500	8959
chr3_64542301_64542600	8960
chr1_72776401_72776700	8961
chr6_162131701_162132000	8962
chr4_160380301_160380600	8963
chr14_92098201_92098500	8964
chr12_8337001_8337300	8965
chr7_144634801_144635100	8966
chr4_35449201_35449500	8967
chr7_32669401_32669700	8968
chr9_139595701_139596000	8969
chr7_115797001_115797300	8970
chr10_132370801_132371100	8971
chr20_41181901_41182200	8972
chr7_96405001_96405300	8973
chr11_27843901_27844200	8974
chr8_36096001_36096300	8975
chr16_29422801_29423100	8976
chr7_98871301_98871600	8977
chr9_140174101_140174400	8978
chr10_54610201_54610500	8979
chr2_179633101_179633400	8980
chr19_44052001_44052300	8981
chr3_176487001_176487300	8982
chr5_116262601_116262900	8983
chr4_137596501_137596800	8984
chr9_83309401_83309700	8985
chr6_62277601_62277900	8986
chr11_46101001_46101300	8987
chr12_64936801_64937100	8988
chr8_28135801_28136100	8989
chr5_106399801_106400100	8990
chr10_23763001_23763300	8991
chr14_29962201_29962500	8992
chr2_178647301_178647600	8993
chr12_94358101_94358400	8994
chr9_34137601_34137900	8995
chr2_3637801_3638100	8996
chr12_92317501_92317800	8997
chr5_49671601_49671900	8998
chr6_170906401_170906700	8999
chr19_871501_871800	9000
chr2_65939101_65939400	9001
chr17_50206801_50207100	9002
chr13_75694501_75694800	9003
chr12_69771001_69771300	9004
chr17_44490301_44490600	9005
chr6_150416701_150417000	9006
chr5_90611701_90612000	9007
chr1_169134001_169134300	9008
chr7_70422301_70422600	9009
chr12_26891401_26891700	9010
chr13_96761101_96761400	9011
chr8_71514001_71514300	9012
chr16_22734301_22734600	9013
chr4_40575601_40575900	9014
chr12_31408801_31409100	9015
chr1_64880701_64881000	9016
chr9_123101401_123101700	9017
chr5_23743801_23744100	9018
chr12_131640601_131640900	9019
chr9_121671901_121672200	9020
chr3_101756401_101756700	9021
chr12_7742401_7742700	9022
chr10_133145101_133145400	9023
chr22_19747801_19748100	9024
chr10_50940301_50940600	9025
chr14_61656301_61656600	9026
chr6_33442801_33443100	9027
chr6_57627301_57627600	9028
chr6_156798301_156798600	9029
chr2_132586201_132586500	9030
chr5_81435901_81436200	9031
chr2_233231101_233231400	9032
chr18_30801901_30802200	9033
chr3_134610001_134610300	9034
chr11_66084301_66084600	9035
chr15_67405201_67405500	9036
chr11_79717501_79717800	9037
chr7_153792601_153792900	9038
chr16_26375101_26375400	9039
chr4_188698801_188699100	9040
chr5_174162301_174162600	9041
chr9_23342701_23343000	9042
chr2_143782501_143782800	9043
chr16_25049101_25049400	9044
chr15_99557701_99558000	9045
chr3_93586501_93586800	9046
chr4_167449501_167449800	9047
chr17_60417901_60418200	9048
chr3_9988801_9989100	9049
chr2_108363901_108364200	9050
chr2_399601_399900	9051
chr13_19484401_19484700	9052
chr5_180376801_180377100	9053
chr7_18514201_18514500	9054
chr2_33111601_33111900	9055
chr21_29597101_29597400	9056
chr8_22557001_22557300	9057
chr17_195301_195600	9058
chr2_68035201_68035500	9059
chr1_175072801_175073100	9060
chr6_50772301_50772600	9061
chr7_9765601_9765900	9062
chr9_20973001_20973300	9063
chr1_244319701_244320000	9064
chr6_116750701_116751000	9065
chr1_209991301_209991600	9066
chr9_107633701_107634000	9067
chr3_46524301_46524600	9068
chr2_205210201_205210500	9069
chr16_90149101_90149400	9070
chr20_2054701_2055000	9071
chr15_68022301_68022600	9072
chr8_77231101_77231400	9073
chr18_45507301_45507600	9074
chr6_152334301_152334600	9075
chr3_166449301_166449600	9076
chr12_41659501_41659800	9077
chr3_151875301_151875600	9078
chr6_141028501_141028800	9079
chr5_88550701_88551000	9080
chr7_154395001_154395300	9081
chr18_74347501_74347800	9082
chr2_83105101_83105400	9083
chr3_131720101_131720400	9084
chr4_133356901_133357200	9085
chr14_106014301_106014600	9086
chr13_106851001_106851300	9087
chr1_7163401_7163700	9088
chr12_99314701_99315000	9089
chr7_158218801_158219100	9090
chr6_113010601_113010900	9091
chr10_61641601_61641900	9092
chr9_76890901_76891200	9093
chr18_5202001_5202300	9094
chr10_4914301_4914600	9095
chr2_170991901_170992200	9096
chr5_33767701_33768000	9097
chr3_195087001_195087300	9098
chr20_15589201_15589500	9099
chr5_157602901_157603200	9100
chr16_55329301_55329600	9101
chr18_19694401_19694700	9102
chr3_181141801_181142100	9103
chr1_88880101_88880400	9104
chr8_12747301_12747600	9105
chr2_25499701_25500000	9106
chr8_30723601_30723900	9107
chr2_233217001_233217300	9108
chr5_132977401_132977700	9109
chr4_68539801_68540100	9110
chr10_12561301_12561600	9111
chr3_192879301_192879600	9112
chr7_68555701_68556000	9113
chr9_115851901_115852200	9114
chr10_105258901_105259200	9115
chr4_951901_952200	9116
chr1_9111301_9111600	9117
chr3_187598701_187599000	9118
chr10_133733101_133733400	9119
chr15_80221801_80222100	9120
chr2_18677401_18677700	9121
chr20_34657501_34657800	9122
chr13_76764301_76764600	9123
chr8_6859501_6859800	9124
chr13_31728901_31729200	9125
chr3_6790201_6790500	9126
chr5_174811801_174812100	9127
chr13_109523701_109524000	9128
chr9_22497001_22497300	9129
chr6_32505001_32505300	9130
chr3_152749501_152749800	9131
chr13_105540601_105540900	9132
chr11_82479601_82479900	9133
chr15_74344801_74345100	9134
chr11_134643301_134643600	9135
chr5_107655601_107655900	9136
chr16_1787401_1787700	9137
chr6_98270701_98271000	9138
chr6_34897501_34897800	9139
chr18_32071801_32072100	9140
chr16_55796701_55797000	9141
chr1_192147901_192148200	9142
chr12_21615001_21615300	9143
chr7_126902401_126902700	9144
chr3_5302501_5302800	9145
chr1_87365101_87365400	9146
chr1_113918401_113918700	9147
chr3_40071301_40071600	9148
chr19_48498301_48498600	9149
chr6_103426801_103427100	9150
chr9_112810201_112810500	9151
chr11_132428101_132428400	9152
chr8_53245801_53246100	9153
chr13_112079101_112079400	9154
chr19_29586001_29586300	9155
chr21_39355201_39355500	9156
chr11_37623901_37624200	9157
chr1_38803801_38804100	9158
chr5_150212401_150212700	9159
chr17_77343301_77343600	9160
chr5_99011701_99012000	9161
chr3_34059301_34059600	9162
chr14_47832901_47833200	9163
chr14_21560101_21560400	9164
chr16_16744501_16744800	9165
chr2_144252601_144252900	9166
chr5_67617001_67617300	9167
chr7_303301_303600	9168
chr9_38075401_38075700	9169
chr7_22186801_22187100	9170
chr7_64566601_64566900	9171
chr2_73419001_73419300	9172
chr2_7481701_7482000	9173
chr5_180408601_180408900	9174
chr6_22836901_22837200	9175
chr9_80708401_80708700	9176
chr1_13434301_13434600	9177
chr6_170276101_170276400	9178
chr1_109210201_109210500	9179
chr9_5209501_5209800	9180
chr2_44816101_44816400	9181
chr17_57889201_57889500	9182
chr9_5209801_5210100	9183
chr6_66274501_66274800	9184
chr19_14097301_14097600	9185
chr12_98079301_98079600	9186
chr1_22338001_22338300	9187
chr7_149734501_149734800	9188
chr4_78412501_78412800	9189
chr6_142805101_142805400	9190
chr3_103969801_103970100	9191
chr3_189254101_189254400	9192
chr2_87289501_87289800	9193
chr1_240641101_240641400	9194
chr21_27198001_27198300	9195
chr14_50595001_50595300	9196
chr2_114454501_114454800	9197
chr11_109127701_109128000	9198
chr14_86832601_86832900	9199
chr12_74849701_74850000	9200
chr9_89057701_89058000	9201
chr10_8562901_8563200	9202
chr2_203399701_203400000	9203
chr8_36770701_36771000	9204
chr8_144403801_144404100	9205
chr22_25646101_25646400	9206
chr13_76153501_76153800	9207
chr7_336901_337200	9208
chr5_9725401_9725700	9209
chr20_11961901_11962200	9210
chr8_76654501_76654800	9211
chr14_42143701_42144000	9212
chr10_61642201_61642500	9213
chr4_137344801_137345100	9214
chr1_25633501_25633800	9215
chr10_96976201_96976500	9216
chr14_74006401_74006700	9217
chr2_156858301_156858600	9218
chr11_118830301_118830600	9219
chr15_68427001_68427300	9220
chr9_130624501_130624800	9221
chr13_110301601_110301900	9222
chr7_114229801_114230100	9223
chr6_32428201_32428500	9224
chr13_77728501_77728800	9225
chr2_84935701_84936000	9226
chr7_158362501_158362800	9227
chr19_13317901_13318200	9228
chr1_187766701_187767000	9229
chr6_58721101_58721400	9230
chr2_48355501_48355800	9231
chr16_17864701_17865000	9232
chr11_1825501_1825800	9233
chr7_20223001_20223300	9234
chr8_112497901_112498200	9235
chr3_98907901_98908200	9236
chr5_63469201_63469500	9237
chr21_36673201_36673500	9238
chr3_162581101_162581400	9239
chr20_60522601_60522900	9240
chr4_94921201_94921500	9241
chr16_64871401_64871700	9242
chr7_100731001_100731300	9243
chr5_54966001_54966300	9244
chr15_52190701_52191000	9245
chr17_50649601_50649900	9246
chr1_74764801_74765100	9247
chr14_75663601_75663900	9248
chr20_4560601_4560900	9249
chr16_54489901_54490200	9250
chr16_54535501_54535800	9251
chr3_152620801_152621100	9252
chr1_116407201_116407500	9253
chr12_55727701_55728000	9254
chr10_98410201_98410500	9255
chr6_3253801_3254100	9256
chr7_96073501_96073800	9257
chr12_88631701_88632000	9258
chr9_43657501_43657800	9259
chr7_84446401_84446700	9260
chr12_84280801_84281100	9261
chr17_50649301_50649600	9262
chr7_94398001_94398300	9263
chr6_100281601_100281900	9264
chr18_23295301_23295600	9265
chr1_146548801_146549100	9266
chr4_16111801_16112100	9267
chr17_13686001_13686300	9268
chr18_71871901_71872200	9269
chr5_19035301_19035600	9270
chr3_181972501_181972800	9271
chr3_129773701_129774000	9272
chr22_31779301_31779600	9273
chr5_108675901_108676200	9274
chr1_205819201_205819500	9275
chr13_98790601_98790900	9276
chr8_25070101_25070400	9277
chr8_39330901_39331200	9278
chr10_73508701_73509000	9279
chr19_42093001_42093300	9280
chr8_18272401_18272700	9281
chr12_92913601_92913900	9282
chr22_32820301_32820600	9283
chr15_27342601_27342900	9284
chr12_26938201_26938500	9285
chr13_90635701_90636000	9286
chr18_514801_515100	9287
chr6_141450601_141450900	9288
chr8_39238801_39239100	9289
chr14_36441301_36441600	9290
chr20_32788501_32788800	9291
chr11_420601_420900	9292
chr13_76487101_76487400	9293
chr7_148920901_148921200	9294
chr6_150302701_150303000	9295
chr1_113182201_113182500	9296
chr19_36087001_36087300	9297
chr11_7901101_7901400	9298
chr15_52191001_52191300	9299
chr7_2686501_2686800	9300
chr14_70689901_70690200	9301
chr3_44252101_44252400	9302
chr1_58343401_58343700	9303
chr1_218743501_218743800	9304
chr14_56628601_56628900	9305
chr7_127083001_127083300	9306
chr7_9033001_9033300	9307
chr1_241302301_241302600	9308
chr5_131365501_131365800	9309
chr11_105293101_105293400	9310
chr13_107653801_107654100	9311
chr2_106641301_106641600	9312
chr10_34751701_34752000	9313
chr12_9667801_9668100	9314
chr6_15913801_15914100	9315
chr13_53855701_53856000	9316
chr15_64070401_64070700	9317
chr7_14808601_14808900	9318
chr2_174912901_174913200	9319
chr8_39284401_39284700	9320
chr6_105680401_105680700	9321
chr6_82066801_82067100	9322
chr7_76145401_76145700	9323
chr7_11677201_11677500	9324
chr6_31473301_31473600	9325
chr22_24378301_24378600	9326
chr16_60940201_60940500	9327
chr4_10643401_10643700	9328
chr13_100123501_100123800	9329
chr2_98236801_98237100	9330
chr4_188918101_188918400	9331
chr1_180798901_180799200	9332
chr1_106309501_106309800	9333
chr20_17019901_17020200	9334
chr5_110313301_110313600	9335
chr5_128287201_128287500	9336
chr20_24716401_24716700	9337
chr8_102890101_102890400	9338
chr2_166334401_166334700	9339
chr7_96274201_96274500	9340
chr19_1465801_1466100	9341
chr7_47017201_47017500	9342
chr7_145352401_145352700	9343
chr4_119186701_119187000	9344
chr17_55120201_55120500	9345
chr2_7628701_7629000	9346
chr22_38379301_38379600	9347
chr7_45002101_45002400	9348
chr3_58308601_58308900	9349
chr2_17133301_17133600	9350
chr7_158245801_158246100	9351
chr7_117894301_117894600	9352
chr6_150103801_150104100	9353
chr8_12235501_12235800	9354
chr8_21944101_21944400	9355
chr2_233593501_233593800	9356
chr10_48225601_48225900	9357
chr14_103831801_103832100	9358
chr13_109792801_109793100	9359
chr17_79409101_79409400	9360
chr7_71674201_71674500	9361
chr16_64955401_64955700	9362
chr17_12931201_12931500	9363
chr6_12808801_12809100	9364
chr17_64921201_64921500	9365
chr4_160445101_160445400	9366
chr4_94732201_94732500	9367
chr19_40366201_40366500	9368
chr14_73199701_73200000	9369
chr5_57557401_57557700	9370
chr5_13159501_13159800	9371
chr1_146555401_146555700	9372
chr10_71203201_71203500	9373
chr15_57094801_57095100	9374
chr5_81279001_81279300	9375
chr5_150688501_150688800	9376
chr7_146922601_146922900	9377
chr2_30054001_30054300	9378
chr5_74216701_74217000	9379
chr4_95423101_95423400	9380
chr6_32568301_32568600	9381
chr10_102507001_102507300	9382
chr6_10018501_10018800	9383
chr7_64675201_64675500	9384
chr6_78516301_78516600	9385
chr5_170646601_170646900	9386
chr14_106794601_106794900	9387
chr3_29743201_29743500	9388
chr20_31773001_31773300	9389
chr13_55377601_55377900	9390
chr4_184164001_184164300	9391
chr2_34721101_34721400	9392
chr16_76540501_76540800	9393
chr4_9468901_9469200	9394
chr16_18717601_18717900	9395
chr11_62046901_62047200	9396
chr3_51157201_51157500	9397
chr11_114636901_114637200	9398
chr8_39352501_39352800	9399
chr5_164786701_164787000	9400
chr20_11118601_11118900	9401
chr21_22482301_22482600	9402
chr5_83045401_83045700	9403
chr11_56524201_56524500	9404
chr2_43240201_43240500	9405
chr3_85183201_85183500	9406
chr7_150451201_150451500	9407
chr7_93459901_93460200	9408
chr22_24365101_24365400	9409
chr17_60417601_60417900	9410
chr17_44589601_44589900	9411
chr6_132921901_132922200	9412
chr3_9323101_9323400	9413
chr1_4125301_4125600	9414
chr20_5832901_5833200	9415
chr1_166413301_166413600	9416
chr1_234253801_234254100	9417
chr8_11975701_11976000	9418
chr15_75283201_75283500	9419
chr8_58439701_58440000	9420
chr18_59329801_59330100	9421
chr5_151680901_151681200	9422
chr1_37568101_37568400	9423
chr10_92603401_92603700	9424
chr3_21876301_21876600	9425
chr10_31235701_31236000	9426
chr9_138678001_138678300	9427
chr8_108044401_108044700	9428
chr6_48871801_48872100	9429
chr8_8072401_8072700	9430
chr6_29844601_29844900	9431
chr12_28246801_28247100	9432
chr6_132990901_132991200	9433
chr20_15470701_15471000	9434
chr2_172908901_172909200	9435
chr21_30249301_30249600	9436
chr3_53857801_53858100	9437
chr1_247604401_247604700	9438
chr4_101299801_101300100	9439
chr4_33478201_33478500	9440
chr9_44765701_44766000	9441
chr9_44758501_44758800	9442
chr1_1866901_1867200	9443
chr5_9273301_9273600	9444
chr12_71007601_71007900	9445
chr4_183721201_183721500	9446
chr13_47037301_47037600	9447
chr3_81606601_81606900	9448
chr7_118737001_118737300	9449
chr7_42224401_42224700	9450
chr4_150161101_150161400	9451
chr8_79806601_79806900	9452
chr1_232403401_232403700	9453
chr8_136773001_136773300	9454
chr4_132659101_132659400	9455
chr4_82836601_82836900	9456
chr3_88752001_88752300	9457
chr9_137765401_137765700	9458
chr9_83317201_83317500	9459
chr11_17196001_17196300	9460
chr12_101985601_101985900	9461
chr3_129798001_129798300	9462
chr3_150538501_150538800	9463
chr9_43638601_43638900	9464
chr2_108085801_108086100	9465
chr15_49224001_49224300	9466
chr2_97703701_97704000	9467
chr9_22497301_22497600	9468
chr3_165636301_165636600	9469
chr12_59217001_59217300	9470
chr1_82731301_82731600	9471
chr17_15790801_15791100	9472
chr3_79136701_79137000	9473
chr2_227951101_227951400	9474
chr3_176487601_176487900	9475
chr8_63494401_63494700	9476
chr18_37313701_37314000	9477
chr3_190478701_190479000	9478
chr4_5102401_5102700	9479
chr6_82295401_82295700	9480
chr8_135155401_135155700	9481
chr4_147726601_147726900	9482
chr15_101341801_101342100	9483
chr2_166105201_166105500	9484
chr6_135557701_135558000	9485
chr6_29902201_29902500	9486
chr5_2253901_2254200	9487
chr6_4050601_4050900	9488
chr12_55772701_55773000	9489
chr1_59751001_59751300	9490
chr9_71741701_71742000	9491
chr19_11903701_11904000	9492
chr12_46544701_46545000	9493
chr1_146320501_146320800	9494
chr15_53198101_53198400	9495
chr2_51255001_51255300	9496
chr19_9238201_9238500	9497
chr19_28662301_28662600	9498
chr2_117824701_117825000	9499
chr2_189820501_189820800	9500
chr10_3325501_3325800	9501
chr22_24376801_24377100	9502
chr5_3466801_3467100	9503
chr16_18488401_18488700	9504
chr20_15589501_15589800	9505
chr3_176518801_176519100	9506
chr7_158129401_158129700	9507
chr1_50599201_50599500	9508
chr4_9178501_9178800	9509
chr3_114354601_114354900	9510
chr6_29088601_29088900	9511
chr5_164679001_164679300	9512
chr6_14724001_14724300	9513
chr4_132646501_132646800	9514
chr13_90810001_90810300	9515
chr11_17053801_17054100	9516
chr19_41623801_41624100	9517
chr2_36856801_36857100	9518
chr8_138879601_138879900	9519
chr14_23498401_23498700	9520
chr1_47826901_47827200	9521
chr5_22742401_22742700	9522
chr5_33894001_33894300	9523
chr3_40845301_40845600	9524
chr7_65841901_65842200	9525
chr20_17290501_17290800	9526
chr4_10229101_10229400	9527
chr2_205849801_205850100	9528
chr1_195496501_195496800	9529
chr3_85971301_85971600	9530
chr22_51016501_51016800	9531
chr1_104289901_104290200	9532
chr10_21165601_21165900	9533
chr3_112372201_112372500	9534
chr17_26166301_26166600	9535
chr5_136388701_136389000	9536
chr14_105274501_105274800	9537
chr4_160247701_160248000	9538
chr5_26777701_26778000	9539
chr4_90272701_90273000	9540
chr11_12565801_12566100	9541
chr14_29963701_29964000	9542
chr9_112811701_112812000	9543
chr2_48783601_48783900	9544
chr1_152973001_152973300	9545
chr2_136859101_136859400	9546
chr1_230630401_230630700	9547
chr12_61423501_61423800	9548
chr2_238582201_238582500	9549
chr3_27621001_27621300	9550
chr22_37335901_37336200	9551
chr2_16179601_16179900	9552
chr15_22379401_22379700	9553
chr10_16984801_16985100	9554
chr2_170184001_170184300	9555
chr1_13500601_13500900	9556
chr2_169723801_169724100	9557
chr7_76160101_76160400	9558
chr7_19899901_19900200	9559
chr12_57862201_57862500	9560
chr4_139711501_139711800	9561
chr15_92142901_92143200	9562
chr7_97036501_97036800	9563
chr6_123563401_123563700	9564
chr15_42893701_42894000	9565
chr19_45013501_45013800	9566
chr13_21896101_21896400	9567
chr18_56916001_56916300	9568
chr8_142212001_142212300	9569
chr2_84810901_84811200	9570
chr3_7970101_7970400	9571
chr2_75022801_75023100	9572
chr1_232189201_232189500	9573
chr5_123663601_123663900	9574
chr19_55371001_55371300	9575
chr6_90002101_90002400	9576
chr16_67686901_67687200	9577
chr3_156968701_156969000	9578
chr19_55329601_55329900	9579
chr2_31785301_31785600	9580
chr9_87696001_87696300	9581
chr1_170865001_170865300	9582
chr4_25042801_25043100	9583
chr7_17392801_17393100	9584
chr19_17837101_17837400	9585
chr12_61356601_61356900	9586
chr6_41454901_41455200	9587
chr13_39362101_39362400	9588
chr2_81535201_81535500	9589
chr14_45869101_45869400	9590
chr4_101492701_101493000	9591
chr4_21513601_21513900	9592
chr7_65268301_65268600	9593
chr9_17295001_17295300	9594
chr7_38359501_38359800	9595
chr1_61175101_61175400	9596
chr15_81023401_81023700	9597
chr22_20712901_20713200	9598
chr21_31659601_31659900	9599
chr2_224730901_224731200	9600
chr19_55037401_55037700	9601
chr8_40303201_40303500	9602
chr3_152938201_152938500	9603
chr12_113515501_113515800	9604
chr2_202947301_202947600	9605
chr7_949201_949500	9606
chr9_129004201_129004500	9607
chr4_82836901_82837200	9608
chr20_37918501_37918800	9609
chr9_81812701_81813000	9610
chr8_21181801_21182100	9611
chr1_185290801_185291100	9612
chr1_229373401_229373700	9613
chr6_31228201_31228500	9614
chr20_51102601_51102900	9615
chr1_25734601_25734900	9616
chr5_73649101_73649400	9617
chr3_60599101_60599400	9618
chr17_16577701_16578000	9619
chr19_31410601_31410900	9620
chr7_158349301_158349600	9621
chr11_88105801_88106100	9622
chr7_38953501_38953800	9623
chr11_105331501_105331800	9624
chr15_26275201_26275500	9625
chr3_197282101_197282400	9626
chr2_5814601_5814900	9627
chr12_43994701_43995000	9628
chr5_78684001_78684300	9629
chr3_158039101_158039400	9630
chr20_12135001_12135300	9631
chr3_161876701_161877000	9632
chr4_69405301_69405600	9633
chr1_71000401_71000700	9634
chr12_76046401_76046700	9635
chr2_170183701_170184000	9636
chr5_74566201_74566500	9637
chr4_48183301_48183600	9638
chr19_298501_298800	9639
chr4_109922101_109922400	9640
chr3_20473201_20473500	9641
chr2_237782101_237782400	9642
chr6_33438001_33438300	9643
chr18_58756501_58756800	9644
chr3_191156101_191156400	9645
chr1_247290901_247291200	9646
chr4_9715201_9715500	9647
chr7_49044001_49044300	9648
chr9_127591201_127591500	9649
chr12_106497901_106498200	9650
chr5_116428501_116428800	9651
chr5_9938101_9938400	9652
chr13_102514501_102514800	9653
chr20_19590601_19590900	9654
chr8_34799401_34799700	9655
chr6_4852501_4852800	9656
chr8_50274301_50274600	9657
chr18_63979201_63979500	9658
chr2_209995201_209995500	9659
chr17_10122901_10123200	9660
chr9_134999401_134999700	9661
chr2_210325201_210325500	9662
chr12_5004001_5004300	9663
chr2_7484101_7484400	9664
chr4_135554701_135555000	9665
chr11_69782101_69782400	9666
chr7_131976301_131976600	9667
chr2_202148101_202148400	9668
chr7_144634501_144634800	9669
chr4_16394701_16395000	9670
chr16_213301_213600	9671
chr21_39617401_39617700	9672
chr20_6190201_6190500	9673
chr11_93637201_93637500	9674
chr19_16439401_16439700	9675
chr9_44169901_44170200	9676
chr6_27348901_27349200	9677
chr14_34289701_34290000	9678
chr8_87706201_87706500	9679
chr18_18995401_18995700	9680
chr16_76540201_76540500	9681
chr11_13293001_13293300	9682
chr10_130019401_130019700	9683
chr13_60172801_60173100	9684
chr2_175221301_175221600	9685
chr5_39560701_39561000	9686
chr17_57556801_57557100	9687
chr2_215699701_215700000	9688
chr4_159092401_159092700	9689
chr14_24359701_24360000	9690
chr4_38990101_38990400	9691
chr3_162568201_162568500	9692
chr16_82698901_82699200	9693
chr16_88613401_88613700	9694
chr16_508501_508800	9695
chr14_67011901_67012200	9696
chr17_18354301_18354600	9697
chr10_103060801_103061100	9698
chr9_10666201_10666500	9699
chr6_31318201_31318500	9700
chr8_129838201_129838500	9701
chr6_10359601_10359900	9702
chr14_66697801_66698100	9703
chr10_120211801_120212100	9704
chr20_6189601_6189900	9705
chr3_97712401_97712700	9706
chr19_55344001_55344300	9707
chr10_52144201_52144500	9708
chr12_50254801_50255100	9709
chr2_112154701_112155000	9710
chr6_16198501_16198800	9711
chr4_84864601_84864900	9712
chr5_750901_751200	9713
chr4_42153001_42153300	9714
chr5_31245301_31245600	9715
chr12_8576701_8577000	9716
chr5_75309601_75309900	9717
chr7_139933201_139933500	9718
chr6_33319801_33320100	9719
chr7_153012001_153012300	9720
chr7_94032901_94033200	9721
chr11_105292801_105293100	9722
chr4_82409701_82410000	9723
chr7_155596501_155596800	9724
chr15_66423001_66423300	9725
chr3_170707801_170708100	9726
chr8_32301301_32301600	9727
chr6_130893901_130894200	9728
chr15_49587301_49587600	9729
chr11_5704201_5704500	9730
chr7_149171701_149172000	9731
chr4_188128501_188128800	9732
chr9_123656701_123657000	9733
chr6_87651601_87651900	9734
chr3_103162801_103163100	9735
chr3_71493001_71493300	9736
chr18_70614001_70614300	9737
chr15_27039001_27039300	9738
chr17_44384401_44384700	9739
chr14_21953401_21953700	9740
chr19_47152501_47152800	9741
chr5_78723601_78723900	9742
chr5_90999001_90999300	9743
chr2_138497701_138498000	9744
chr6_141502501_141502800	9745
chr2_102519901_102520200	9746
chr3_159896701_159897000	9747
chr8_6740101_6740400	9748
chr6_32728501_32728800	9749
chr6_113743201_113743500	9750
chr3_58254001_58254300	9751
chr14_58005301_58005600	9752
chr4_115042801_115043100	9753
chr7_155598301_155598600	9754
chr5_82201501_82201800	9755
chr15_53347201_53347500	9756
chr2_81265801_81266100	9757
chr5_144772201_144772500	9758
chr17_44465701_44466000	9759
chr8_138310201_138310500	9760
chr5_166867501_166867800	9761
chr7_12281401_12281700	9762
chr8_69501601_69501900	9763
chr20_38051101_38051400	9764
chr5_157511701_157512000	9765
chr7_31414201_31414500	9766
chr3_96130801_96131100	9767
chr10_58631101_58631400	9768
chr6_83471101_83471400	9769
chr5_49835701_49836000	9770
chr1_246684901_246685200	9771
chr7_76063201_76063500	9772
chr10_49091101_49091400	9773
chr6_112008001_112008300	9774
chr2_135790801_135791100	9775
chr7_54333001_54333300	9776
chr6_25932601_25932900	9777
chr11_127930501_127930800	9778
chr1_245205901_245206200	9779
chr2_14331001_14331300	9780
chr1_157133101_157133400	9781
chr5_114221101_114221400	9782
chr3_85030801_85031100	9783
chr5_28077901_28078200	9784
chr3_129057901_129058200	9785
chr8_1185601_1185900	9786
chr9_111605401_111605700	9787
chr4_44251801_44252100	9788
chr16_16573501_16573800	9789
chr11_21916801_21917100	9790
chr4_178511101_178511400	9791
chr10_91195201_91195500	9792
chr1_243103801_243104100	9793
chr4_20376301_20376600	9794
chr18_43417501_43417800	9795
chr13_39361801_39362100	9796
chr5_119442301_119442600	9797
chr17_78639001_78639300	9798
chr12_54359101_54359400	9799
chr2_306901_307200	9800
chr2_77503201_77503500	9801
chr3_129765901_129766200	9802
chr6_31112701_31113000	9803
chr8_117378301_117378600	9804
chr1_216679801_216680100	9805
chr15_23102401_23102700	9806
chr17_42315601_42315900	9807
chr4_32916901_32917200	9808
chr7_122683801_122684100	9809
chr4_67718401_67718700	9810
chr10_72596101_72596400	9811
chr14_22425601_22425900	9812
chr4_5102101_5102400	9813
chr6_168993601_168993900	9814
chr2_134919901_134920200	9815
chr16_2867101_2867400	9816
chr17_29953801_29954100	9817
chr19_13620901_13621200	9818
chr12_87970501_87970800	9819
chr4_178717201_178717500	9820
chr3_7970401_7970700	9821
chr8_128824801_128825100	9822
chr2_210710401_210710700	9823
chr5_138861601_138861900	9824
chr7_6836401_6836700	9825
chr1_1884001_1884300	9826
chr1_246139501_246139800	9827
chr3_15103501_15103800	9828
chr11_23784601_23784900	9829
chr6_31209001_31209300	9830
chr6_76318201_76318500	9831
chr5_140362501_140362800	9832
chr6_35150101_35150400	9833
chr7_140593801_140594100	9834
chr10_47654701_47655000	9835
chr2_222431401_222431700	9836
chr7_2881501_2881800	9837
chr19_55079101_55079400	9838
chr14_105085801_105086100	9839
chr14_105987301_105987600	9840
chr20_1555501_1555800	9841
chr8_34408201_34408500	9842
chr15_29584201_29584500	9843
chr21_44971801_44972100	9844
chr12_9720301_9720600	9845
chr7_3937201_3937500	9846
chr10_21004801_21005100	9847
chr9_115848001_115848300	9848
chr8_115322701_115323000	9849
chr4_4128301_4128600	9850
chr3_121638301_121638600	9851
chr13_81064801_81065100	9852
chr9_138941701_138942000	9853
chr2_71126101_71126400	9854
chr19_1881301_1881600	9855
chr18_21481201_21481500	9856
chr6_108882601_108882900	9857
chr1_182952001_182952300	9858
chr3_121303201_121303500	9859
chr12_106964101_106964400	9860
chr4_79266601_79266900	9861
chr7_69477601_69477900	9862
chr11_78446701_78447000	9863
chr3_176487301_176487600	9864
chr15_43411501_43411800	9865
chr1_154293901_154294200	9866
chr5_88031701_88032000	9867
chr11_33806701_33807000	9868
chr10_29611501_29611800	9869
chr4_187892101_187892400	9870
chr14_36535201_36535500	9871
chr5_98023201_98023500	9872
chr3_162446401_162446700	9873
chr8_25966201_25966500	9874
chr6_1256101_1256400	9875
chr4_183730501_183730800	9876
chr13_81932101_81932400	9877
chr2_139816201_139816500	9878
chr7_26614501_26614800	9879
chr1_149619601_149619900	9880
chr8_90501601_90501900	9881
chr3_167542501_167542800	9882
chr6_29721901_29722200	9883
chr7_107157601_107157900	9884
chr5_91592101_91592400	9885
chr1_186566101_186566400	9886
chr2_41490001_41490300	9887
chr3_24048901_24049200	9888
chr10_85454401_85454700	9889
chr13_45199801_45200100	9890
chr9_26104501_26104800	9891
chr1_109590901_109591200	9892
chr14_28609801_28610100	9893
chr7_35058901_35059200	9894
chr1_25604401_25604700	9895
chr13_24087301_24087600	9896
chr4_85411801_85412100	9897
chr4_10222201_10222500	9898
chr2_1220701_1221000	9899
chr4_90085201_90085500	9900
chr19_46443601_46443900	9901
chr20_13046101_13046400	9902
chr6_8628601_8628900	9903
chr9_36571201_36571500	9904
chr12_98083801_98084100	9905
chr3_150539701_150540000	9906
chr18_73362901_73363200	9907
chr7_156400501_156400800	9908
chr7_157525201_157525500	9909
chr6_37017901_37018200	9910
chr3_58186501_58186800	9911
chr4_86275501_86275800	9912
chr9_120678001_120678300	9913
chr3_32203801_32204100	9914
chr16_82975501_82975800	9915
chr3_105349501_105349800	9916
chr19_44039401_44039700	9917
chr2_180076801_180077100	9918
chr9_43523701_43524000	9919
chr3_107356501_107356800	9920
chr20_30166501_30166800	9921
chr14_105399301_105399600	9922
chr5_140615701_140616000	9923
chr3_195326401_195326700	9924
chr14_62907901_62908200	9925
chr6_77454301_77454600	9926
chr13_66422401_66422700	9927
chr2_210710701_210711000	9928
chr6_31128001_31128300	9929
chr7_91859701_91860000	9930
chr1_63747601_63747900	9931
chr10_135259501_135259800	9932
chr13_92223901_92224200	9933
chr6_161276401_161276700	9934
chr13_84127801_84128100	9935
chr6_31269001_31269300	9936
chr2_138245701_138246000	9937
chr1_242994901_242995200	9938
chr16_76545601_76545900	9939
chr3_162519001_162519300	9940
chr20_13045801_13046100	9941
chr10_86470801_86471100	9942
chr4_39076801_39077100	9943
chr2_34719301_34719600	9944
chr9_10659901_10660200	9945
chr12_48302701_48303000	9946
chr13_114840901_114841200	9947
chr13_103296601_103296900	9948
chr12_33452101_33452400	9949
chr8_72699901_72700200	9950
chr8_2337601_2337900	9951
chr9_131199901_131200200	9952
chr8_122586301_122586600	9953
chr7_7977301_7977600	9954
chr17_18737401_18737700	9955
chr8_129537601_129537900	9956
chr10_71281201_71281500	9957
chr8_16565401_16565700	9958
chr6_168758701_168759000	9959
chr3_31004701_31005000	9960
chr10_131311201_131311500	9961
chr1_175298401_175298700	9962
chr7_111552601_111552900	9963
chr1_152575801_152576100	9964
chr7_53373901_53374200	9965
chr15_97813201_97813500	9966
chr3_60599401_60599700	9967
chr1_95730901_95731200	9968
chr10_132910501_132910800	9969
chr10_106399201_106399500	9970
chr4_8582701_8583000	9971
chr5_35255701_35256000	9972
chr1_5375401_5375700	9973
chr5_34372801_34373100	9974
chr15_43518901_43519200	9975
chr9_22842301_22842600	9976
chr12_11224201_11224500	9977
chr3_162545701_162546000	9978
chr18_64544701_64545000	9979
chr1_159606901_159607200	9980
chr12_43144501_43144800	9981
chr6_130503601_130503900	9982
chr20_58342801_58343100	9983
chr2_136812601_136812900	9984
chr2_18574201_18574500	9985
chr4_144869101_144869400	9986
chr14_24357001_24357300	9987
chr5_140256601_140256900	9988
chr21_9484201_9484500	9989
chr3_75581401_75581700	9990
chr4_130590001_130590300	9991
chr22_22428001_22428300	9992
chr17_44415601_44415900	9993
chr6_41528401_41528700	9994
chr1_4274101_4274400	9995
chr19_19650901_19651200	9996
chr20_32739601_32739900	9997
chr10_45887401_45887700	9998
chr1_112835101_112835400	9999
chr3_147396001_147396300	10000
chr6_49887601_49887900	10001
chr4_725401_725700	10002
chr13_25995001_25995300	10003
chr6_115632301_115632600	10004
chr5_124665601_124665900	10005
chr22_19571701_19572000	10006
chr3_186726001_186726300	10007
chr5_96264901_96265200	10008
chr6_31975801_31976100	10009
chr6_117992401_117992700	10010
chr7_12912301_12912600	10011
chr15_69376801_69377100	10012
chr22_24359401_24359700	10013
chr13_83166601_83166900	10014
chr9_110539801_110540100	10015
chr2_199312801_199313100	10016
chr16_6906001_6906300	10017
chr3_40845001_40845300	10018
chr9_136877701_136878000	10019
chr8_5045701_5046000	10020
chr4_9171301_9171600	10021
chr12_64621201_64621500	10022
chr8_145106101_145106400	10023
chr4_4152301_4152600	10024
chr13_90149701_90150000	10025
chr1_116005501_116005800	10026
chr10_17400601_17400900	10027
chr4_177808201_177808500	10028
chr19_41471401_41471700	10029
chr5_61355401_61355700	10030
chr17_16092901_16093200	10031
chr2_53061001_53061300	10032
chr16_65730601_65730900	10033
chr9_77137801_77138100	10034
chr2_35994001_35994300	10035
chr1_36872101_36872400	10036
chr5_5961001_5961300	10037
chr1_1233001_1233300	10038
chr6_45232501_45232800	10039
chr10_25704301_25704600	10040
chr7_114778201_114778500	10041
chr2_47318101_47318400	10042
chr5_66966001_66966300	10043
chr21_25179301_25179600	10044
chr3_9680701_9681000	10045
chr1_61491001_61491300	10046
chr10_109356001_109356300	10047
chr22_20709901_20710200	10048
chr3_106597201_106597500	10049
chr1_208603801_208604100	10050
chr22_20714701_20715000	10051
chr3_142766101_142766400	10052
chr11_10935001_10935300	10053
chr17_76505101_76505400	10054
chr10_16197601_16197900	10055
chr1_85592401_85592700	10056
chr3_174070201_174070500	10057
chr16_77100901_77101200	10058
chr10_52143901_52144200	10059
chr3_52890301_52890600	10060
chr3_125390401_125390700	10061
chr10_51840601_51840900	10062
chr2_84222301_84222600	10063
chr5_106227001_106227300	10064
chr7_35085001_35085300	10065
chr9_96580201_96580500	10066
chr4_134254201_134254500	10067
chr2_32335801_32336100	10068
chr2_105827101_105827400	10069
chr6_31083901_31084200	10070
chr6_25293901_25294200	10071
chr3_95513701_95514000	10072
chr14_49126801_49127100	10073
chr3_72396901_72397200	10074
chr13_55206301_55206600	10075
chr5_49705501_49705800	10076
chr7_43375201_43375500	10077
chr19_42679501_42679800	10078
chr11_62095501_62095800	10079
chr3_61398601_61398900	10080
chr4_45957301_45957600	10081
chr3_115024201_115024500	10082
chr4_28781101_28781400	10083
chr3_162568501_162568800	10084
chr15_89634301_89634600	10085
chr7_127216501_127216800	10086
chr9_9015901_9016200	10087
chr15_87438001_87438300	10088
chr11_57250201_57250500	10089
chr12_115217701_115218000	10090
chr10_17479501_17479800	10091
chr3_115999501_115999800	10092
chr19_3671101_3671400	10093
chr17_14094301_14094600	10094
chr7_36259201_36259500	10095
chr21_27062401_27062700	10096
chr8_108668101_108668400	10097
chr17_33923401_33923700	10098
chr16_771601_771900	10099
chr10_89807401_89807700	10100
chr3_167699401_167699700	10101
chr19_30392701_30393000	10102
chr2_226647901_226648200	10103
chr4_13706101_13706400	10104
chr3_2465701_2466000	10105
chr1_209718901_209719200	10106
chr1_180393601_180393900	10107
chr3_39931501_39931800	10108
chr4_7830001_7830300	10109
chr13_26157901_26158200	10110
chr20_17403001_17403300	10111
chr9_36363001_36363300	10112
chr5_165576901_165577200	10113
chr7_64042801_64043100	10114
chr4_64784401_64784700	10115
chr14_53970001_53970300	10116
chr2_216365401_216365700	10117
chr5_97158901_97159200	10118
chr17_18411901_18412200	10119
chr6_32526601_32526900	10120
chr4_91934701_91935000	10121
chr22_32449201_32449500	10122
chr1_13434601_13434900	10123
chr2_239685601_239685900	10124
chr8_118771801_118772100	10125
chr1_187718701_187719000	10126
chr10_83205901_83206200	10127
chr12_33393901_33394200	10128
chr10_72655801_72656100	10129
chr10_20415601_20415900	10130
chr10_21719101_21719400	10131
chr2_37963801_37964100	10132
chr5_146078401_146078700	10133
chr6_34754401_34754700	10134
chr7_76201_76500	10135
chr11_90500701_90501000	10136
chr16_69854101_69854400	10137
chr8_121627801_121628100	10138
chr6_34910401_34910700	10139
chr14_87758401_87758700	10140
chr16_73789201_73789500	10141
chr14_63066601_63066900	10142
chr18_42404701_42405000	10143
chr15_47332801_47333100	10144
chr14_87132301_87132600	10145
chr11_1577701_1578000	10146
chr17_47970301_47970600	10147
chr21_41991901_41992200	10148
chr22_21025201_21025500	10149
chr8_1591801_1592100	10150
chr1_25644901_25645200	10151
chr4_11648401_11648700	10152
chr12_9966601_9966900	10153
chr7_136427101_136427400	10154
chr5_10639501_10639800	10155
chr5_123850201_123850500	10156
chr6_95368201_95368500	10157
chr2_2799001_2799300	10158
chr5_109957201_109957500	10159
chr10_10151401_10151700	10160
chr4_12702601_12702900	10161
chr2_40050601_40050900	10162
chr13_100240501_100240800	10163
chr12_103367701_103368000	10164
chr19_53423401_53423700	10165
chr20_13104901_13105200	10166
chr4_68142601_68142900	10167
chr20_14527201_14527500	10168
chr11_127212301_127212600	10169
chr1_76807201_76807500	10170
chr15_28242301_28242600	10171
chr14_67203901_67204200	10172
chr18_74507701_74508000	10173
chr1_101373601_101373900	10174
chr4_116268901_116269200	10175
chr5_125508901_125509200	10176
chr20_15748501_15748800	10177
chr8_75273001_75273300	10178
chr6_13743601_13743900	10179
chr6_29838001_29838300	10180
chr3_127149901_127150200	10181
chr13_73951201_73951500	10182
chr15_87546601_87546900	10183
chr7_155200501_155200800	10184
chr3_105052801_105053100	10185
chr13_37854601_37854900	10186
chr1_21142801_21143100	10187
chr1_12616801_12617100	10188
chr12_69481201_69481500	10189
chr6_95493601_95493900	10190
chr7_64881001_64881300	10191
chr2_224095501_224095800	10192
chr6_3023701_3024000	10193
chr3_186711601_186711900	10194
chr12_21204601_21204900	10195
chr15_59602801_59603100	10196
chr20_6189901_6190200	10197
chr14_106784401_106784700	10198
chr1_75231601_75231900	10199
chr2_162496801_162497100	10200
chr17_43198501_43198800	10201
chr16_24032101_24032400	10202
chr12_117084901_117085200	10203
chr8_138632101_138632400	10204
chr6_13006201_13006500	10205
chr2_162693001_162693300	10206
chr14_104643301_104643600	10207
chr12_96800701_96801000	10208
chr2_117395101_117395400	10209
chr8_57934801_57935100	10210
chr18_76414201_76414500	10211
chr22_23927101_23927400	10212
chr16_58461301_58461600	10213
chr1_168694501_168694800	10214
chr12_98084101_98084400	10215
chr5_85141201_85141500	10216
chr6_107264701_107265000	10217
chr2_219785401_219785700	10218
chr1_230605201_230605500	10219
chr8_128329201_128329500	10220
chr9_87518701_87519000	10221
chr7_121177201_121177500	10222
chr2_221346301_221346600	10223
chr4_20850001_20850300	10224
chr12_77416201_77416500	10225
chr3_162563701_162564000	10226
chr3_302701_303000	10227
chr12_65210401_65210700	10228
chr21_38775001_38775300	10229
chr4_40640401_40640700	10230
chr4_152447401_152447700	10231
chr5_106226701_106227000	10232
chr3_115052101_115052400	10233
chr10_63111901_63112200	10234
chr18_24306601_24306900	10235
chr1_64881001_64881300	10236
chr1_48919501_48919800	10237
chr20_3654001_3654300	10238
chr11_132427801_132428100	10239
chr2_116658301_116658600	10240
chr5_160743301_160743600	10241
chr18_31737301_31737600	10242
chr5_5027701_5028000	10243
chr11_7110601_7110900	10244
chr17_17346301_17346600	10245
chr1_116102401_116102700	10246
chr11_114593701_114594000	10247
chr2_1219201_1219500	10248
chr2_216265801_216266100	10249
chr1_115864201_115864500	10250
chr17_80319301_80319600	10251
chr2_103685701_103686000	10252
chr10_102489901_102490200	10253
chr2_1224001_1224300	10254
chr19_3192301_3192600	10255
chr17_41517901_41518200	10256
chr11_10972501_10972800	10257
chr4_161147401_161147700	10258
chr7_19695001_19695300	10259
chr21_15460801_15461100	10260
chr20_35792401_35792700	10261
chr10_103061101_103061400	10262
chr21_30249601_30249900	10263
chr5_112676701_112677000	10264
chr7_144023701_144024000	10265
chr11_23674801_23675100	10266
chr6_63587701_63588000	10267
chr13_19567801_19568100	10268
chr1_218999401_218999700	10269
chr1_106309801_106310100	10270
chr11_89124901_89125200	10271
chr6_123439801_123440100	10272
chr3_169032301_169032600	10273
chr4_44251501_44251800	10274
chr1_2232601_2232900	10275
chr5_19035601_19035900	10276
chr6_29795401_29795700	10277
chr1_51383101_51383400	10278
chr16_19104301_19104600	10279
chr4_190731601_190731900	10280
chr1_103210801_103211100	10281
chr1_105657001_105657300	10282
chr2_108014101_108014400	10283
chr2_44730901_44731200	10284
chr6_52821301_52821600	10285
chr1_25628401_25628700	10286
chr11_34437301_34437600	10287
chr7_96445501_96445800	10288
chr1_212064901_212065200	10289
chr5_172096801_172097100	10290
chr14_65740501_65740800	10291
chr19_1227601_1227900	10292
chr5_170830501_170830800	10293
chr14_99388501_99388800	10294
chr1_106622401_106622700	10295
chr20_7548901_7549200	10296
chr7_86534401_86534700	10297
chr5_65180401_65180700	10298
chr16_84907501_84907800	10299
chr15_41803501_41803800	10300
chr2_201907501_201907800	10301
chr1_62162701_62163000	10302
chr9_140713201_140713500	10303
chr12_14292301_14292600	10304
chr2_87169201_87169500	10305
chr16_82007701_82008000	10306
chr9_110196001_110196300	10307
chr19_34682401_34682700	10308
chr6_31069501_31069800	10309
chr16_71499901_71500200	10310
chr15_76885201_76885500	10311
chr7_96984001_96984300	10312
chr17_5752501_5752800	10313
chr9_44739001_44739300	10314
chr22_24366901_24367200	10315
chr4_68142301_68142600	10316
chr1_1640401_1640700	10317
chr4_76200601_76200900	10318
chr10_34543501_34543800	10319
chr7_40351201_40351500	10320
chr7_11010901_11011200	10321
chr2_200530501_200530800	10322
chr6_120328801_120329100	10323
chr12_9718801_9719100	10324
chr1_160498501_160498800	10325
chr11_47118301_47118600	10326
chr7_65117701_65118000	10327
chr1_13423201_13423500	10328
chr4_74518501_74518800	10329
chr3_4094101_4094400	10330
chr1_237961801_237962100	10331
chr11_122364601_122364900	10332
chr10_57221701_57222000	10333
chr3_189218701_189219000	10334
chr9_44748301_44748600	10335
chr22_28620601_28620900	10336
chr15_48568201_48568500	10337
chr8_109898701_109899000	10338
chr2_44294101_44294400	10339
chr5_24017401_24017700	10340
chr3_141684301_141684600	10341
chr7_459601_459900	10342
chr14_51712801_51713100	10343
chr8_29153401_29153700	10344
chr11_109127401_109127700	10345
chr9_75456301_75456600	10346
chr3_195594901_195595200	10347
chr12_1029001_1029300	10348
chr3_54201901_54202200	10349
chr16_62884201_62884500	10350
chr9_8221501_8221800	10351
chr15_50124301_50124600	10352
chr4_80894101_80894400	10353
chr5_96265201_96265500	10354
chr9_75479701_75480000	10355
chr3_88419601_88419900	10356
chr6_31293901_31294200	10357
chr12_70330501_70330800	10358
chr15_96259801_96260100	10359
chr1_190618501_190618800	10360
chr9_139740601_139740900	10361
chr3_195825901_195826200	10362
chr2_54566101_54566400	10363
chr1_37820401_37820700	10364
chr12_24028501_24028800	10365
chr20_5518201_5518500	10366
chr2_129558601_129558900	10367
chr12_121388101_121388400	10368
chr8_9223201_9223500	10369
chr1_106522801_106523100	10370
chr7_72274501_72274800	10371
chr7_126679801_126680100	10372
chr7_143795701_143796000	10373
chr2_54087001_54087300	10374
chr11_100096201_100096500	10375
chr6_7062301_7062600	10376
chr15_64544701_64545000	10377
chr1_229815001_229815300	10378
chr6_12284701_12285000	10379
chr1_197471701_197472000	10380
chr2_116616301_116616600	10381
chr12_114965101_114965400	10382
chr17_57249901_57250200	10383
chr7_131702701_131703000	10384
chr20_33063901_33064200	10385
chr8_134770201_134770500	10386
chr21_36816901_36817200	10387
chr15_59259001_59259300	10388
chr6_170403001_170403300	10389
chr6_5836501_5836800	10390
chr3_29096701_29097000	10391
chr3_95514001_95514300	10392
chr13_103296301_103296600	10393
chr17_76732501_76732800	10394
chr19_17838001_17838300	10395
chr8_12234001_12234300	10396
chr17_17109301_17109600	10397
chr10_13883701_13884000	10398
chr9_139246501_139246800	10399
chr11_56869801_56870100	10400
chr7_7711201_7711500	10401
chr5_123577501_123577800	10402
chr4_145856701_145857000	10403
chr3_35800801_35801100	10404
chr22_33597001_33597300	10405
chr7_133785301_133785600	10406
chr8_1410001_1410300	10407
chr1_152573701_152574000	10408
chr1_152457001_152457300	10409
chr12_21204901_21205200	10410
chr11_104557501_104557800	10411
chr3_165437101_165437400	10412
chr2_6558301_6558600	10413
chr11_17166601_17166900	10414
chr12_92808001_92808300	10415
chr5_141285901_141286200	10416
chr2_242952001_242952300	10417
chr4_190250101_190250400	10418
chr7_46961101_46961400	10419
chr8_81144001_81144300	10420
chr6_32427901_32428200	10421
chr2_132218701_132219000	10422
chr5_119887801_119888100	10423
chr4_18756901_18757200	10424
chr2_242989501_242989800	10425
chr1_20199001_20199300	10426
chr19_22463401_22463700	10427
chr8_107540401_107540700	10428
chr16_59816401_59816700	10429
chr3_34983901_34984200	10430
chr9_36301_36600	10431
chr8_145317901_145318200	10432
chr21_15015901_15016200	10433
chr14_64867501_64867800	10434
chr11_32391601_32391900	10435
chr2_138497401_138497700	10436
chr5_59250001_59250300	10437
chr11_8623801_8624100	10438
chr10_25940101_25940400	10439
chr8_50103301_50103600	10440
chr15_87944701_87945000	10441
chr1_73308901_73309200	10442
chr6_29721601_29721900	10443
chr4_1048801_1049100	10444
chr15_49920901_49921200	10445
chr5_164681701_164682000	10446
chr11_51360901_51361200	10447
chr1_25610701_25611000	10448
chr5_138951301_138951600	10449
chr3_7895701_7896000	10450
chr4_43678201_43678500	10451
chr8_95086801_95087100	10452
chr2_97203601_97203900	10453
chr12_92487601_92487900	10454
chr4_42180601_42180900	10455
chr3_87725401_87725700	10456
chr1_30419101_30419400	10457
chr15_65185801_65186100	10458
chr8_61890001_61890300	10459
chr10_122832601_122832900	10460
chr4_61580101_61580400	10461
chr15_98351701_98352000	10462
chr11_97616401_97616700	10463
chr9_89759701_89760000	10464
chr4_20805301_20805600	10465
chr6_142804801_142805100	10466
chr12_4510201_4510500	10467
chr3_149482201_149482500	10468
chr10_49376701_49377000	10469
chr8_62081101_62081400	10470
chr5_65658901_65659200	10471
chr11_15880801_15881100	10472
chr9_140243701_140244000	10473
chr2_140333401_140333700	10474
chr15_46986001_46986300	10475
chr16_61224601_61224900	10476
chr9_23584501_23584800	10477
chr9_110580301_110580600	10478
chr10_829801_830100	10479
chr5_140892901_140893200	10480
chr2_117708301_117708600	10481
chr14_88801501_88801800	10482
chr11_50096401_50096700	10483
chr21_35240701_35241000	10484
chr14_72352501_72352800	10485
chr10_73629301_73629600	10486
chr9_73055401_73055700	10487
chr20_44720401_44720700	10488
chr9_106086001_106086300	10489
chr13_114232201_114232500	10490
chr16_2156101_2156400	10491
chr10_4914001_4914300	10492
chr5_128313001_128313300	10493
chr6_156062101_156062400	10494
chr1_209991601_209991900	10495
chr5_77223301_77223600	10496
chr4_27966001_27966300	10497
chr5_103704601_103704900	10498
chr4_127627801_127628100	10499
chr5_81078601_81078900	10500
chr2_119076601_119076900	10501
chr12_8574301_8574600	10502
chr9_108621601_108621900	10503
chr8_104183701_104184000	10504
chr18_54947401_54947700	10505
chr7_82263901_82264200	10506
chr11_112719901_112720200	10507
chr14_106025401_106025700	10508
chr3_167065801_167066100	10509
chr7_89096701_89097000	10510
chr12_66426601_66426900	10511
chr5_18690601_18690900	10512
chr12_15464101_15464400	10513
chr18_39852601_39852900	10514
chr7_86540401_86540700	10515
chr7_70760401_70760700	10516
chr6_123563701_123564000	10517
chr2_49104901_49105200	10518
chr16_87095701_87096000	10519
chr10_135237601_135237900	10520
chr14_48160801_48161100	10521
chr19_2909401_2909700	10522
chr16_17331001_17331300	10523
chr2_210919501_210919800	10524
chr9_133279501_133279800	10525
chr3_87746701_87747000	10526
chr1_164850901_164851200	10527
chr19_39346201_39346500	10528
chr7_9642301_9642600	10529
chr8_138632401_138632700	10530
chr10_89460901_89461200	10531
chr4_105215701_105216000	10532
chr2_154829701_154830000	10533
chr10_55548601_55548900	10534
chr2_77562901_77563200	10535
chr9_4900801_4901100	10536
chr21_22285201_22285500	10537
chr6_81664501_81664800	10538
chr20_51516601_51516900	10539
chr11_121011301_121011600	10540
chr8_51750001_51750300	10541
chr20_19291501_19291800	10542
chr15_96082201_96082500	10543
chr1_119436301_119436600	10544
chr10_56718601_56718900	10545
chr2_116142301_116142600	10546
chr1_82617301_82617600	10547
chr7_144996301_144996600	10548
chr16_88767001_88767300	10549
chr11_12418201_12418500	10550
chr3_73884901_73885200	10551
chr5_122465701_122466000	10552
chr8_106244101_106244400	10553
chr6_29096701_29097000	10554
chr12_12566401_12566700	10555
chr10_46096201_46096500	10556
chr8_41660401_41660700	10557
chr13_64142101_64142400	10558
chr12_73260601_73260900	10559
chr12_44309401_44309700	10560
chr11_87744001_87744300	10561
chr18_64947601_64947900	10562
chr2_68034901_68035200	10563
chr10_764101_764400	10564
chr12_132820801_132821100	10565
chr2_182412901_182413200	10566
chr6_157700101_157700400	10567
chr10_44989201_44989500	10568
chr6_140061301_140061600	10569
chr5_88550401_88550700	10570
chr18_9378001_9378300	10571
chr6_30296101_30296400	10572
chr12_107491801_107492100	10573
chr6_29868301_29868600	10574
chr3_188795701_188796000	10575
chr12_84162601_84162900	10576
chr5_29440201_29440500	10577
chr9_139551301_139551600	10578
chr8_142212301_142212600	10579
chr9_80377201_80377500	10580
chr6_29917501_29917800	10581
chr4_9159601_9159900	10582
chr1_219134701_219135000	10583
chr17_41364001_41364300	10584
chr1_77136601_77136900	10585
chr2_38982901_38983200	10586
chr10_53387401_53387700	10587
chr8_24984601_24984900	10588
chr4_40025701_40026000	10589
chr13_89218801_89219100	10590
chr6_31482601_31482900	10591
chr13_46289401_46289700	10592
chr6_169015501_169015800	10593
chr11_117776701_117777000	10594
chr4_9160801_9161100	10595
chr6_122837401_122837700	10596
chr18_5088901_5089200	10597
chr4_162735301_162735600	10598
chr3_50022001_50022300	10599
chr10_54516301_54516600	10600
chr10_38275201_38275500	10601
chr6_64739701_64740000	10602
chr12_75690601_75690900	10603
chr5_150214801_150215100	10604
chr12_118962901_118963200	10605
chr1_43050001_43050300	10606
chr15_24456001_24456300	10607
chr2_146556601_146556900	10608
chr14_21640501_21640800	10609
chr9_5478301_5478600	10610
chr11_121908901_121909200	10611
chr15_62475301_62475600	10612
chr10_107894101_107894400	10613
chr2_213441301_213441600	10614
chr18_71273101_71273400	10615
chr14_80391901_80392200	10616
chr6_24382201_24382500	10617
chr12_125958601_125958900	10618
chr19_58868101_58868400	10619
chr15_93189601_93189900	10620
chr2_196203301_196203600	10621
chr22_24364501_24364800	10622
chr2_97203901_97204200	10623
chr7_83484301_83484600	10624
chr1_116421601_116421900	10625
chr3_26275501_26275800	10626
chr12_131118301_131118600	10627
chr14_92936701_92937000	10628
chr18_70021501_70021800	10629
chr3_95523001_95523300	10630
chr2_83104801_83105100	10631
chr7_53174401_53174700	10632
chr18_43562101_43562400	10633
chr5_33594901_33595200	10634
chr17_28917301_28917600	10635
chr20_24137401_24137700	10636
chr12_33108001_33108300	10637
chr2_137071801_137072100	10638
chr4_60681601_60681900	10639
chr8_122618401_122618700	10640
chr2_102656701_102657000	10641
chr14_25607101_25607400	10642
chr20_33242401_33242700	10643
chr12_55364101_55364400	10644
chr18_47695801_47696100	10645
chr3_111177001_111177300	10646
chr7_122823001_122823300	10647
chr2_174060601_174060900	10648
chr10_58494901_58495200	10649
chr19_14732401_14732700	10650
chr17_60453001_60453300	10651
chr12_11248801_11249100	10652
chr13_28498801_28499100	10653
chr2_14223601_14223900	10654
chr4_150364801_150365100	10655
chr5_166706401_166706700	10656
chr2_73395601_73395900	10657
chr8_39239101_39239400	10658
chr5_114221401_114221700	10659
chr4_56778901_56779200	10660
chr2_104202301_104202600	10661
chr16_65219701_65220000	10662
chr8_35794801_35795100	10663
chr2_171425701_171426000	10664
chr5_180408301_180408600	10665
chr3_8654401_8654700	10666
chr11_115470001_115470300	10667
chr10_74703901_74704200	10668
chr1_212494201_212494500	10669
chr5_111369901_111370200	10670
chr6_122705401_122705700	10671
chr2_106886101_106886400	10672
chr17_81122701_81123000	10673
chr4_156362401_156362700	10674
chr11_115179301_115179600	10675
chr4_47380201_47380500	10676
chr2_35401501_35401800	10677
chr5_113720701_113721000	10678
chr6_156755101_156755400	10679
chr19_9237601_9237900	10680
chr12_121401601_121401900	10681
chr2_213697501_213697800	10682
chr2_151827901_151828200	10683
chr4_73953601_73953900	10684
chr3_90276901_90277200	10685
chr12_9634801_9635100	10686
chr3_158390101_158390400	10687
chr14_95603701_95604000	10688
chr9_20702101_20702400	10689
chr5_86923501_86923800	10690
chr11_75136201_75136500	10691
chr4_146924101_146924400	10692
chr12_132641401_132641700	10693
chr2_29227801_29228100	10694
chr14_106480801_106481100	10695
chr7_158798701_158799000	10696
chr22_46286401_46286700	10697
chr17_12774001_12774300	10698
chr1_4059901_4060200	10699
chr9_113103601_113103900	10700
chr6_67296901_67297200	10701
chr20_49394101_49394400	10702
chr6_4986901_4987200	10703
chr15_62070601_62070900	10704
chr5_32554501_32554800	10705
chr4_28358701_28359000	10706
chr22_38485201_38485500	10707
chr7_26757601_26757900	10708
chr9_113025901_113026200	10709
chr16_236701_237000	10710
chr1_104791801_104792100	10711
chr3_181141501_181141800	10712
chr11_81597601_81597900	10713
chr2_105940501_105940800	10714
chr11_123154501_123154800	10715
chr4_146393401_146393700	10716
chr8_144997501_144997800	10717
chr2_6558001_6558300	10718
chr9_23342401_23342700	10719
chr6_55461901_55462200	10720
chr4_69405601_69405900	10721
chr8_26419501_26419800	10722
chr8_118385701_118386000	10723
chr14_92645401_92645700	10724
chr22_27169801_27170100	10725
chr5_14487601_14487900	10726
chr11_69919201_69919500	10727
chr8_4995001_4995300	10728
chr5_147700201_147700500	10729
chr1_96617101_96617400	10730
chr5_87264301_87264600	10731
chr15_66422701_66423000	10732
chr12_30396601_30396900	10733
chr20_39088801_39089100	10734
chr14_56556601_56556900	10735
chr14_99683401_99683700	10736
chr3_144773701_144774000	10737
chr8_39285901_39286200	10738
chr17_18737101_18737400	10739
chr1_195720301_195720600	10740
chr2_76994701_76995000	10741
chr3_138609001_138609300	10742
chr17_20988901_20989200	10743
chr1_189793201_189793500	10744
chr2_7255201_7255500	10745
chr1_167858101_167858400	10746
chr17_41363701_41364000	10747
chr21_32816401_32816700	10748
chr7_109368601_109368900	10749
chr1_27391201_27391500	10750
chr1_99189001_99189300	10751
chr1_55865701_55866000	10752
chr1_187720201_187720500	10753
chr2_98237101_98237400	10754
chr14_102038401_102038700	10755
chr12_9664201_9664500	10756
chr13_89976001_89976300	10757
chr10_70078501_70078800	10758
chr10_134218201_134218500	10759
chr11_48474001_48474300	10760
chr4_54185101_54185400	10761
chr7_157234501_157234800	10762
chr3_176469301_176469600	10763
chr6_13006501_13006800	10764
chr6_27794701_27795000	10765
chr16_29283601_29283900	10766
chr16_32087401_32087700	10767
chr2_140755801_140756100	10768
chr10_98421301_98421600	10769
chr1_223626001_223626300	10770
chr2_196445101_196445400	10771
chr2_186069601_186069900	10772
chr20_13360501_13360800	10773
chr2_14223301_14223600	10774
chr9_135659101_135659400	10775
chr4_4128601_4128900	10776
chr20_44164501_44164800	10777
chr11_63531001_63531300	10778
chr12_22746601_22746900	10779
chr8_76107001_76107300	10780
chr12_55772401_55772700	10781
chr5_65751001_65751300	10782
chr12_51492301_51492600	10783
chr14_82909801_82910100	10784
chr8_120999001_120999300	10785
chr8_14661301_14661600	10786
chr16_600001_600300	10787
chr21_15036001_15036300	10788
chr9_112223101_112223400	10789
chr3_5302801_5303100	10790
chr11_108261601_108261900	10791
chr9_9016201_9016500	10792
chr10_105259201_105259500	10793
chr20_55447801_55448100	10794
chr12_18252301_18252600	10795
chr4_163658701_163659000	10796
chr3_121182001_121182300	10797
chr19_13776301_13776600	10798
chr8_136210501_136210800	10799
chr5_86013901_86014200	10800
chr2_127950001_127950300	10801
chr18_13262701_13263000	10802
chr11_46383001_46383300	10803
chr5_102413101_102413400	10804
chr3_28906801_28907100	10805
chr4_20093101_20093400	10806
chr12_11242201_11242500	10807
chr8_26981401_26981700	10808
chr14_35943601_35943900	10809
chr3_9989101_9989400	10810
chr2_189510001_189510300	10811
chr5_6425101_6425400	10812
chr11_485701_486000	10813
chr2_732601_732900	10814
chr3_58186801_58187100	10815
chr5_21623701_21624000	10816
chr4_159273301_159273600	10817
chr12_93061201_93061500	10818
chr12_115077901_115078200	10819
chr4_152650201_152650500	10820
chr2_70661401_70661700	10821
chr2_213441601_213441900	10822
chr14_96277501_96277800	10823
chr13_95170201_95170500	10824
chr4_64055701_64056000	10825
chr18_20947201_20947500	10826
chr5_99681301_99681600	10827
chr9_107596801_107597100	10828
chr2_123158101_123158400	10829
chr10_119199001_119199300	10830
chr11_104269501_104269800	10831
chr5_146520901_146521200	10832
chr1_218277901_218278200	10833
chr11_119976601_119976900	10834
chr9_129477601_129477900	10835
chr19_16999501_16999800	10836
chr17_79093201_79093500	10837
chr18_40065901_40066200	10838
chr3_179571301_179571600	10839
chr6_35164801_35165100	10840
chr15_77497201_77497500	10841
chr3_114531901_114532200	10842
chr6_32532601_32532900	10843
chr1_89372401_89372700	10844
chr7_68195101_68195400	10845
chr9_91126201_91126500	10846
chr15_27633301_27633600	10847
chr13_45956401_45956700	10848
chr22_24288301_24288600	10849
chr14_105738301_105738600	10850
chr18_76413901_76414200	10851
chr1_95695201_95695500	10852
chr2_4309501_4309800	10853
chr13_100123801_100124100	10854
chr10_79198801_79199100	10855
chr5_2879401_2879700	10856
chr10_98421601_98421900	10857
chr3_44608501_44608800	10858
chr3_158038801_158039100	10859
chr7_31317601_31317900	10860
chr21_41019601_41019900	10861
chr11_32652901_32653200	10862
chr7_90639901_90640200	10863
chr4_187884601_187884900	10864
chr16_79981501_79981800	10865
chr20_61157701_61158000	10866
chr10_45452701_45453000	10867
chr16_55797601_55797900	10868
chr15_76887001_76887300	10869
chr1_240138601_240138900	10870
chr14_53969701_53970000	10871
chr18_1098301_1098600	10872
chr10_70038601_70038900	10873
chr13_91710001_91710300	10874
chr5_106522501_106522800	10875
chr1_165994801_165995100	10876
chr4_46895401_46895700	10877
chr8_8075701_8076000	10878
chr12_54882001_54882300	10879
chr7_63627001_63627300	10880
chr2_59983801_59984100	10881
chr6_3440101_3440400	10882
chr17_35756701_35757000	10883
chr22_28557601_28557900	10884
chr8_101904601_101904900	10885
chr10_118049701_118050000	10886
chr13_114894301_114894600	10887
chr2_217680901_217681200	10888
chr2_144679201_144679500	10889
chr1_181544701_181545000	10890
chr7_96274501_96274800	10891
chr18_77659501_77659800	10892
chr1_223741201_223741500	10893
chr13_37396501_37396800	10894
chr8_8079901_8080200	10895
chr4_68060401_68060700	10896
chr2_105940201_105940500	10897
chr21_35248501_35248800	10898
chr7_71145601_71145900	10899
chr7_115797301_115797600	10900
chr6_112512001_112512300	10901
chr14_106481101_106481400	10902
chr4_142263901_142264200	10903
chr19_28587001_28587300	10904
chr12_74732701_74733000	10905
chr9_95652601_95652900	10906
chr1_77218201_77218500	10907
chr14_95516401_95516700	10908
chr1_25611901_25612200	10909
chr12_312601_312900	10910
chr12_219301_219600	10911
chr6_168759001_168759300	10912
chr8_87061801_87062100	10913
chr2_207221401_207221700	10914
chr10_7724101_7724400	10915
chr17_17230201_17230500	10916
chr15_99551401_99551700	10917
chr2_183473401_183473700	10918
chr3_103441501_103441800	10919
chr22_35800201_35800500	10920
chr2_202918801_202919100	10921
chr10_9257401_9257700	10922
chr2_3663301_3663600	10923
chr16_78381001_78381300	10924
chr10_101322601_101322900	10925
chr1_12943501_12943800	10926
chr4_1040101_1040400	10927
chr12_29651701_29652000	10928
chr10_38505601_38505900	10929
chr10_93241501_93241800	10930
chr14_71617501_71617800	10931
chr17_64930201_64930500	10932
chr15_64071001_64071300	10933
chr15_65394601_65394900	10934
chr1_227553301_227553600	10935
chr9_25508101_25508400	10936
chr6_81075301_81075600	10937
chr11_8975401_8975700	10938
chr22_37880701_37881000	10939
chr1_21714901_21715200	10940
chr1_25618801_25619100	10941
chr2_57709501_57709800	10942
chr6_170758801_170759100	10943
chr6_114649201_114649500	10944
chr15_40260901_40261200	10945
chr7_13097401_13097700	10946
chr7_83270101_83270400	10947
chr3_41332801_41333100	10948
chr8_129407701_129408000	10949
chr3_177512701_177513000	10950
chr2_59798101_59798400	10951
chr1_246667501_246667800	10952
chr7_28575001_28575300	10953
chr7_158521801_158522100	10954
chr2_160427401_160427700	10955
chr14_33664201_33664500	10956
chr6_139322401_139322700	10957
chr2_34707301_34707600	10958
chr5_180414001_180414300	10959
chr18_28536301_28536600	10960
chr11_82209301_82209600	10961
chr12_106287601_106287900	10962
chr14_96277801_96278100	10963
chr2_54582901_54583200	10964
chr2_114069001_114069300	10965
chr12_132634801_132635100	10966
chr2_110891401_110891700	10967
chr3_59192401_59192700	10968
chr2_167596801_167597100	10969
chr10_116529301_116529600	10970
chr2_68177701_68178000	10971
chr13_71268001_71268300	10972
chr16_63474601_63474900	10973
chr5_97032301_97032600	10974
chr9_9178201_9178500	10975
chr9_121477801_121478100	10976
chr13_85725901_85726200	10977
chr2_185997301_185997600	10978
chr9_101311501_101311800	10979
chr20_40855801_40856100	10980
chr9_75483001_75483300	10981
chr3_132738601_132738900	10982
chr2_188266501_188266800	10983
chr13_95829301_95829600	10984
chr7_84707401_84707700	10985
chr7_116842201_116842500	10986
chr6_139334401_139334700	10987
chr12_128040301_128040600	10988
chr4_166070701_166071000	10989
chr7_157202401_157202700	10990
chr18_10222801_10223100	10991
chr11_130667701_130668000	10992
chr1_205837201_205837500	10993
chr6_32500501_32500800	10994
chr11_12418501_12418800	10995
chr7_46563001_46563300	10996
chr18_41167201_41167500	10997
chr7_44564401_44564700	10998
chr12_9666301_9666600	10999
chr4_166003801_166004100	11000
chr9_72431401_72431700	11001
chr9_125578501_125578800	11002
chr3_41643601_41643900	11003
chr8_54006601_54006900	11004
chr3_85027501_85027800	11005
chr9_14911201_14911500	11006
chr19_3178801_3179100	11007
chr2_141756901_141757200	11008
chr1_151979701_151980000	11009
chr19_8801701_8802000	11010
chr6_113221201_113221500	11011
chr17_44662501_44662800	11012
chr9_123601201_123601500	11013
chr11_133577401_133577700	11014
chr4_190371601_190371900	11015
chr12_55364401_55364700	11016
chr21_47407801_47408100	11017
chr5_136240501_136240800	11018
chr6_601801_602100	11019
chr15_99551701_99552000	11020
chr4_133965901_133966200	11021
chr1_104323201_104323500	11022
chr20_33742201_33742500	11023
chr8_51750301_51750600	11024
chr7_120702601_120702900	11025
chr9_16796701_16797000	11026
chr22_22977601_22977900	11027
chr12_8012401_8012700	11028
chr4_83344501_83344800	11029
chr2_188079901_188080200	11030
chr1_157416301_157416600	11031
chr9_72431701_72432000	11032
chr1_26923201_26923500	11033
chr11_107799601_107799900	11034
chr3_68643901_68644200	11035
chr4_83514001_83514300	11036
chr1_115851001_115851300	11037
chr1_24321901_24322200	11038
chr5_66590701_66591000	11039
chr20_47445001_47445300	11040
chr11_90586801_90587100	11041
chr1_193406701_193407000	11042
chr13_85836001_85836300	11043
chr5_170302501_170302800	11044
chr3_95057101_95057400	11045
chr8_60817801_60818100	11046
chr8_97211101_97211400	11047
chr7_6822301_6822600	11048
chr14_29314201_29314500	11049
chr5_114071401_114071700	11050
chr4_4814101_4814400	11051
chr3_71484301_71484600	11052
chr2_1539601_1539900	11053
chr6_32529001_32529300	11054
chr7_948901_949200	11055
chr11_97933501_97933800	11056
chr2_183126901_183127200	11057
chr3_75588001_75588300	11058
chr9_44549101_44549400	11059
chr16_33710101_33710400	11060
chr1_77136301_77136600	11061
chr16_61770001_61770300	11062
chr6_158261401_158261700	11063
chr6_53169601_53169900	11064
chr11_32262601_32262900	11065
chr11_114337801_114338100	11066
chr20_9060001_9060300	11067
chr21_41967001_41967300	11068
chr2_174426001_174426300	11069
chr2_109141501_109141800	11070
chr11_90195001_90195300	11071
chr7_20131501_20131800	11072
chr12_7068301_7068600	11073
chr8_79806301_79806600	11074
chr3_98044501_98044800	11075
chr17_70056601_70056900	11076
chr7_84509701_84510000	11077
chr6_9605101_9605400	11078
chr19_54801301_54801600	11079
chr6_135225901_135226200	11080
chr13_92515201_92515500	11081
chr10_86470501_86470800	11082
chr12_106347901_106348200	11083
chr11_115470301_115470600	11084
chr9_43503601_43503900	11085
chr7_88069201_88069500	11086
chr10_70322701_70323000	11087
chr16_78019501_78019800	11088
chr2_178647601_178647900	11089
chr4_8637601_8637900	11090
chr16_73366801_73367100	11091
chr7_21806101_21806400	11092
chr2_135431401_135431700	11093
chr3_138303301_138303600	11094
chr1_223836601_223836900	11095
chr3_14568601_14568900	11096
chr11_112125301_112125600	11097
chr4_39076501_39076800	11098
chr2_165731101_165731400	11099
chr5_148980901_148981200	11100
chr7_50031601_50031900	11101
chr11_15417001_15417300	11102
chr8_2585401_2585700	11103
chr2_105826801_105827100	11104
chr9_115847701_115848000	11105
chr11_121908301_121908600	11106
chr5_140573701_140574000	11107
chr4_69446401_69446700	11108
chr9_107375401_107375700	11109
chr4_101403001_101403300	11110
chr5_62482801_62483100	11111
chr1_42027901_42028200	11112
chr4_28511101_28511400	11113
chr7_150293701_150294000	11114
chr1_50190601_50190900	11115
chr15_99574801_99575100	11116
chr17_67364401_67364700	11117
chr16_58926601_58926900	11118
chr4_131620201_131620500	11119
chr14_70039201_70039500	11120
chr16_55359301_55359600	11121
chr2_950701_951000	11122
chr8_85643101_85643400	11123
chr8_90606901_90607200	11124
chr21_38072701_38073000	11125
chr5_112644601_112644900	11126
chr16_55329601_55329900	11127
chr11_67386601_67386900	11128
chr21_44973001_44973300	11129
chr8_83839501_83839800	11130
chr8_144710101_144710400	11131
chr16_23376601_23376900	11132
chr8_34407901_34408200	11133
chr7_78765301_78765600	11134
chr16_55191301_55191600	11135
chr19_40382401_40382700	11136
chr16_1584001_1584300	11137
chr7_16829401_16829700	11138
chr10_9187501_9187800	11139
chr3_180297601_180297900	11140
chr2_72129001_72129300	11141
chr4_11365801_11366100	11142
chr8_61626601_61626900	11143
chr6_2378401_2378700	11144
chr12_74350501_74350800	11145
chr16_77694301_77694600	11146
chr3_146472601_146472900	11147
chr17_54183901_54184200	11148
chr1_195671101_195671400	11149
chr6_26947201_26947500	11150
chr16_67428301_67428600	11151
chr2_20755501_20755800	11152
chr5_49705201_49705500	11153
chr2_212584801_212585100	11154
chr7_117189601_117189900	11155
chr10_14531701_14532000	11156
chr19_41471701_41472000	11157
chr8_18786301_18786600	11158
chr6_63177301_63177600	11159
chr2_112089901_112090200	11160
chr9_121469701_121470000	11161
chr4_127896601_127896900	11162
chr17_19954201_19954500	11163
chr4_87838501_87838800	11164
chr3_19399801_19400100	11165
chr4_31305901_31306200	11166
chr2_228999001_228999300	11167
chr16_88567801_88568100	11168
chr6_129529501_129529800	11169
chr1_103333201_103333500	11170
chr3_31857601_31857900	11171
chr11_60085501_60085800	11172
chr7_102800401_102800700	11173
chr8_115900501_115900800	11174
chr4_68201701_68202000	11175
chr3_148363201_148363500	11176
chr1_35840701_35841000	11177
chr1_55988701_55989000	11178
chr13_92514901_92515200	11179
chr18_41649001_41649300	11180
chr4_111037801_111038100	11181
chr16_87678001_87678300	11182
chr14_74006101_74006400	11183
chr4_69615601_69615900	11184
chr20_4560901_4561200	11185
chr4_98751601_98751900	11186
chr11_130953901_130954200	11187
chr9_122428201_122428500	11188
chr1_30527701_30528000	11189
chr19_12536701_12537000	11190
chr11_1315801_1316100	11191
chr12_7835701_7836000	11192
chr18_56912701_56913000	11193
chr15_38004301_38004600	11194
chr17_14343301_14343600	11195
chr11_76193401_76193700	11196
chr6_65517901_65518200	11197
chr5_149474401_149474700	11198
chr4_63674701_63675000	11199
chr6_169425001_169425300	11200
chr5_13159201_13159500	11201
chr5_160563301_160563600	11202
chr9_115835401_115835700	11203
chr2_51812701_51813000	11204
chr3_150110101_150110400	11205
chr16_32656201_32656500	11206
chr3_80264101_80264400	11207
chr14_89902801_89903100	11208
chr15_55428601_55428900	11209
chr20_44894101_44894400	11210
chr8_144681301_144681600	11211
chr2_77503501_77503800	11212
chr15_79891501_79891800	11213
chr20_23721001_23721300	11214
chr4_157521001_157521300	11215
chr8_72118801_72119100	11216
chr3_25986901_25987200	11217
chr1_191982901_191983200	11218
chr8_111885301_111885600	11219
chr18_56554801_56555100	11220
chr13_28503301_28503600	11221
chr20_32287501_32287800	11222
chr18_35437501_35437800	11223
chr1_31649401_31649700	11224
chr14_24356701_24357000	11225
chr7_146816701_146817000	11226
chr1_108735601_108735900	11227
chr7_140062201_140062500	11228
chr6_33382201_33382500	11229
chr7_80993401_80993700	11230
chr2_132217801_132218100	11231
chr2_112897201_112897500	11232
chr18_50849401_50849700	11233
chr5_34646101_34646400	11234
chr18_40606501_40606800	11235
chr5_148491001_148491300	11236
chr12_10797301_10797600	11237
chr3_191155801_191156100	11238
chr20_5050201_5050500	11239
chr12_9066601_9066900	11240
chr15_91500301_91500600	11241
chr2_225973801_225974100	11242
chr5_140475901_140476200	11243
chr4_53025301_53025600	11244
chr18_41558701_41559000	11245
chr2_6973201_6973500	11246
chr5_357901_358200	11247
chr7_28923001_28923300	11248
chr18_69077401_69077700	11249
chr19_7585201_7585500	11250
chr1_83132101_83132400	11251
chr7_63088501_63088800	11252
chr3_97860301_97860600	11253
chr17_44391601_44391900	11254
chr8_71576401_71576700	11255
chr9_112703401_112703700	11256
chr18_23250001_23250300	11257
chr4_76009801_76010100	11258
chr3_143976901_143977200	11259
chr21_21553501_21553800	11260
chr1_201189001_201189300	11261
chr11_38695201_38695500	11262
chr19_4047901_4048200	11263
chr17_35143801_35144100	11264
chr6_22312501_22312800	11265
chr12_133049701_133050000	11266
chr3_17731501_17731800	11267
chr9_15311701_15312000	11268
chr9_110034001_110034300	11269
chr15_80038501_80038800	11270
chr13_20927101_20927400	11271
chr8_1455301_1455600	11272
chr8_85956001_85956300	11273
chr19_14732701_14733000	11274
chr20_16113001_16113300	11275
chr16_89714701_89715000	11276
chr10_132910201_132910500	11277
chr2_239516401_239516700	11278
chr6_99717301_99717600	11279
chr1_218838901_218839200	11280
chr22_39595201_39595500	11281
chr2_177666601_177666900	11282
chr1_64881301_64881600	11283
chr8_41108101_41108400	11284
chr13_19572001_19572300	11285
chr15_92278201_92278500	11286
chr2_16572601_16572900	11287
chr7_16171801_16172100	11288
chr13_61551901_61552200	11289
chr1_71565001_71565300	11290
chr3_94676101_94676400	11291
chr7_68693701_68694000	11292
chr12_38902801_38903100	11293
chr12_103359601_103359900	11294
chr7_2538001_2538300	11295
chr8_39305101_39305400	11296
chr7_25058101_25058400	11297
chr21_41845801_41846100	11298
chr4_76010101_76010400	11299
chr10_18993601_18993900	11300
chr11_109814401_109814700	11301
chr7_150858001_150858300	11302
chr6_41773801_41774100	11303
chr5_84489601_84489900	11304
chr8_63507001_63507300	11305
chr8_81843601_81843900	11306
chr20_42235801_42236100	11307
chr11_7428301_7428600	11308
chr19_48984001_48984300	11309
chr2_140705701_140706000	11310
chr4_168547801_168548100	11311
chr19_12695401_12695700	11312
chr12_94987201_94987500	11313
chr5_101355601_101355900	11314
chr4_93027001_93027300	11315
chr13_20989201_20989500	11316
chr21_38973601_38973900	11317
chr4_38517601_38517900	11318
chr7_155598001_155598300	11319
chr14_92566201_92566500	11320
chr1_96661201_96661500	11321
chr14_74001901_74002200	11322
chr9_22238101_22238400	11323
chr20_33429901_33430200	11324
chr3_36495001_36495300	11325
chr1_176365201_176365500	11326
chr1_121299901_121300200	11327
chr7_76626001_76626300	11328
chr6_10660201_10660500	11329
chr2_6264001_6264300	11330
chr7_63608101_63608400	11331
chr2_53060701_53061000	11332
chr2_13223701_13224000	11333
chr5_2218201_2218500	11334
chr6_67958401_67958700	11335
chr11_92168401_92168700	11336
chr3_63855901_63856200	11337
chr4_133571701_133572000	11338
chr2_224005201_224005500	11339
chr13_98172901_98173200	11340
chr4_8632201_8632500	11341
chr3_190097701_190098000	11342
chr22_24276001_24276300	11343
chr2_163616101_163616400	11344
chr14_56556901_56557200	11345
chr4_101241601_101241900	11346
chr1_13644001_13644300	11347
chr7_82375201_82375500	11348
chr3_88064701_88065000	11349
chr7_101106901_101107200	11350
chr14_22425301_22425600	11351
chr18_44924701_44925000	11352
chr21_30263401_30263700	11353
chr20_55035001_55035300	11354
chr6_168100201_168100500	11355
chr10_57222001_57222300	11356
chr11_4986601_4986900	11357
chr8_96274201_96274500	11358
chr6_69471901_69472200	11359
chr4_101079601_101079900	11360
chr4_108699001_108699300	11361
chr5_15991201_15991500	11362
chr6_108863101_108863400	11363
chr2_137919901_137920200	11364
chr1_165994501_165994800	11365
chr2_194298001_194298300	11366
chr14_42277501_42277800	11367
chr14_61168201_61168500	11368
chr15_48092701_48093000	11369
chr5_150213601_150213900	11370
chr19_30239401_30239700	11371
chr6_32624101_32624400	11372
chr9_72645301_72645600	11373
chr4_12011101_12011400	11374
chr4_63322801_63323100	11375
chr5_146144401_146144700	11376
chr12_106959601_106959900	11377
chr8_71354101_71354400	11378
chr4_55015201_55015500	11379
chr16_1788001_1788300	11380
chr7_144011401_144011700	11381
chr10_87491701_87492000	11382
chr3_78840901_78841200	11383
chr6_78516601_78516900	11384
chr20_6392701_6393000	11385
chr2_64738801_64739100	11386
chr11_112719601_112719900	11387
chr15_71011501_71011800	11388
chr8_127504501_127504800	11389
chr21_42402601_42402900	11390
chr4_160444801_160445100	11391
chr2_151748101_151748400	11392
chr6_22311901_22312200	11393
chr2_232865401_232865700	11394
chr6_85089001_85089300	11395
chr12_99286501_99286800	11396
chr13_37177201_37177500	11397
chr16_6008701_6009000	11398
chr7_62969401_62969700	11399
chr18_182101_182400	11400
chr6_31108501_31108800	11401
chr10_17909401_17909700	11402
chr19_22703401_22703700	11403
chr7_140956801_140957100	11404
chr10_12869101_12869400	11405
chr2_30531601_30531900	11406
chr12_71767201_71767500	11407
chr21_47565001_47565300	11408
chr1_33440401_33440700	11409
chr5_51824401_51824700	11410
chr9_44742901_44743200	11411
chr17_65521201_65521500	11412
chr1_182112001_182112300	11413
chr12_28716601_28716900	11414
chr6_165626101_165626400	11415
chr2_77563201_77563500	11416
chr16_62456401_62456700	11417
chr3_98938801_98939100	11418
chr8_13827001_13827300	11419
chr2_162926701_162927000	11420
chr10_81205801_81206100	11421
chr1_969301_969600	11422
chr4_108228901_108229200	11423
chr17_7004101_7004400	11424
chr7_4842001_4842300	11425
chr12_114139801_114140100	11426
chr7_157405801_157406100	11427
chr1_79837501_79837800	11428
chr8_12764101_12764400	11429
chr13_69549001_69549300	11430
chr14_54909901_54910200	11431
chr20_36346501_36346800	11432
chr6_39573901_39574200	11433
chr17_28506301_28506600	11434
chr17_44404201_44404500	11435
chr16_20408401_20408700	11436
chr11_112143601_112143900	11437
chr2_173881501_173881800	11438
chr7_68145301_68145600	11439
chr3_13172401_13172700	11440
chr2_6188401_6188700	11441
chr22_42519001_42519300	11442
chr3_179571601_179571900	11443
chr2_12993901_12994200	11444
chr5_25527301_25527600	11445
chr2_163666801_163667100	11446
chr12_98079001_98079300	11447
chr3_144663301_144663600	11448
chr7_62810401_62810700	11449
chr10_1369801_1370100	11450
chr5_120521401_120521700	11451
chr20_18799501_18799800	11452
chr10_23981101_23981400	11453
chr3_102544501_102544800	11454
chr16_55796401_55796700	11455
chr3_156055201_156055500	11456
chr12_33452401_33452700	11457
chr7_89554501_89554800	11458
chr9_31203001_31203300	11459
chr13_110301901_110302200	11460
chr4_9466801_9467100	11461
chr16_48005701_48006000	11462
chr1_234362401_234362700	11463
chr5_176024101_176024400	11464
chr10_61333801_61334100	11465
chr11_129841801_129842100	11466
chr11_59454901_59455200	11467
chr22_50499901_50500200	11468
chr1_36788101_36788400	11469
chr3_137106001_137106300	11470
chr1_172048201_172048500	11471
chr6_147942601_147942900	11472
chr6_156798001_156798300	11473
chr8_38589601_38589900	11474
chr7_56859901_56860200	11475
chr14_62951701_62952000	11476
chr1_25101901_25102200	11477
chr3_104959801_104960100	11478
chr6_157701301_157701600	11479
chr19_19995901_19996200	11480
chr10_25526701_25527000	11481
chr11_66712501_66712800	11482
chr12_72144901_72145200	11483
chr1_61122901_61123200	11484
chr3_146876401_146876700	11485
chr6_31308901_31309200	11486
chr1_68395801_68396100	11487
chr8_11246401_11246700	11488
chr8_36285301_36285600	11489
chr16_23993401_23993700	11490
chr12_117363001_117363300	11491
chr6_147167101_147167400	11492
chr12_28458301_28458600	11493
chr20_8637601_8637900	11494
chr1_37314001_37314300	11495
chr13_85779001_85779300	11496
chr14_101616301_101616600	11497
chr1_25625401_25625700	11498
chr10_14479801_14480100	11499
chr19_55350901_55351200	11500
chr4_3979501_3979800	11501
chr2_17017801_17018100	11502
chr7_124143001_124143300	11503
chr2_164766301_164766600	11504
chr3_78697201_78697500	11505
chr13_108193801_108194100	11506
chr1_194104501_194104800	11507
chr4_158151601_158151900	11508
chr18_45961801_45962100	11509
chr16_18719401_18719700	11510
chr10_102490201_102490500	11511
chr20_43866901_43867200	11512
chr6_98991601_98991900	11513
chr3_105802501_105802800	11514
chr2_11253601_11253900	11515
chr12_104448601_104448900	11516
chr1_198774901_198775200	11517
chr12_115716601_115716900	11518
chr19_54801001_54801300	11519
chr7_95203501_95203800	11520
chr20_37738801_37739100	11521
chr5_80451601_80451900	11522
chr7_54735301_54735600	11523
chr9_29479801_29480100	11524
chr13_25995301_25995600	11525
chr1_152573401_152573700	11526
chr7_121835701_121836000	11527
chr19_9370201_9370500	11528
chr3_124936801_124937100	11529
chr15_32340301_32340600	11530
chr6_88056001_88056300	11531
chr18_43567201_43567500	11532
chr11_105240001_105240300	11533
chr20_21604201_21604500	11534
chr9_117150001_117150300	11535
chr18_24222601_24222900	11536
chr12_51798601_51798900	11537
chr3_195826201_195826500	11538
chr21_46448401_46448700	11539
chr4_96631501_96631800	11540
chr7_81507601_81507900	11541
chr2_131797501_131797800	11542
chr16_508201_508500	11543
chr10_131891101_131891400	11544
chr2_44468101_44468400	11545
chr9_134430001_134430300	11546
chr6_133252801_133253100	11547
chr1_246301801_246302100	11548
chr10_23470801_23471100	11549
chr2_151123801_151124100	11550
chr6_34910701_34911000	11551
chr10_62262601_62262900	11552
chr10_50988901_50989200	11553
chr1_13326301_13326600	11554
chr4_44151001_44151300	11555
chr9_97309501_97309800	11556
chr4_189100201_189100500	11557
chr17_18412201_18412500	11558
chr16_53410801_53411100	11559
chr7_133814701_133815000	11560
chr6_95347501_95347800	11561
chr2_221190601_221190900	11562
chr9_40369501_40369800	11563
chr4_147412501_147412800	11564
chr2_106881301_106881600	11565
chr8_9890401_9890700	11566
chr4_182423101_182423400	11567
chr9_79106101_79106400	11568
chr14_41722201_41722500	11569
chr19_1003201_1003500	11570
chr15_59831101_59831400	11571
chr8_14424301_14424600	11572
chr1_168652201_168652500	11573
chr9_134148601_134148900	11574
chr16_15085501_15085800	11575
chr11_56622301_56622600	11576
chr1_163737001_163737300	11577
chr22_17172301_17172600	11578
chr12_91249501_91249800	11579
chr5_748201_748500	11580
chr3_191467501_191467800	11581
chr6_149598001_149598300	11582
chr8_98828401_98828700	11583
chr14_106968601_106968900	11584
chr3_170477101_170477400	11585
chr4_4141501_4141800	11586
chr7_130276201_130276500	11587
chr2_103685401_103685700	11588
chr9_138748801_138749100	11589
chr3_191417101_191417400	11590
chr2_235471501_235471800	11591
chr16_23376901_23377200	11592
chr4_184657201_184657500	11593
chr16_25655701_25656000	11594
chr7_65117101_65117400	11595
chr19_8102101_8102400	11596
chr11_106596001_106596300	11597
chr10_133732501_133732800	11598
chr7_83492701_83493000	11599
chr2_30252601_30252900	11600
chr8_130509601_130509900	11601
chr2_191379001_191379300	11602
chr17_18423301_18423600	11603
chr13_83166901_83167200	11604
chr5_180403501_180403800	11605
chr5_172846801_172847100	11606
chr10_10927801_10928100	11607
chr9_44765401_44765700	11608
chr13_54604801_54605100	11609
chr19_55328101_55328400	11610
chr2_173194501_173194800	11611
chr8_16704601_16704900	11612
chr16_78377401_78377700	11613
chr2_69322201_69322500	11614
chr5_51063901_51064200	11615
chr21_44139601_44139900	11616
chr12_24028201_24028500	11617
chr12_93924001_93924300	11618
chr3_162446701_162447000	11619
chr14_85552501_85552800	11620
chr4_73415401_73415700	11621
chr8_12235201_12235500	11622
chr5_89370301_89370600	11623
chr5_83045701_83046000	11624
chr11_9038401_9038700	11625
chr17_45796501_45796800	11626
chr1_146555701_146556000	11627
chr1_187672801_187673100	11628
chr15_41943601_41943900	11629
chr12_11531101_11531400	11630
chr9_94357501_94357800	11631
chr5_160563601_160563900	11632
chr7_131513401_131513700	11633
chr19_50155501_50155800	11634
chr8_31849201_31849500	11635
chr1_73309201_73309500	11636
chr4_113340601_113340900	11637
chr2_202969801_202970100	11638
chr12_128362501_128362800	11639
chr4_138386401_138386700	11640
chr6_28941901_28942200	11641
chr19_6811501_6811800	11642
chr5_59453701_59454000	11643
chr3_197458501_197458800	11644
chr10_24203701_24204000	11645
chr6_87651301_87651600	11646
chr6_73364701_73365000	11647
chr14_32955601_32955900	11648
chr3_62595901_62596200	11649
chr13_20136301_20136600	11650
chr12_66424501_66424800	11651
chr12_124941601_124941900	11652
chr18_71154301_71154600	11653
chr21_10990201_10990500	11654
chr4_117104701_117105000	11655
chr6_70177201_70177500	11656
chr13_88856101_88856400	11657
chr17_48427501_48427800	11658
chr11_126840001_126840300	11659
chr11_101822101_101822400	11660
chr10_1405801_1406100	11661
chr11_96868201_96868500	11662
chr14_44708701_44709000	11663
chr5_53772001_53772300	11664
chr19_35634301_35634600	11665
chr8_36576601_36576900	11666
chr10_14416801_14417100	11667
chr19_5455801_5456100	11668
chr14_29487001_29487300	11669
chr11_20350201_20350500	11670
chr9_124993501_124993800	11671
chr22_24288001_24288300	11672
chr1_34789201_34789500	11673
chr13_33751801_33752100	11674
chr15_96323401_96323700	11675
chr21_34694401_34694700	11676
chr16_61498501_61498800	11677
chr4_35975101_35975400	11678
chr2_238743901_238744200	11679
chr5_93868201_93868500	11680
chr6_22686601_22686900	11681
chr12_28068601_28068900	11682
chr22_24381901_24382200	11683
chr5_108677101_108677400	11684
chr5_39194401_39194700	11685
chr17_20573701_20574000	11686
chr19_463801_464100	11687
chr17_4766101_4766400	11688
chr12_69340201_69340500	11689
chr4_98057101_98057400	11690
chr5_75123601_75123900	11691
chr8_54688501_54688800	11692
chr10_67712101_67712400	11693
chr6_76981801_76982100	11694
chr18_19024501_19024800	11695
chr6_95367901_95368200	11696
chr6_8954701_8955000	11697
chr16_47789101_47789400	11698
chr11_89815801_89816100	11699
chr2_37728901_37729200	11700
chr1_194859001_194859300	11701
chr9_85588501_85588800	11702
chr10_83159701_83160000	11703
chr9_20974201_20974500	11704
chr6_102210001_102210300	11705
chr2_107408101_107408400	11706
chr10_122227801_122228100	11707
chr1_94544101_94544400	11708
chr10_93082801_93083100	11709
chr20_33242701_33243000	11710
chr3_15674401_15674700	11711
chr6_150296401_150296700	11712
chr8_33143401_33143700	11713
chr13_66509101_66509400	11714
chr17_13460701_13461000	11715
chr7_64579501_64579800	11716
chr18_8914801_8915100	11717
chr4_9157801_9158100	11718
chr2_42066601_42066900	11719
chr3_144340801_144341100	11720
chr11_80439001_80439300	11721
chr10_124773001_124773300	11722
chr8_27878401_27878700	11723
chr3_43068001_43068300	11724
chr4_180413401_180413700	11725
chr10_112940101_112940400	11726
chr2_36761101_36761400	11727
chr4_168547501_168547800	11728
chr3_131153101_131153400	11729
chr5_143736301_143736600	11730
chr2_239039701_239040000	11731
chr17_77491201_77491500	11732
chr2_173048401_173048700	11733
chr3_54918001_54918300	11734
chr1_211902001_211902300	11735
chr15_94873501_94873800	11736
chr15_26586001_26586300	11737
chr1_147234001_147234300	11738
chr21_44712301_44712600	11739
chr19_56600101_56600400	11740
chr6_32574901_32575200	11741
chr6_30474301_30474600	11742
chr3_158923801_158924100	11743
chr13_107653501_107653800	11744
chr4_156885601_156885900	11745
chr4_14750401_14750700	11746
chr2_201551701_201552000	11747
chr10_61188301_61188600	11748
chr9_100592701_100593000	11749
chr12_42513301_42513600	11750
chr6_73650901_73651200	11751
chr10_20517601_20517900	11752
chr13_73547101_73547400	11753
chr14_74011501_74011800	11754
chr3_189943201_189943500	11755
chr3_189248401_189248700	11756
chr13_33539101_33539400	11757
chr7_73389301_73389600	11758
chr9_81168601_81168900	11759
chr1_14164801_14165100	11760
chr3_121313401_121313700	11761
chr14_105499801_105500100	11762
chr15_62706601_62706900	11763
chr4_185908801_185909100	11764
chr8_95095801_95096100	11765
chr7_36540601_36540900	11766
chr7_98357101_98357400	11767
chr2_50504701_50505000	11768
chr14_86859901_86860200	11769
chr16_32658301_32658600	11770
chr8_76017301_76017600	11771
chr12_131867401_131867700	11772
chr10_81046201_81046500	11773
chr8_60381601_60381900	11774
chr19_13637701_13638000	11775
chr19_567301_567600	11776
chr6_28606501_28606800	11777
chr15_34812001_34812300	11778
chr2_213542701_213543000	11779
chr9_118904101_118904400	11780
chr4_4111801_4112100	11781
chr13_24946201_24946500	11782
chr3_40485301_40485600	11783
chr4_59945101_59945400	11784
chr10_87648301_87648600	11785
chr11_108615901_108616200	11786
chr12_77626801_77627100	11787
chr16_23287201_23287500	11788
chr1_170344801_170345100	11789
chr12_133412701_133413000	11790
chr2_118777501_118777800	11791
chr13_82629001_82629300	11792
chr1_175453501_175453800	11793
chr18_70960201_70960500	11794
chr2_80510701_80511000	11795
chr2_57773401_57773700	11796
chr9_14452501_14452800	11797
chr1_182038201_182038500	11798
chr1_152566201_152566500	11799
chr15_99076501_99076800	11800
chr10_28635901_28636200	11801
chr3_131678401_131678700	11802
chr6_127796701_127797000	11803
chr14_95121901_95122200	11804
chr10_21798901_21799200	11805
chr9_40368601_40368900	11806
chr3_129789001_129789300	11807
chr2_130848601_130848900	11808
chr20_43839301_43839600	11809
chr7_64198801_64199100	11810
chr2_84559501_84559800	11811
chr6_54096301_54096600	11812
chr2_124728001_124728300	11813
chr17_15882901_15883200	11814
chr9_15705901_15706200	11815
chr1_30419401_30419700	11816
chr4_94629901_94630200	11817
chr5_152992801_152993100	11818
chr14_45100201_45100500	11819
chr4_170967901_170968200	11820
chr1_246026701_246027000	11821
chr1_38362501_38362800	11822
chr3_103601401_103601700	11823
chr1_912001_912300	11824
chr19_58868401_58868700	11825
chr1_183202201_183202500	11826
chr6_108515101_108515400	11827
chr18_61056601_61056900	11828
chr4_135649201_135649500	11829
chr11_81597901_81598200	11830
chr2_67251301_67251600	11831
chr5_128379001_128379300	11832
chr5_62564701_62565000	11833
chr16_64343701_64344000	11834
chr6_85317901_85318200	11835
chr12_120288001_120288300	11836
chr8_144714601_144714900	11837
chr8_55219501_55219800	11838
chr8_139414201_139414500	11839
chr11_74099401_74099700	11840
chr5_175077301_175077600	11841
chr4_57371701_57372000	11842
chr12_115001701_115002000	11843
chr9_79775701_79776000	11844
chr12_68926801_68927100	11845
chr7_74224801_74225100	11846
chr11_97874701_97875000	11847
chr10_110256301_110256600	11848
chr10_81488701_81489000	11849
chr6_135665701_135666000	11850
chr21_18613501_18613800	11851
chr4_58819201_58819500	11852
chr4_27663601_27663900	11853
chr17_46691401_46691700	11854
chr12_127457701_127458000	11855
chr7_72848401_72848700	11856
chr18_19709701_19710000	11857
chr6_31251901_31252200	11858
chr1_49200901_49201200	11859
chr8_145024801_145025100	11860
chr11_84425401_84425700	11861
chr12_9686101_9686400	11862
chr10_86211001_86211300	11863
chr7_145057501_145057800	11864
chr15_65991601_65991900	11865
chr13_89814301_89814600	11866
chr5_6075601_6075900	11867
chr18_28536601_28536900	11868
chr4_69401701_69402000	11869
chr4_90727201_90727500	11870
chr16_18734401_18734700	11871
chr12_50113201_50113500	11872
chr7_55043701_55044000	11873
chr16_88767601_88767900	11874
chr4_122909701_122910000	11875
chr2_59797801_59798100	11876
chr2_144139501_144139800	11877
chr14_74020801_74021100	11878
chr4_92223001_92223300	11879
chr3_187938001_187938300	11880
chr3_98091001_98091300	11881
chr14_21613801_21614100	11882
chr2_145504201_145504500	11883
chr8_23341201_23341500	11884
chr13_33539401_33539700	11885
chr17_21802201_21802500	11886
chr1_158401501_158401800	11887
chr12_9678901_9679200	11888
chr8_31967701_31968000	11889
chr15_83529601_83529900	11890
chr5_65737201_65737500	11891
chr1_175401601_175401900	11892
chr19_37851301_37851600	11893
chr2_137072101_137072400	11894
chr8_5616301_5616600	11895
chr7_21994501_21994800	11896
chr4_146270401_146270700	11897
chr3_98090701_98091000	11898
chr19_34682101_34682400	11899
chr8_26336701_26337000	11900
chr14_95841001_95841300	11901
chr5_140222401_140222700	11902
chr15_27741301_27741600	11903
chr2_126185701_126186000	11904
chr18_44164801_44165100	11905
chr4_88641901_88642200	11906
chr1_173581201_173581500	11907
chr1_5375101_5375400	11908
chr2_106886401_106886700	11909
chr3_194399701_194400000	11910
chr14_86979901_86980200	11911
chr3_189981901_189982200	11912
chr3_72379801_72380100	11913
chr7_27944401_27944700	11914
chr5_67099201_67099500	11915
chr1_28180201_28180500	11916
chr9_15706201_15706500	11917
chr5_156328201_156328500	11918
chr8_121816501_121816800	11919
chr1_194724901_194725200	11920
chr2_166871101_166871400	11921
chr9_44768701_44769000	11922
chr4_96476401_96476700	11923
chr10_22126501_22126800	11924
chr4_152100001_152100300	11925
chr11_40563301_40563600	11926
chr4_119850301_119850600	11927
chr3_16275001_16275300	11928
chr3_18886801_18887100	11929
chr5_10635901_10636200	11930
chr4_126113101_126113400	11931
chr1_116406901_116407200	11932
chr10_51201601_51201900	11933
chr2_219836401_219836700	11934
chr6_48002401_48002700	11935
chr12_74711401_74711700	11936
chr11_109218301_109218600	11937
chr5_21623401_21623700	11938
chr14_78050101_78050400	11939
chr8_146259001_146259300	11940
chr20_59677201_59677500	11941
chr19_58880101_58880400	11942
chr13_110436301_110436600	11943
chr19_7250101_7250400	11944
chr4_189364501_189364800	11945
chr3_105792601_105792900	11946
chr3_144773401_144773700	11947
chr7_88068901_88069200	11948
chr1_147753001_147753300	11949
chr6_70279801_70280100	11950
chr9_134693401_134693700	11951
chr4_179941501_179941800	11952
chr2_148293301_148293600	11953
chr8_112321201_112321500	11954
chr5_172001401_172001700	11955
chr15_101341501_101341800	11956
chr1_210297601_210297900	11957
chr19_29529901_29530200	11958
chr15_46012201_46012500	11959
chr17_44427901_44428200	11960
chr5_63079501_63079800	11961
chr3_58875901_58876200	11962
chr4_14640901_14641200	11963
chr15_87438301_87438600	11964
chr7_43375501_43375800	11965
chr6_92550601_92550900	11966
chr13_55043101_55043400	11967
chr2_50330701_50331000	11968
chr17_3699301_3699600	11969
chr15_42533701_42534000	11970
chr13_114232501_114232800	11971
chr4_146929501_146929800	11972
chr3_145676401_145676700	11973
chr3_129780601_129780900	11974
chr9_140172901_140173200	11975
chr19_2291701_2292000	11976
chr8_97550701_97551000	11977
chr1_189793501_189793800	11978
chr4_127923001_127923300	11979
chr2_132753301_132753600	11980
chr3_1002901_1003200	11981
chr2_47353201_47353500	11982
chr6_104346601_104346900	11983
chr2_1535401_1535700	11984
chr21_32819701_32820000	11985
chr11_133277401_133277700	11986
chr6_83457001_83457300	11987
chr1_100781101_100781400	11988
chr3_117769501_117769800	11989
chr8_5772301_5772600	11990
chr8_30604201_30604500	11991
chr5_18399901_18400200	11992
chr8_34439101_34439400	11993
chr4_166294501_166294800	11994
chr6_155877901_155878200	11995
chr3_143976601_143976900	11996
chr1_25301401_25301700	11997
chr3_103601101_103601400	11998
chr10_54819601_54819900	11999
chr13_47677801_47678100	12000
chr10_14532001_14532300	12001
chr4_174820501_174820800	12002
chr11_58809001_58809300	12003
chr5_6075901_6076200	12004
chr5_120521701_120522000	12005
chr14_33664501_33664800	12006
chr10_114678601_114678900	12007
chr8_39374401_39374700	12008
chr10_37910101_37910400	12009
chr1_55109701_55110000	12010
chr12_17608201_17608500	12011
chr13_99142201_99142500	12012
chr2_64529401_64529700	12013
chr11_127930201_127930500	12014
chr12_55381201_55381500	12015
chr13_105177001_105177300	12016
chr6_2605201_2605500	12017
chr7_55906201_55906500	12018
chr13_99418201_99418500	12019
chr8_50400601_50400900	12020
chr3_97114501_97114800	12021
chr13_37316401_37316700	12022
chr1_106166701_106167000	12023
chr1_207623401_207623700	12024
chr4_116918701_116919000	12025
chr13_47042401_47042700	12026
chr8_65994001_65994300	12027
chr8_107177401_107177700	12028
chr9_43523401_43523700	12029
chr2_190148101_190148400	12030
chr18_24282601_24282900	12031
chr6_132222301_132222600	12032
chr6_92838001_92838300	12033
chr5_127669501_127669800	12034
chr11_132426901_132427200	12035
chr3_145279501_145279800	12036
chr12_103486801_103487100	12037
chr19_10707301_10707600	12038
chr4_9168901_9169200	12039
chr13_91437601_91437900	12040
chr9_130517101_130517400	12041
chr4_180505501_180505800	12042
chr1_53000701_53001000	12043
chr21_33537901_33538200	12044
chr2_152462401_152462700	12045
chr2_58396801_58397100	12046
chr9_86546701_86547000	12047
chr3_38621401_38621700	12048
chr9_44493001_44493300	12049
chr16_64580101_64580400	12050
chr11_40981501_40981800	12051
chr16_17599501_17599800	12052
chr8_19159201_19159500	12053
chr9_136878001_136878300	12054
chr8_137298601_137298900	12055
chr17_36717901_36718200	12056
chr18_28696801_28697100	12057
chr2_83428201_83428500	12058
chr5_21320701_21321000	12059
chr13_27136801_27137100	12060
chr19_29881501_29881800	12061
chr14_106379101_106379400	12062
chr1_58387801_58388100	12063
chr17_48304501_48304800	12064
chr20_45070501_45070800	12065
chr3_195774601_195774900	12066
chr4_19097401_19097700	12067
chr11_98590501_98590800	12068
chr1_228400201_228400500	12069
chr2_102751801_102752100	12070
chr7_53374201_53374500	12071
chr10_24073501_24073800	12072
chr7_142611001_142611300	12073
chr11_105273601_105273900	12074
chr4_184667701_184668000	12075
chr2_61498501_61498800	12076
chr17_1961101_1961400	12077
chr11_35650801_35651100	12078
chr21_33624301_33624600	12079
chr12_66528901_66529200	12080
chr14_97235101_97235400	12081
chr7_14704201_14704500	12082
chr17_50206501_50206800	12083
chr12_27735001_27735300	12084
chr4_83344801_83345100	12085
chr4_33761701_33762000	12086
chr7_101083201_101083500	12087
chr11_5274601_5274900	12088
chr20_33262201_33262500	12089
chr13_22720501_22720800	12090
chr4_122669101_122669400	12091
chr14_61656001_61656300	12092
chr18_51023101_51023400	12093
chr13_80388901_80389200	12094
chr2_83118301_83118600	12095
chr12_40779001_40779300	12096
chr12_54204601_54204900	12097
chr11_78986101_78986400	12098
chr10_65956501_65956800	12099
chr4_25869001_25869300	12100
chr7_115119601_115119900	12101
chr8_39375301_39375600	12102
chr4_164889301_164889600	12103
chr20_9037801_9038100	12104
chr20_35779501_35779800	12105
chr16_69309001_69309300	12106
chr10_111300901_111301200	12107
chr3_142054501_142054800	12108
chr18_55057201_55057500	12109
chr11_76554901_76555200	12110
chr6_43044301_43044600	12111
chr4_78222601_78222900	12112
chr7_93459601_93459900	12113
chr6_110977501_110977800	12114
chr4_53350501_53350800	12115
chr22_24381001_24381300	12116
chr7_125642701_125643000	12117
chr2_182013001_182013300	12118
chr21_24741901_24742200	12119
chr9_118436701_118437000	12120
chr2_34719901_34720200	12121
chr3_149098201_149098500	12122
chr3_180740101_180740400	12123
chr7_74822401_74822700	12124
chr8_126843901_126844200	12125
chr9_81433201_81433500	12126
chr1_170506201_170506500	12127
chr10_99007201_99007500	12128
chr14_104394901_104395200	12129
chr1_146392801_146393100	12130
chr5_174162001_174162300	12131
chr11_51381301_51381600	12132
chr2_5814301_5814600	12133
chr2_232452601_232452900	12134
chr8_108861301_108861600	12135
chr18_64962001_64962300	12136
chr5_124014901_124015200	12137
chr4_168917401_168917700	12138
chr4_144764401_144764700	12139
chr12_9666601_9666900	12140
chr7_130275901_130276200	12141
chr5_61356301_61356600	12142
chr15_101097901_101098200	12143
chr5_180409201_180409500	12144
chr1_102123301_102123600	12145
chr9_26103901_26104200	12146
chr6_83471401_83471700	12147
chr10_19754701_19755000	12148
chr15_87144901_87145200	12149
chr19_21904201_21904500	12150
chr6_31134001_31134300	12151
chr1_71447101_71447400	12152
chr5_166824001_166824300	12153
chr7_113834401_113834700	12154
chr12_16663201_16663500	12155
chr16_88600501_88600800	12156
chr12_132111601_132111900	12157
chr1_13894501_13894800	12158
chr16_68016301_68016600	12159
chr10_1281301_1281600	12160
chr2_61498801_61499100	12161
chr7_132669901_132670200	12162
chr7_52779301_52779600	12163
chr20_1586401_1586700	12164
chr6_42072301_42072600	12165
chr7_70422901_70423200	12166
chr8_15752701_15753000	12167
chr7_42940501_42940800	12168
chr5_10639201_10639500	12169
chr1_196581901_196582200	12170
chr5_119577901_119578200	12171
chr7_21254701_21255000	12172
chr21_20932201_20932500	12173
chr2_38196901_38197200	12174
chr11_75588301_75588600	12175
chr20_6510901_6511200	12176
chr4_33478501_33478800	12177
chr3_115047901_115048200	12178
chr2_156699301_156699600	12179
chr2_230419501_230419800	12180
chr3_60232801_60233100	12181
chr2_220877701_220878000	12182
chr6_68091001_68091300	12183
chr7_88641001_88641300	12184
chr7_133371301_133371600	12185
chr10_47654401_47654700	12186
chr2_235557601_235557900	12187
chr6_55164601_55164900	12188
chr12_100239901_100240200	12189
chr8_33721501_33721800	12190
chr3_185232001_185232300	12191
chr7_141781501_141781800	12192
chr5_96224101_96224400	12193
chr20_17403301_17403600	12194
chr16_18676501_18676800	12195
chr18_39219001_39219300	12196
chr7_83360101_83360400	12197
chr2_51948601_51948900	12198
chr13_111427501_111427800	12199
chr4_4122901_4123200	12200
chr2_86105101_86105400	12201
chr4_3927601_3927900	12202
chr4_177731101_177731400	12203
chr5_140892601_140892900	12204
chr9_12204001_12204300	12205
chr18_63449101_63449400	12206
chr17_6874501_6874800	12207
chr17_81123901_81124200	12208
chr22_37880401_37880700	12209
chr4_59278201_59278500	12210
chr10_116477701_116478000	12211
chr8_77166001_77166300	12212
chr13_114894601_114894900	12213
chr16_15257401_15257700	12214
chr1_59781001_59781300	12215
chr5_98831401_98831700	12216
chr15_70293601_70293900	12217
chr10_8976901_8977200	12218
chr4_158557501_158557800	12219
chr10_24073201_24073500	12220
chr7_76146601_76146900	12221
chr8_52071901_52072200	12222
chr15_37425301_37425600	12223
chr8_93961501_93961800	12224
chr5_8457901_8458200	12225
chr9_101972701_101973000	12226
chr5_52643701_52644000	12227
chr9_44461801_44462100	12228
chr2_98240401_98240700	12229
chr7_157503901_157504200	12230
chr7_17082901_17083200	12231
chr4_9478801_9479100	12232
chr17_68179801_68180100	12233
chr1_107649901_107650200	12234
chr4_147046501_147046800	12235
chr3_182481601_182481900	12236
chr2_231362101_231362400	12237
chr1_18503701_18504000	12238
chr8_34656001_34656300	12239
chr6_165729301_165729600	12240
chr15_82085401_82085700	12241
chr8_116818801_116819100	12242
chr5_81797101_81797400	12243
chr1_211227901_211228200	12244
chr19_18029401_18029700	12245
chr6_168717901_168718200	12246
chr8_71353801_71354100	12247
chr2_200075401_200075700	12248
chr11_75588901_75589200	12249
chr20_51767401_51767700	12250
chr18_9093601_9093900	12251
chr4_58205701_58206000	12252
chr6_134819101_134819400	12253
chr8_92256601_92256900	12254
chr7_143853301_143853600	12255
chr19_29642701_29643000	12256
chr7_140189701_140190000	12257
chr4_124939801_124940100	12258
chr2_55989301_55989600	12259
chr15_27873001_27873300	12260
chr11_58692601_58692900	12261
chr13_81017101_81017400	12262
chr1_7420801_7421100	12263
chr12_39326101_39326400	12264
chr2_121035001_121035300	12265
chr5_7372201_7372500	12266
chr5_10065601_10065900	12267
chr4_123756301_123756600	12268
chr6_101023501_101023800	12269
chr5_56773501_56773800	12270
chr16_18714301_18714600	12271
chr11_83295001_83295300	12272
chr4_177028801_177029100	12273
chr17_33379501_33379800	12274
chr9_111605101_111605400	12275
chr6_42433201_42433500	12276
chr5_161958601_161958900	12277
chr8_146258701_146259000	12278
chr1_192482701_192483000	12279
chr5_115977901_115978200	12280
chr4_6107401_6107700	12281
chr13_76146001_76146300	12282
chr4_61967401_61967700	12283
chr20_30682501_30682800	12284
chr10_78910801_78911100	12285
chr10_14936701_14937000	12286
chr20_30058801_30059100	12287
chr12_65527801_65528100	12288
chr1_58828801_58829100	12289
chr8_52194901_52195200	12290
chr4_69592801_69593100	12291
chr4_27615601_27615900	12292
chr2_199312501_199312800	12293
chr10_120651001_120651300	12294
chr7_48103501_48103800	12295
chr4_63695701_63696000	12296
chr19_932701_933000	12297
chr4_90892501_90892800	12298
chr3_97220401_97220700	12299
chr9_20949301_20949600	12300
chr7_11922001_11922300	12301
chr4_81914101_81914400	12302
chr1_18599701_18600000	12303
chr2_32336401_32336700	12304
chr6_55164901_55165200	12305
chr4_4147201_4147500	12306
chr1_70253701_70254000	12307
chr10_108496801_108497100	12308
chr9_87374701_87375000	12309
chr15_101979901_101980200	12310
chr22_46870201_46870500	12311
chr18_15110701_15111000	12312
chr2_132218401_132218700	12313
chr6_151979101_151979400	12314
chr5_54992401_54992700	12315
chr7_6194101_6194400	12316
chr6_31837501_31837800	12317
chr19_7004401_7004700	12318
chr7_107035501_107035800	12319
chr12_111213901_111214200	12320
chr2_196998901_196999200	12321
chr14_92937001_92937300	12322
chr4_166950301_166950600	12323
chr12_69931201_69931500	12324
chr7_25258801_25259100	12325
chr12_16879201_16879500	12326
chr12_16966501_16966800	12327
chr5_72428101_72428400	12328
chr19_34569901_34570200	12329
chr2_112739701_112740000	12330
chr2_112090201_112090500	12331
chr11_55427401_55427700	12332
chr14_35203801_35204100	12333
chr6_28941601_28941900	12334
chr4_69402001_69402300	12335
chr1_246027001_246027300	12336
chr19_8356801_8357100	12337
chr4_103882501_103882800	12338
chr6_13379701_13380000	12339
chr13_40188301_40188600	12340
chr2_190495501_190495800	12341
chr12_80381401_80381700	12342
chr6_83457301_83457600	12343
chr1_242990401_242990700	12344
chr5_91967101_91967400	12345
chr11_64260001_64260300	12346
chr11_74474401_74474700	12347
chr14_41722501_41722800	12348
chr16_53037301_53037600	12349
chr13_79661401_79661700	12350
chr16_18375301_18375600	12351
chr18_5089201_5089500	12352
chr14_64661401_64661700	12353
chr10_60513601_60513900	12354
chr11_97869601_97869900	12355
chr5_24030901_24031200	12356
chr10_33155401_33155700	12357
chr5_125841001_125841300	12358
chr6_937801_938100	12359
chr7_123780901_123781200	12360
chr12_18902401_18902700	12361
chr22_37146901_37147200	12362
chr10_17402701_17403000	12363
chr1_235750801_235751100	12364
chr13_28498501_28498800	12365
chr9_123976501_123976800	12366
chr6_10286401_10286700	12367
chr2_194319601_194319900	12368
chr9_13186201_13186500	12369
chr8_111636901_111637200	12370
chr2_30128401_30128700	12371
chr12_11610901_11611200	12372
chr6_5056201_5056500	12373
chr12_129753601_129753900	12374
chr1_58690201_58690500	12375
chr10_81499201_81499500	12376
chr9_43604401_43604700	12377
chr11_5422801_5423100	12378
chr8_90606601_90606900	12379
chr4_79111501_79111800	12380
chr18_37191601_37191900	12381
chr2_68629501_68629800	12382
chr5_174228601_174228900	12383
chr17_65312101_65312400	12384
chr21_15095701_15096000	12385
chr19_30857401_30857700	12386
chr1_213935101_213935400	12387
chr15_86409001_86409300	12388
chr8_1351501_1351800	12389
chr6_31422601_31422900	12390
chr17_30378901_30379200	12391
chr22_33064501_33064800	12392
chr6_32625001_32625300	12393
chr18_76542001_76542300	12394
chr19_8295601_8295900	12395
chr10_50495701_50496000	12396
chr8_23441101_23441400	12397
chr17_76002301_76002600	12398
chr8_125870101_125870400	12399
chr14_63245701_63246000	12400
chr3_85030501_85030800	12401
chr6_124961701_124962000	12402
chr2_158518201_158518500	12403
chr7_150778201_150778500	12404
chr16_21725701_21726000	12405
chr3_98411401_98411700	12406
chr1_111567301_111567600	12407
chr16_75513301_75513600	12408
chr12_84447301_84447600	12409
chr16_6834001_6834300	12410
chr1_219918901_219919200	12411
chr16_24358501_24358800	12412
chr4_55200901_55201200	12413
chr5_135337501_135337800	12414
chr5_87264001_87264300	12415
chr4_143879701_143880000	12416
chr7_94398301_94398600	12417
chr1_241981201_241981500	12418
chr3_186404401_186404700	12419
chr6_48002701_48003000	12420
chr10_82469701_82470000	12421
chr1_152920801_152921100	12422
chr15_101095201_101095500	12423
chr4_160670101_160670400	12424
chr2_237397201_237397500	12425
chr3_67206001_67206300	12426
chr14_25866001_25866300	12427
chr8_38580601_38580900	12428
chr7_85425601_85425900	12429
chr13_112547701_112548000	12430
chr17_10662601_10662900	12431
chr8_43274401_43274700	12432
chr9_20974501_20974800	12433
chr1_192482401_192482700	12434
chr21_45051901_45052200	12435
chr4_177909901_177910200	12436
chr4_177367201_177367500	12437
chr5_124228201_124228500	12438
chr10_60586501_60586800	12439
chr19_32509801_32510100	12440
chr4_94761601_94761900	12441
chr22_51135601_51135900	12442
chr8_52967701_52968000	12443
chr1_112702801_112703100	12444
chr16_70010101_70010400	12445
chr16_1003201_1003500	12446
chr4_68060101_68060400	12447
chr3_3326701_3327000	12448
chr6_76317901_76318200	12449
chr10_92603101_92603400	12450
chr3_98026801_98027100	12451
chr6_123824701_123825000	12452
chr8_142447201_142447500	12453
chr19_54810601_54810900	12454
chr17_74158801_74159100	12455
chr8_83353501_83353800	12456
chr5_21320401_21320700	12457
chr5_89724001_89724300	12458
chr7_144996001_144996300	12459
chr6_167835601_167835900	12460
chr13_42802801_42803100	12461
chr19_17425801_17426100	12462
chr4_90302101_90302400	12463
chr1_112835401_112835700	12464
chr4_101692501_101692800	12465
chr12_95353201_95353500	12466
chr15_95773501_95773800	12467
chr18_25254001_25254300	12468
chr21_43200901_43201200	12469
chr7_72271501_72271800	12470
chr11_28673401_28673700	12471
chr3_105052501_105052800	12472
chr11_11353801_11354100	12473
chr2_25857301_25857600	12474
chr12_59868301_59868600	12475
chr9_40059601_40059900	12476
chr6_83704501_83704800	12477
chr4_43825501_43825800	12478
chr8_122960401_122960700	12479
chr20_20102101_20102400	12480
chr5_66786001_66786300	12481
chr2_211227901_211228200	12482
chr3_162533401_162533700	12483
chr2_53817901_53818200	12484
chr2_134342401_134342700	12485
chr1_213935401_213935700	12486
chr7_13242601_13242900	12487
chr7_16139101_16139400	12488
chr12_248101_248400	12489
chr10_102506701_102507000	12490
chr10_80081701_80082000	12491
chr2_66667201_66667500	12492
chr6_117637201_117637500	12493
chr3_151383001_151383300	12494
chr20_24716701_24717000	12495
chr2_6972901_6973200	12496
chr3_189248101_189248400	12497
chr14_84402301_84402600	12498
chr20_57053101_57053400	12499
chr8_13635901_13636200	12500
chr4_92734201_92734500	12501
chr7_48103801_48104100	12502
chr10_115541401_115541700	12503
chr5_21344701_21345000	12504
chr19_32585401_32585700	12505
chr10_29530801_29531100	12506
chr5_152758801_152759100	12507
chr21_21831901_21832200	12508
chr6_135030601_135030900	12509
chr17_62105101_62105400	12510
chr1_25628701_25629000	12511
chr4_139250101_139250400	12512
chr10_57223801_57224100	12513
chr8_5851501_5851800	12514
chr8_64197601_64197900	12515
chr3_192441601_192441900	12516
chr9_132661801_132662100	12517
chr11_109230901_109231200	12518
chr20_8848801_8849100	12519
chr19_32668201_32668500	12520
chr2_149988001_149988300	12521
chr1_79817701_79818000	12522
chr3_405601_405900	12523
chr15_84045901_84046200	12524
chr3_144693901_144694200	12525
chr9_38862901_38863200	12526
chr2_132203101_132203400	12527
chr2_154829401_154829700	12528
chr7_155200201_155200500	12529
chr1_47797501_47797800	12530
chr11_99783001_99783300	12531
chr2_220055101_220055400	12532
chr11_101626501_101626800	12533
chr7_82737301_82737600	12534
chr1_241149601_241149900	12535
chr14_43869301_43869600	12536
chr12_131782801_131783100	12537
chr3_36962701_36963000	12538
chr3_150390901_150391200	12539
chr10_62932201_62932500	12540
chr1_96341701_96342000	12541
chr11_123948001_123948300	12542
chr11_108252901_108253200	12543
chr20_6510601_6510900	12544
chr3_119662501_119662800	12545
chr1_81268201_81268500	12546
chr15_27249001_27249300	12547
chr5_123075001_123075300	12548
chr19_31410901_31411200	12549
chr10_109355701_109356000	12550
chr5_5301301_5301600	12551
chr7_135830401_135830700	12552
chr5_178948501_178948800	12553
chr5_117164401_117164700	12554
chr12_67691101_67691400	12555
chr5_115271101_115271400	12556
chr7_142481101_142481400	12557
chr8_39334801_39335100	12558
chr10_118326601_118326900	12559
chr2_128544901_128545200	12560
chr15_40039201_40039500	12561
chr10_64793401_64793700	12562
chr8_128762401_128762700	12563
chr11_99965401_99965700	12564
chr5_92657101_92657400	12565
chr2_141921901_141922200	12566
chr4_81914401_81914700	12567
chr14_74008801_74009100	12568
chr6_31358101_31358400	12569
chr5_134982001_134982300	12570
chr19_54803401_54803700	12571
chr20_169501_169800	12572
chr18_10278301_10278600	12573
chr6_64968601_64968900	12574
chr5_4166401_4166700	12575
chr3_579901_580200	12576
chr4_9163801_9164100	12577
chr9_127224901_127225200	12578
chr19_8244001_8244300	12579
chr15_95469901_95470200	12580
chr17_56178001_56178300	12581
chr3_89568001_89568300	12582
chr1_216164401_216164700	12583
chr3_185842501_185842800	12584
chr4_169206901_169207200	12585
chr12_52215001_52215300	12586
chr12_125590201_125590500	12587
chr2_89447701_89448000	12588
chr9_79923001_79923300	12589
chr11_103132801_103133100	12590
chr4_126150901_126151200	12591
chr15_95978101_95978400	12592
chr4_183049801_183050100	12593
chr3_13681501_13681800	12594
chr6_160820101_160820400	12595
chr5_57333001_57333300	12596
chr8_12234901_12235200	12597
chr10_100102801_100103100	12598
chr6_169591801_169592100	12599
chr8_40713901_40714200	12600
chr21_27062701_27063000	12601
chr15_93052501_93052800	12602
chr4_389701_390000	12603
chr20_57651301_57651600	12604
chr6_25656601_25656900	12605
chr19_31443301_31443600	12606
chr1_104811901_104812200	12607
chr11_340801_341100	12608
chr2_65078701_65079000	12609
chr10_86417101_86417400	12610
chr16_8139901_8140200	12611
chr4_4112701_4113000	12612
chr2_105827401_105827700	12613
chr7_155135101_155135400	12614
chr6_150994501_150994800	12615
chr9_122658901_122659200	12616
chr6_167763901_167764200	12617
chr9_29480101_29480400	12618
chr12_87108601_87108900	12619
chr1_9111001_9111300	12620
chr10_61333501_61333800	12621
chr14_71217601_71217900	12622
chr6_128756101_128756400	12623
chr14_57847801_57848100	12624
chr2_242048401_242048700	12625
chr13_67371901_67372200	12626
chr7_40240801_40241100	12627
chr11_90581701_90582000	12628
chr14_82532401_82532700	12629
chr7_40320301_40320600	12630
chr1_163737301_163737600	12631
chr1_222474001_222474300	12632
chr18_22231801_22232100	12633
chr9_38815501_38815800	12634
chr11_89308501_89308800	12635
chr8_117497401_117497700	12636
chr4_125069401_125069700	12637
chr4_44151301_44151600	12638
chr6_135303301_135303600	12639
chr1_98671201_98671500	12640
chr20_7792501_7792800	12641
chr13_50422801_50423100	12642
chr7_131319001_131319300	12643
chr1_194858701_194859000	12644
chr3_16053601_16053900	12645
chr3_7704301_7704600	12646
chr5_43461601_43461900	12647
chr4_187302001_187302300	12648
chr4_155003701_155004000	12649
chr4_138273301_138273600	12650
chr3_168952201_168952500	12651
chr11_100095901_100096200	12652
chr3_176509201_176509500	12653
chr7_89812201_89812500	12654
chr9_127225201_127225500	12655
chr3_77585401_77585700	12656
chr1_191408401_191408700	12657
chr7_98214301_98214600	12658
chr11_34443901_34444200	12659
chr7_103927801_103928100	12660
chr14_74015101_74015400	12661
chr12_73984801_73985100	12662
chr17_18368101_18368400	12663
chr1_191408701_191409000	12664
chr11_32653201_32653500	12665
chr8_88983301_88983600	12666
chr11_83244001_83244300	12667
chr2_131515801_131516100	12668
chr7_13142401_13142700	12669
chr8_24899401_24899700	12670
chr10_34752001_34752300	12671
chr9_44277601_44277900	12672
chr3_126359101_126359400	12673
chr7_157733701_157734000	12674
chr7_135845701_135846000	12675
chr12_95231701_95232000	12676
chr2_38025601_38025900	12677
chr1_243013201_243013500	12678
chr11_40373401_40373700	12679
chr20_54115801_54116100	12680
chr16_16638001_16638300	12681
chr7_63244201_63244500	12682
chr13_64955401_64955700	12683
chr2_126334801_126335100	12684
chr4_45188701_45189000	12685
chr17_15048601_15048900	12686
chr9_72799501_72799800	12687
chr7_40350901_40351200	12688
chr8_71720401_71720700	12689
chr13_109707301_109707600	12690
chr17_18367801_18368100	12691
chr18_10462501_10462800	12692
chr6_31472101_31472400	12693
chr8_122304001_122304300	12694
chr9_113740201_113740500	12695
chr18_77720101_77720400	12696
chr2_49105201_49105500	12697
chr9_44492701_44493000	12698
chr1_231527101_231527400	12699
chr6_29665201_29665500	12700
chr8_144854101_144854400	12701
chr14_104643901_104644200	12702
chr3_23511001_23511300	12703
chr11_33622201_33622500	12704
chr17_30379201_30379500	12705
chr5_146144101_146144400	12706
chr3_61398301_61398600	12707
chr1_51007201_51007500	12708
chr15_38065801_38066100	12709
chr17_80943901_80944200	12710
chr1_149147101_149147400	12711
chr8_49628401_49628700	12712
chr20_3769201_3769500	12713
chr1_225786001_225786300	12714
chr2_62861401_62861700	12715
chr12_132881401_132881700	12716
chr12_22520101_22520400	12717
chr7_85120801_85121100	12718
chr8_24986401_24986700	12719
chr1_158872801_158873100	12720
chr10_29104801_29105100	12721
chr2_60600001_60600300	12722
chr9_128385901_128386200	12723
chr1_24015301_24015600	12724
chr20_42187801_42188100	12725
chr11_84282001_84282300	12726
chr17_63647701_63648000	12727
chr19_48965101_48965400	12728
chr1_203376301_203376600	12729
chr17_39922201_39922500	12730
chr18_35078101_35078400	12731
chr2_33870001_33870300	12732
chr5_53509801_53510100	12733
chr11_61711501_61711800	12734
chr3_35383801_35384100	12735
chr2_221802901_221803200	12736
chr9_44271001_44271300	12737
chr14_85552801_85553100	12738
chr19_23110801_23111100	12739
chr2_10620901_10621200	12740
chr19_48965401_48965700	12741
chr19_8342101_8342400	12742
chr8_73434601_73434900	12743
chr15_76887301_76887600	12744
chr13_64661701_64662000	12745
chr16_24276901_24277200	12746
chr4_74590801_74591100	12747
chr4_165180001_165180300	12748
chr6_14157301_14157600	12749
chr7_142428601_142428900	12750
chr15_87810901_87811200	12751
chr4_63721801_63722100	12752
chr7_104850001_104850300	12753
chr3_38932201_38932500	12754
chr3_18366301_18366600	12755
chr14_22660801_22661100	12756
chr13_61552201_61552500	12757
chr18_27162001_27162300	12758
chr2_224148601_224148900	12759
chr2_104262601_104262900	12760
chr8_34655701_34656000	12761
chr1_196552801_196553100	12762
chr13_28496701_28497000	12763
chr8_55777801_55778100	12764
chr22_24393001_24393300	12765
chr4_175613401_175613700	12766
chr12_98060701_98061000	12767
chr5_16624501_16624800	12768
chr20_57465301_57465600	12769
chr1_219418501_219418800	12770
chr3_162261601_162261900	12771
chr3_190098001_190098300	12772
chr6_156762001_156762300	12773
chr17_77504401_77504700	12774
chr12_77034601_77034900	12775
chr1_51480601_51480900	12776
chr5_164366701_164367000	12777
chr14_35508601_35508900	12778
chr3_20433301_20433600	12779
chr8_106546501_106546800	12780
chr12_48243601_48243900	12781
chr7_31183801_31184100	12782
chr1_228413101_228413400	12783
chr13_61805101_61805400	12784
chr6_32352901_32353200	12785
chr18_39716401_39716700	12786
chr1_1167901_1168200	12787
chr4_9195301_9195600	12788
chr10_71299201_71299500	12789
chr5_75310201_75310500	12790
chr16_2414701_2415000	12791
chr19_41153701_41154000	12792
chr19_32548801_32549100	12793
chr6_8193001_8193300	12794
chr13_76143901_76144200	12795
chr12_28068301_28068600	12796
chr3_25986601_25986900	12797
chr3_15654901_15655200	12798
chr6_129301801_129302100	12799
chr7_945301_945600	12800
chr22_24357301_24357600	12801
chr4_167199301_167199600	12802
chr7_158856001_158856300	12803
chr5_21752701_21753000	12804
chr1_183912301_183912600	12805
chr1_1152601_1152900	12806
chr11_64260301_64260600	12807
chr7_155595901_155596200	12808
chr3_85971001_85971300	12809
chr4_96476101_96476400	12810
chr7_76656901_76657200	12811
chr2_98234401_98234700	12812
chr11_20349901_20350200	12813
chr3_79599301_79599600	12814
chr8_53850901_53851200	12815
chr10_48602401_48602700	12816
chr8_96273901_96274200	12817
chr13_64801801_64802100	12818
chr5_25824901_25825200	12819
chr15_87546301_87546600	12820
chr7_71312701_71313000	12821
chr9_83307901_83308200	12822
chr22_32448901_32449200	12823
chr10_57475801_57476100	12824
chr10_15053101_15053400	12825
chr16_27530701_27531000	12826
chr14_21640801_21641100	12827
chr7_65939401_65939700	12828
chr2_50064901_50065200	12829
chr4_44488501_44488800	12830
chr2_216266101_216266400	12831
chr1_187603201_187603500	12832
chr3_127655701_127656000	12833
chr1_15549001_15549300	12834
chr2_101136301_101136600	12835
chr1_100678501_100678800	12836
chr3_25962901_25963200	12837
chr1_198523801_198524100	12838
chr17_2435401_2435700	12839
chr10_99870001_99870300	12840
chr16_20378101_20378400	12841
chr9_19947001_19947300	12842
chr14_87810601_87810900	12843
chr11_22865401_22865700	12844
chr7_53196301_53196600	12845
chr1_12347401_12347700	12846
chr11_25098001_25098300	12847
chr10_19986601_19986900	12848
chr10_60088801_60089100	12849
chr11_64992901_64993200	12850
chr13_34911601_34911900	12851
chr1_194725201_194725500	12852
chr3_72338401_72338700	12853
chr16_57327301_57327600	12854
chr22_24370801_24371100	12855
chr2_116341801_116342100	12856
chr1_116232001_116232300	12857
chr16_88601101_88601400	12858
chr7_67021201_67021500	12859
chr1_152112001_152112300	12860
chr6_117147301_117147600	12861
chr18_71073901_71074200	12862
chr3_2016001_2016300	12863
chr4_24480901_24481200	12864
chr3_100242301_100242600	12865
chr7_67605001_67605300	12866
chr20_6392401_6392700	12867
chr2_237554701_237555000	12868
chr3_104205001_104205300	12869
chr8_121553101_121553400	12870
chr17_39638401_39638700	12871
chr10_46936501_46936800	12872
chr15_71302801_71303100	12873
chr8_17090401_17090700	12874
chr14_48161401_48161700	12875
chr9_76284601_76284900	12876
chr6_46609801_46610100	12877
chr1_188666401_188666700	12878
chr20_11962201_11962500	12879
chr18_49719001_49719300	12880
chr1_69858001_69858300	12881
chr3_148363501_148363800	12882
chr11_112504801_112505100	12883
chr2_106882201_106882500	12884
chr14_20990701_20991000	12885
chr6_84257401_84257700	12886
chr19_125101_125400	12887
chr5_170183401_170183700	12888
chr4_159092101_159092400	12889
chr4_183754801_183755100	12890
chr18_13857901_13858200	12891
chr14_70413601_70413900	12892
chr2_59628001_59628300	12893
chr11_40563601_40563900	12894
chr15_75796201_75796500	12895
chr1_190672501_190672800	12896
chr6_22930501_22930800	12897
chr6_8978401_8978700	12898
chr1_229231201_229231500	12899
chr1_228953401_228953700	12900
chr4_188008501_188008800	12901
chr1_246667801_246668100	12902
chr16_65934901_65935200	12903
chr10_27124501_27124800	12904
chr20_45736501_45736800	12905
chr8_1355101_1355400	12906
chr5_64294801_64295100	12907
chr17_27230401_27230700	12908
chr5_42610501_42610800	12909
chr20_45228901_45229200	12910
chr2_208594201_208594500	12911
chr2_239211001_239211300	12912
chr10_18993901_18994200	12913
chr6_148980301_148980600	12914
chr6_113526001_113526300	12915
chr20_56333701_56334000	12916
chr14_34436701_34437000	12917
chr17_17712901_17713200	12918
chr7_46755601_46755900	12919
chr20_21272401_21272700	12920
chr1_96347401_96347700	12921
chr4_17095801_17096100	12922
chr7_127216801_127217100	12923
chr4_171419401_171419700	12924
chr7_105308101_105308400	12925
chr3_156789901_156790200	12926
chr5_79122001_79122300	12927
chr10_68867401_68867700	12928
chr7_79923601_79923900	12929
chr13_55961701_55962000	12930
chr4_28541701_28542000	12931
chr3_39543601_39543900	12932
chr16_78785401_78785700	12933
chr12_75144301_75144600	12934
chr6_33292801_33293100	12935
chr7_95974801_95975100	12936
chr4_102624601_102624900	12937
chr3_113068801_113069100	12938
chr8_9235801_9236100	12939
chr1_85965901_85966200	12940
chr2_76946401_76946700	12941
chr1_213003001_213003300	12942
chr6_129270601_129270900	12943
chr13_28270801_28271100	12944
chr12_112443301_112443600	12945
chr7_12595501_12595800	12946
chr7_141781201_141781500	12947
chr14_95904601_95904900	12948
chr1_215043901_215044200	12949
chr1_152582101_152582400	12950
chr13_80929801_80930100	12951
chr11_55418701_55419000	12952
chr12_1029301_1029600	12953
chr4_69486901_69487200	12954
chr1_149128801_149129100	12955
chr11_40478401_40478700	12956
chr18_76725001_76725300	12957
chr21_34017901_34018200	12958
chr3_50121601_50121900	12959
chr21_44970601_44970900	12960
chr10_46316101_46316400	12961
chr11_27539101_27539400	12962
chr14_28879501_28879800	12963
chr3_34374301_34374600	12964
chr12_84705001_84705300	12965
chr18_71154001_71154300	12966
chr14_20973601_20973900	12967
chr7_70578601_70578900	12968
chr20_15373201_15373500	12969
chr1_104014201_104014500	12970
chr5_90525301_90525600	12971
chr10_7077301_7077600	12972
chr8_86863501_86863800	12973
chr2_10471201_10471500	12974
chr11_133577101_133577400	12975
chr7_17847901_17848200	12976
chr19_23941201_23941500	12977
chr21_28906801_28907100	12978
chr19_31307101_31307400	12979
chr1_75403501_75403800	12980
chr7_13236601_13236900	12981
chr14_26720101_26720400	12982
chr10_93836701_93837000	12983
chr9_101973001_101973300	12984
chr16_55822201_55822500	12985
chr13_71863501_71863800	12986
chr19_55351201_55351500	12987
chr1_22570801_22571100	12988
chr8_129846601_129846900	12989
chr1_198533401_198533700	12990
chr5_12817501_12817800	12991
chr12_9732301_9732600	12992
chr16_55134601_55134900	12993
chr7_76163101_76163400	12994
chr18_28177501_28177800	12995
chr20_15556201_15556500	12996
chr4_11245201_11245500	12997
chr8_22503001_22503300	12998
chr2_153225001_153225300	12999
chr12_48302401_48302700	13000
chr3_4018801_4019100	13001
chr8_145773001_145773300	13002
chr3_102544801_102545100	13003
chr6_31476301_31476600	13004
chr6_170485201_170485500	13005
chr1_72769801_72770100	13006
chr4_87468601_87468900	13007
chr3_97507801_97508100	13008
chr18_41181601_41181900	13009
chr6_33149101_33149400	13010
chr2_16605001_16605300	13011
chr8_111311401_111311700	13012
chr14_97988701_97989000	13013
chr2_156644101_156644400	13014
chr3_133469101_133469400	13015
chr4_79589701_79590000	13016
chr4_101770201_101770500	13017
chr8_134727301_134727600	13018
chr4_190708501_190708800	13019
chr17_32835001_32835300	13020
chr8_83694901_83695200	13021
chr3_171299401_171299700	13022
chr17_80759401_80759700	13023
chr3_123406501_123406800	13024
chr9_112810501_112810800	13025
chr6_69753001_69753300	13026
chr4_130517101_130517400	13027
chr7_15223801_15224100	13028
chr7_123497701_123498000	13029
chr6_50239501_50239800	13030
chr17_52588801_52589100	13031
chr2_77589001_77589300	13032
chr1_80796601_80796900	13033
chr2_180078001_180078300	13034
chr14_79495201_79495500	13035
chr2_166174501_166174800	13036
chr5_100799701_100800000	13037
chr12_26765401_26765700	13038
chr3_34847401_34847700	13039
chr6_11903101_11903400	13040
chr6_20239501_20239800	13041
chr19_47151901_47152200	13042
chr18_36936601_36936900	13043
chr1_75591301_75591600	13044
chr14_77005501_77005800	13045
chr19_3332701_3333000	13046
chr1_205818901_205819200	13047
chr15_26704201_26704500	13048
chr1_83442901_83443200	13049
chr13_50336401_50336700	13050
chr2_164620201_164620500	13051
chr15_40973101_40973400	13052
chr20_23721301_23721600	13053
chr17_48071101_48071400	13054
chr3_90277201_90277500	13055
chr5_17849101_17849400	13056
chr3_112523101_112523400	13057
chr6_31456801_31457100	13058
chr4_29043901_29044200	13059
chr3_161813701_161814000	13060
chr13_87444601_87444900	13061
chr1_43382701_43383000	13062
chr9_115836901_115837200	13063
chr11_92994601_92994900	13064
chr3_98939101_98939400	13065
chr17_46691101_46691400	13066
chr2_125247901_125248200	13067
chr20_9273901_9274200	13068
chr2_241782301_241782600	13069
chr7_36258901_36259200	13070
chr18_70379401_70379700	13071
chr4_113701_114000	13072
chr11_86906101_86906400	13073
chr12_96011401_96011700	13074
chr22_24349201_24349500	13075
chr10_79410301_79410600	13076
chr7_114150001_114150300	13077
chr3_129770101_129770400	13078
chr12_107753701_107754000	13079
chr2_223509001_223509300	13080
chr21_15704701_15705000	13081
chr9_93491701_93492000	13082
chr3_143406601_143406900	13083
chr10_44043301_44043600	13084
chr1_60793801_60794100	13085
chr4_171586201_171586500	13086
chr7_108532801_108533100	13087
chr16_84999301_84999600	13088
chr7_67040101_67040400	13089
chr9_110654401_110654700	13090
chr6_95056801_95057100	13091
chr13_66491401_66491700	13092
chr4_135993001_135993300	13093
chr14_59154301_59154600	13094
chr15_92447101_92447400	13095
chr16_32658901_32659200	13096
chr9_105989401_105989700	13097
chr6_11417101_11417400	13098
chr2_10169401_10169700	13099
chr8_103464001_103464300	13100
chr16_76808401_76808700	13101
chr9_86664001_86664300	13102
chr9_140175601_140175900	13103
chr2_227220601_227220900	13104
chr22_19072201_19072500	13105
chr17_44651701_44652000	13106
chr1_58829101_58829400	13107
chr13_91437301_91437600	13108
chr19_21264601_21264900	13109
chr4_9459601_9459900	13110
chr5_177945601_177945900	13111
chr17_80279101_80279400	13112
chr2_241028101_241028400	13113
chr11_60338401_60338700	13114
chr15_90662701_90663000	13115
chr3_33084901_33085200	13116
chr10_81003301_81003600	13117
chr9_44749801_44750100	13118
chr22_44838001_44838300	13119
chr12_110606701_110607000	13120
chr4_166294801_166295100	13121
chr9_2569501_2569800	13122
chr2_77134801_77135100	13123
chr12_70971601_70971900	13124
chr2_200002201_200002500	13125
chr2_34719601_34719900	13126
chr4_115204801_115205100	13127
chr11_79514701_79515000	13128
chr5_150916501_150916800	13129
chr13_55206601_55206900	13130
chr19_19837201_19837500	13131
chr16_32858101_32858400	13132
chr1_104784601_104784900	13133
chr8_24975001_24975300	13134
chr7_108227101_108227400	13135
chr18_181801_182100	13136
chr6_130588801_130589100	13137
chr10_23586001_23586300	13138
chr6_167489101_167489400	13139
chr12_22998301_22998600	13140
chr7_131703001_131703300	13141
chr11_15099301_15099600	13142
chr3_188532901_188533200	13143
chr6_160377001_160377300	13144
chr3_179213401_179213700	13145
chr17_49997401_49997700	13146
chr12_52869901_52870200	13147
chr4_111323401_111323700	13148
chr10_88840801_88841100	13149
chr3_30441301_30441600	13150
chr17_14661601_14661900	13151
chr19_291601_291900	13152
chr7_518101_518400	13153
chr1_117967501_117967800	13154
chr13_20740801_20741100	13155
chr4_94237201_94237500	13156
chr11_101759701_101760000	13157
chr11_125592301_125592600	13158
chr1_31272601_31272900	13159
chr17_49997701_49998000	13160
chr21_28488301_28488600	13161
chr5_154098001_154098300	13162
chr11_35482801_35483100	13163
chr4_1017601_1017900	13164
chr11_40478101_40478400	13165
chr1_222362701_222363000	13166
chr3_145094701_145095000	13167
chr16_64432801_64433100	13168
chr9_116703301_116703600	13169
chr20_15889201_15889500	13170
chr4_86841001_86841300	13171
chr6_31251301_31251600	13172
chr20_6287101_6287400	13173
chr10_46007701_46008000	13174
chr2_154640401_154640700	13175
chr1_149510401_149510700	13176
chr2_57941101_57941400	13177
chr14_100811101_100811400	13178
chr11_89715001_89715300	13179
chr8_115323001_115323300	13180
chr1_150754201_150754500	13181
chr15_87351601_87351900	13182
chr6_93467401_93467700	13183
chr17_66176101_66176400	13184
chr7_95581201_95581500	13185
chr2_207547201_207547500	13186
chr10_21516601_21516900	13187
chr20_40223101_40223400	13188
chr18_24408001_24408300	13189
chr16_76545301_76545600	13190
chr7_133877401_133877700	13191
chr20_9939601_9939900	13192
chr1_204833101_204833400	13193
chr1_177159301_177159600	13194
chr6_30228301_30228600	13195
chr14_42336901_42337200	13196
chr19_101101_101400	13197
chr16_70238701_70239000	13198
chr10_1584301_1584600	13199
chr20_10711201_10711500	13200
chr10_31523101_31523400	13201
chr13_23778601_23778900	13202
chr17_41401_41700	13203
chr22_20780101_20780400	13204
chr8_121943701_121944000	13205
chr12_61565101_61565400	13206
chr21_15090601_15090900	13207
chr12_131389801_131390100	13208
chr7_13213501_13213800	13209
chr8_101418601_101418900	13210
chr8_59215201_59215500	13211
chr2_153714301_153714600	13212
chr11_66627301_66627600	13213
chr16_18953701_18954000	13214
chr9_2584201_2584500	13215
chr4_172135801_172136100	13216
chr5_117877501_117877800	13217
chr9_73264801_73265100	13218
chr7_57069301_57069600	13219
chr4_98751901_98752200	13220
chr3_110997301_110997600	13221
chr22_37145101_37145400	13222
chr17_15834901_15835200	13223
chr1_27411301_27411600	13224
chr18_68346001_68346300	13225
chr10_72814501_72814800	13226
chr2_98855701_98856000	13227
chr10_19997101_19997400	13228
chr15_68776501_68776800	13229
chr21_14883301_14883600	13230
chr5_92083801_92084100	13231
chr10_107253601_107253900	13232
chr5_65214301_65214600	13233
chr5_4547101_4547400	13234
chr7_125074201_125074500	13235
chr11_89678701_89679000	13236
chr2_132005101_132005400	13237
chr5_44958301_44958600	13238
chr11_86853901_86854200	13239
chr20_32788801_32789100	13240
chr9_139647001_139647300	13241
chr15_68427601_68427900	13242
chr7_73363501_73363800	13243
chr16_65961001_65961300	13244
chr4_131420101_131420400	13245
chr13_50336101_50336400	13246
chr11_80439301_80439600	13247
chr6_150098701_150099000	13248
chr19_40725301_40725600	13249
chr14_80388001_80388300	13250
chr2_154335601_154335900	13251
chr15_25767601_25767900	13252
chr2_113534101_113534400	13253
chr16_15013801_15014100	13254
chr12_11649301_11649600	13255
chr8_112497601_112497900	13256
chr4_162198301_162198600	13257
chr17_5934001_5934300	13258
chr11_122427301_122427600	13259
chr2_59883001_59883300	13260
chr15_86891101_86891400	13261
chr3_88875301_88875600	13262
chr7_83612401_83612700	13263
chr12_105791101_105791400	13264
chr8_59158801_59159100	13265
chr11_47611801_47612100	13266
chr14_52375201_52375500	13267
chr6_36306301_36306600	13268
chr15_92042701_92043000	13269
chr3_153470101_153470400	13270
chr10_90408901_90409200	13271
chr1_37012501_37012800	13272
chr14_44668501_44668800	13273
chr1_240727501_240727800	13274
chr1_15677101_15677400	13275
chr1_249188701_249189000	13276
chr9_10659601_10659900	13277
chr8_142276201_142276500	13278
chr17_33379201_33379500	13279
chr10_117173701_117174000	13280
chr2_52767901_52768200	13281
chr4_31306501_31306800	13282
chr11_78614401_78614700	13283
chr8_134563801_134564100	13284
chr16_64209001_64209300	13285
chr9_22032301_22032600	13286
chr8_95327401_95327700	13287
chr7_146643001_146643300	13288
chr6_151558201_151558500	13289
chr3_161040001_161040300	13290
chr3_36669601_36669900	13291
chr19_44994001_44994300	13292
chr14_99642301_99642600	13293
chr3_8838301_8838600	13294
chr22_39377101_39377400	13295
chr7_71673901_71674200	13296
chr15_65243401_65243700	13297
chr5_61834201_61834500	13298
chr7_64458601_64458900	13299
chr5_10144201_10144500	13300
chr17_70112401_70112700	13301
chr20_60633001_60633300	13302
chr5_2681401_2681700	13303
chr6_98991901_98992200	13304
chr2_7950901_7951200	13305
chr2_28797901_28798200	13306
chr2_19812001_19812300	13307
chr1_70253401_70253700	13308
chr4_29445601_29445900	13309
chr8_144056101_144056400	13310
chr4_178295701_178296000	13311
chr6_649501_649800	13312
chr14_23106001_23106300	13313
chr13_75211201_75211500	13314
chr2_21753601_21753900	13315
chr14_83019901_83020200	13316
chr7_55076101_55076400	13317
chr12_9673201_9673500	13318
chr15_77530201_77530500	13319
chr4_18605101_18605400	13320
chr4_69408901_69409200	13321
chr9_3146701_3147000	13322
chr2_211634701_211635000	13323
chr15_31208401_31208700	13324
chr5_146774101_146774400	13325
chr3_114486001_114486300	13326
chr12_26891701_26892000	13327
chr5_82282501_82282800	13328
chr2_59725201_59725500	13329
chr7_71793301_71793600	13330
chr3_35227801_35228100	13331
chr14_44212501_44212800	13332
chr8_144649501_144649800	13333
chr8_62080801_62081100	13334
chr6_31009501_31009800	13335
chr9_136453501_136453800	13336
chr13_34073401_34073700	13337
chr16_20447401_20447700	13338
chr1_239541001_239541300	13339
chr17_6558901_6559200	13340
chr1_78228001_78228300	13341
chr3_151493101_151493400	13342
chr13_38761201_38761500	13343
chr10_88896901_88897200	13344
chr14_84866101_84866400	13345
chr9_115825801_115826100	13346
chr10_3989101_3989400	13347
chr13_55521901_55522200	13348
chr9_44755501_44755800	13349
chr8_16704901_16705200	13350
chr4_180853501_180853800	13351
chr2_26632801_26633100	13352
chr9_44276401_44276700	13353
chr1_25626001_25626300	13354
chr4_106251601_106251900	13355
chr5_156328501_156328800	13356
chr13_100965301_100965600	13357
chr15_97910101_97910400	13358
chr4_9176401_9176700	13359
chr19_5160001_5160300	13360
chr19_52960501_52960800	13361
chr4_124692901_124693200	13362
chr3_129768901_129769200	13363
chr5_67617301_67617600	13364
chr17_61228201_61228500	13365
chr6_93467101_93467400	13366
chr5_143019901_143020200	13367
chr11_108626401_108626700	13368
chr13_50980801_50981100	13369
chr8_107246101_107246400	13370
chr15_75796501_75796800	13371
chr6_114206101_114206400	13372
chr10_87579901_87580200	13373
chr6_41528701_41529000	13374
chr2_4982701_4983000	13375
chr2_224490601_224490900	13376
chr2_112439401_112439700	13377
chr6_31137601_31137900	13378
chr2_209832301_209832600	13379
chr3_117441301_117441600	13380
chr14_87577201_87577500	13381
chr4_70134301_70134600	13382
chr9_44821501_44821800	13383
chr11_120120901_120121200	13384
chr6_23263501_23263800	13385
chr10_84589501_84589800	13386
chr13_23235301_23235600	13387
chr4_56124901_56125200	13388
chr16_32322601_32322900	13389
chr11_125561101_125561400	13390
chr1_170731801_170732100	13391
chr2_107787901_107788200	13392
chr6_29830501_29830800	13393
chr7_63249901_63250200	13394
chr9_94190401_94190700	13395
chr17_29600401_29600700	13396
chr5_143167801_143168100	13397
chr17_18375001_18375300	13398
chr13_23289901_23290200	13399
chr7_53893801_53894100	13400
chr3_150932401_150932700	13401
chr1_43093201_43093500	13402
chr3_18366001_18366300	13403
chr5_31742101_31742400	13404
chr2_116658001_116658300	13405
chr5_124201201_124201500	13406
chr6_159666601_159666900	13407
chr13_28498201_28498500	13408
chr5_165712201_165712500	13409
chr8_12233701_12234000	13410
chr21_41967301_41967600	13411
chr4_119900401_119900700	13412
chr7_126687601_126687900	13413
chr15_24788101_24788400	13414
chr22_24281401_24281700	13415
chr5_32674501_32674800	13416
chr19_43753801_43754100	13417
chr8_87202501_87202800	13418
chr4_133258801_133259100	13419
chr8_74252701_74253000	13420
chr2_53541001_53541300	13421
chr14_72617701_72618000	13422
chr4_96631201_96631500	13423
chr12_9600001_9600300	13424
chr4_1040401_1040700	13425
chr15_76884901_76885200	13426
chr12_80104801_80105100	13427
chr2_10055701_10056000	13428
chr2_153797701_153798000	13429
chr2_7214701_7215000	13430
chr4_172187101_172187400	13431
chr9_82101301_82101600	13432
chr18_21891601_21891900	13433
chr4_32916601_32916900	13434
chr8_69224101_69224400	13435
chr14_31905301_31905600	13436
chr17_44563501_44563800	13437
chr7_153759901_153760200	13438
chr14_106537501_106537800	13439
chr1_104013601_104013900	13440
chr13_73046701_73047000	13441
chr13_65495401_65495700	13442
chr17_14751301_14751600	13443
chr17_61228501_61228800	13444
chr12_132817201_132817500	13445
chr1_210050701_210051000	13446
chr4_4152901_4153200	13447
chr1_170124601_170124900	13448
chr4_118494001_118494300	13449
chr22_34696501_34696800	13450
chr6_170229301_170229600	13451
chr12_66424201_66424500	13452
chr2_85310101_85310400	13453
chr2_11975701_11976000	13454
chr4_165941101_165941400	13455
chr4_170575201_170575500	13456
chr10_118198201_118198500	13457
chr1_27403501_27403800	13458
chr11_89832601_89832900	13459
chr3_50056801_50057100	13460
chr2_73527601_73527900	13461
chr11_85008601_85008900	13462
chr16_24032401_24032700	13463
chr2_149204701_149205000	13464
chr4_54415501_54415800	13465
chr1_16619701_16620000	13466
chr1_218378701_218379000	13467
chr6_28859701_28860000	13468
chr12_92487901_92488200	13469
chr19_1979101_1979400	13470
chr8_120370501_120370800	13471
chr19_9054301_9054600	13472
chr3_41885701_41886000	13473
chr10_29972401_29972700	13474
chr15_49740301_49740600	13475
chr6_11444701_11445000	13476
chr12_126013501_126013800	13477
chr16_53508301_53508600	13478
chr7_23904301_23904600	13479
chr10_107039101_107039400	13480
chr3_126718201_126718500	13481
chr4_122362801_122363100	13482
chr15_40975801_40976100	13483
chr8_27878701_27879000	13484
chr12_104410201_104410500	13485
chr16_2229301_2229600	13486
chr22_24364201_24364500	13487
chr7_91218301_91218600	13488
chr2_205185601_205185900	13489
chr13_81812101_81812400	13490
chr10_84499801_84500100	13491
chr5_160462201_160462500	13492
chr6_81050701_81051000	13493
chr2_51022501_51022800	13494
chr3_59784901_59785200	13495
chr1_239738101_239738400	13496
chr10_27735601_27735900	13497
chr1_99725101_99725400	13498
chr3_179361001_179361300	13499
chr12_5922001_5922300	13500
chr16_6632401_6632700	13501
chr17_72297901_72298200	13502
chr13_36332701_36333000	13503
chr4_135155101_135155400	13504
chr3_113053801_113054100	13505
chr2_96202801_96203100	13506
chr12_126005701_126006000	13507
chr4_37333501_37333800	13508
chr4_131469301_131469600	13509
chr1_76714201_76714500	13510
chr9_75699001_75699300	13511
chr6_32593501_32593800	13512
chr8_19808401_19808700	13513
chr6_63177001_63177300	13514
chr13_76487401_76487700	13515
chr5_147311101_147311400	13516
chr19_7476001_7476300	13517
chr3_188990401_188990700	13518
chr2_66582601_66582900	13519
chr7_81507301_81507600	13520
chr3_72722101_72722400	13521
chr7_75304801_75305100	13522
chr22_17324401_17324700	13523
chr6_153408001_153408300	13524
chr3_6663001_6663300	13525
chr18_2984401_2984700	13526
chr2_11253901_11254200	13527
chr22_50705701_50706000	13528
chr2_11678701_11679000	13529
chr1_173345101_173345400	13530
chr8_55813201_55813500	13531
chr9_120678301_120678600	13532
chr17_27230701_27231000	13533
chr1_174030901_174031200	13534
chr6_70119001_70119300	13535
chr14_21593101_21593400	13536
chr8_145002601_145002900	13537
chr17_66569701_66570000	13538
chr9_113739901_113740200	13539
chr13_102813901_102814200	13540
chr4_125401_125700	13541
chr8_108044701_108045000	13542
chr18_39006301_39006600	13543
chr2_164386201_164386500	13544
chr13_94107001_94107300	13545
chr12_86940901_86941200	13546
chr3_126358801_126359100	13547
chr2_4979401_4979700	13548
chr8_70451701_70452000	13549
chr1_116005801_116006100	13550
chr4_113274001_113274300	13551
chr3_134776201_134776500	13552
chr8_74198101_74198400	13553
chr1_53192401_53192700	13554
chr5_43745701_43746000	13555
chr2_1357801_1358100	13556
chr14_74014201_74014500	13557
chr5_26798401_26798700	13558
chr16_18487801_18488100	13559
chr12_28458601_28458900	13560
chr8_2778601_2778900	13561
chr5_10575001_10575300	13562
chr15_29058601_29058900	13563
chr6_103653001_103653300	13564
chr6_114989101_114989400	13565
chr3_144018901_144019200	13566
chr12_6184201_6184500	13567
chr3_39543901_39544200	13568
chr6_167835901_167836200	13569
chr1_25595701_25596000	13570
chr2_167697601_167697900	13571
chr9_99933601_99933900	13572
chr5_180400801_180401100	13573
chr8_144634801_144635100	13574
chr7_154675201_154675500	13575
chr12_59016901_59017200	13576
chr3_94675801_94676100	13577
chr12_84415201_84415500	13578
chr3_99948301_99948600	13579
chr7_126679501_126679800	13580
chr21_21723301_21723600	13581
chr3_159873901_159874200	13582
chr8_29486401_29486700	13583
chr11_74474701_74475000	13584
chr4_137941801_137942100	13585
chr1_188810401_188810700	13586
chr5_102597301_102597600	13587
chr5_99012001_99012300	13588
chr7_111175201_111175500	13589
chr2_32336101_32336400	13590
chr11_2070001_2070300	13591
chr16_71249101_71249400	13592
chr1_115871401_115871700	13593
chr12_3758701_3759000	13594
chr4_68202001_68202300	13595
chr11_18830701_18831000	13596
chr8_145321801_145322100	13597
chr15_58596901_58597200	13598
chr10_90918601_90918900	13599
chr8_124414801_124415100	13600
chr21_30249901_30250200	13601
chr5_176829901_176830200	13602
chr14_87253501_87253800	13603
chr4_164137501_164137800	13604
chr5_123577801_123578100	13605
chr13_27792301_27792600	13606
chr3_116405101_116405400	13607
chr15_26714401_26714700	13608
chr14_82984501_82984800	13609
chr11_20912101_20912400	13610
chr1_25048201_25048500	13611
chr6_112288501_112288800	13612
chr18_12082201_12082500	13613
chr12_70625101_70625400	13614
chr6_166767001_166767300	13615
chr6_146825401_146825700	13616
chr4_41868601_41868900	13617
chr7_148590901_148591200	13618
chr9_44548201_44548500	13619
chr5_124104901_124105200	13620
chr22_37039201_37039500	13621
chr12_85335301_85335600	13622
chr9_10991401_10991700	13623
chr22_39370501_39370800	13624
chr4_102078601_102078900	13625
chr20_50763601_50763900	13626
chr6_154284001_154284300	13627
chr12_59980201_59980500	13628
chr14_70700701_70701000	13629
chr5_128286901_128287200	13630
chr19_13729801_13730100	13631
chr16_62585401_62585700	13632
chr3_167875801_167876100	13633
chr12_72478501_72478800	13634
chr21_39900601_39900900	13635
chr21_41391601_41391900	13636
chr5_76208401_76208700	13637
chr1_172048501_172048800	13638
chr17_66632101_66632400	13639
chr12_31769401_31769700	13640
chr7_33258601_33258900	13641
chr6_114181201_114181500	13642
chr2_222322501_222322800	13643
chr3_34320301_34320600	13644
chr11_14927101_14927400	13645
chr7_52664401_52664700	13646
chr7_143630101_143630400	13647
chr2_96253201_96253500	13648
chr7_140979901_140980200	13649
chr18_61391401_61391700	13650
chr5_148836001_148836300	13651
chr4_146878501_146878800	13652
chr2_15681601_15681900	13653
chr12_71976601_71976900	13654
chr4_163297501_163297800	13655
chr15_95673001_95673300	13656
chr2_121408801_121409100	13657
chr1_156528001_156528300	13658
chr17_10203301_10203600	13659
chr4_11069701_11070000	13660
chr15_70656601_70656900	13661
chr21_39689701_39690000	13662
chr3_37515901_37516200	13663
chr8_129288901_129289200	13664
chr4_54526801_54527100	13665
chr6_31473601_31473900	13666
chr4_26493901_26494200	13667
chr19_54007201_54007500	13668
chr22_30617101_30617400	13669
chr7_95974501_95974800	13670
chr21_23867101_23867400	13671
chr20_18072001_18072300	13672
chr3_99098401_99098700	13673
chr9_676801_677100	13674
chr2_86205901_86206200	13675
chr7_38642401_38642700	13676
chr10_57854401_57854700	13677
chr17_72051001_72051300	13678
chr12_87057901_87058200	13679
chr3_165148501_165148800	13680
chr3_123406201_123406500	13681
chr17_43319401_43319700	13682
chr6_32247001_32247300	13683
chr7_84720301_84720600	13684
chr10_135011701_135012000	13685
chr9_136414201_136414500	13686
chr2_201492601_201492900	13687
chr1_34818601_34818900	13688
chr7_108226801_108227100	13689
chr16_12691201_12691500	13690
chr8_129297601_129297900	13691
chr2_119060401_119060700	13692
chr2_54249301_54249600	13693
chr2_97166401_97166700	13694
chr22_43548901_43549200	13695
chr6_32352601_32352900	13696
chr12_11244601_11244900	13697
chr18_54091201_54091500	13698
chr8_75840601_75840900	13699
chr6_19113001_19113300	13700
chr7_107488501_107488800	13701
chr2_143793301_143793600	13702
chr19_591001_591300	13703
chr2_1226101_1226400	13704
chr17_67357801_67358100	13705
chr10_4606801_4607100	13706
chr17_50412901_50413200	13707
chr22_35698501_35698800	13708
chr11_77230801_77231100	13709
chr17_72462601_72462900	13710
chr10_11704201_11704500	13711
chr8_106243801_106244100	13712
chr11_56622601_56622900	13713
chr10_48909601_48909900	13714
chr21_28300801_28301100	13715
chr5_95555101_95555400	13716
chr3_4188001_4188300	13717
chr9_20361901_20362200	13718
chr6_7062001_7062300	13719
chr2_21599401_21599700	13720
chr10_82565701_82566000	13721
chr3_129785401_129785700	13722
chr18_21587101_21587400	13723
chr10_98562601_98562900	13724
chr2_140705401_140705700	13725
chr5_24068101_24068400	13726
chr3_18759001_18759300	13727
chr15_31727101_31727400	13728
chr10_99035401_99035700	13729
chr18_70979101_70979400	13730
chr6_158660101_158660400	13731
chr16_72085501_72085800	13732
chr4_9520801_9521100	13733
chr6_29659801_29660100	13734
chr2_180357901_180358200	13735
chr2_1223101_1223400	13736
chr21_33882901_33883200	13737
chr5_136518901_136519200	13738
chr1_37165801_37166100	13739
chr8_33630301_33630600	13740
chr6_167411101_167411400	13741
chr3_163031101_163031400	13742
chr3_162459901_162460200	13743
chr5_161259901_161260200	13744
chr5_63079801_63080100	13745
chr7_17847601_17847900	13746
chr7_879001_879300	13747
chr14_88801201_88801500	13748
chr2_172490101_172490400	13749
chr3_158696401_158696700	13750
chr10_2386201_2386500	13751
chr2_66659101_66659400	13752
chr21_41813101_41813400	13753
chr22_24352501_24352800	13754
chr1_76591801_76592100	13755
chr18_61987501_61987800	13756
chr6_23394001_23394300	13757
chr4_31594501_31594800	13758
chr6_27870301_27870600	13759
chr15_31208101_31208400	13760
chr19_51602101_51602400	13761
chr13_77236801_77237100	13762
chr2_199175701_199176000	13763
chr6_29671801_29672100	13764
chr8_84294601_84294900	13765
chr11_102684301_102684600	13766
chr6_123825001_123825300	13767
chr6_135203401_135203700	13768
chr11_8276401_8276700	13769
chr8_95036401_95036700	13770
chr1_212472001_212472300	13771
chr22_19714801_19715100	13772
chr11_114729301_114729600	13773
chr21_14978101_14978400	13774
chr21_9483901_9484200	13775
chr4_164889601_164889900	13776
chr10_21171301_21171600	13777
chr2_20755201_20755500	13778
chr1_100531201_100531500	13779
chr16_73151101_73151400	13780
chr2_232365901_232366200	13781
chr12_91973101_91973400	13782
chr16_1493401_1493700	13783
chr7_146881801_146882100	13784
chr18_51276901_51277200	13785
chr12_13868701_13869000	13786
chr14_26719801_26720100	13787
chr9_44477701_44478000	13788
chr4_82746901_82747200	13789
chr5_93209101_93209400	13790
chr3_103432801_103433100	13791
chr1_11041201_11041500	13792
chr11_60338701_60339000	13793
chr5_98022901_98023200	13794
chr14_90290701_90291000	13795
chr12_96087901_96088200	13796
chr8_95359801_95360100	13797
chr8_105132901_105133200	13798
chr3_66595201_66595500	13799
chr5_107894701_107895000	13800
chr4_57172201_57172500	13801
chr6_52037401_52037700	13802
chr1_232665001_232665300	13803
chr4_102870901_102871200	13804
chr3_105802801_105803100	13805
chr13_47038201_47038500	13806
chr14_30357301_30357600	13807
chr1_243041701_243042000	13808
chr8_65994301_65994600	13809
chr6_23619901_23620200	13810
chr13_37316101_37316400	13811
chr14_106023901_106024200	13812
chr7_33010801_33011100	13813
chr17_71908801_71909100	13814
chr15_79987201_79987500	13815
chr5_106820401_106820700	13816
chr16_52837501_52837800	13817
chr14_36654901_36655200	13818
chr5_52096801_52097100	13819
chr1_108383101_108383400	13820
chr1_182268901_182269200	13821
chr16_51687301_51687600	13822
chr3_80321101_80321400	13823
chr6_56405401_56405700	13824
chr5_166867801_166868100	13825
chr3_53024701_53025000	13826
chr8_3424801_3425100	13827
chr5_156289801_156290100	13828
chr15_27444901_27445200	13829
chr8_24986101_24986400	13830
chr7_146881501_146881800	13831
chr4_97090801_97091100	13832
chr2_169190101_169190400	13833
chr8_66195901_66196200	13834
chr16_32857501_32857800	13835
chr2_77563501_77563800	13836
chr2_106695301_106695600	13837
chr1_18223801_18224100	13838
chr7_92682901_92683200	13839
chr5_104354701_104355000	13840
chr10_7793701_7794000	13841
chr11_98302501_98302800	13842
chr8_39333301_39333600	13843
chr7_52779001_52779300	13844
chr6_160740001_160740300	13845
chr20_60633301_60633600	13846
chr4_124801_125100	13847
chr4_67610401_67610700	13848
chr17_64038001_64038300	13849
chr9_123601501_123601800	13850
chr12_4711201_4711500	13851
chr13_36886801_36887100	13852
chr2_189594601_189594900	13853
chr12_67583101_67583400	13854
chr9_20973901_20974200	13855
chr3_166449601_166449900	13856
chr6_30988801_30989100	13857
chr9_106086301_106086600	13858
chr11_49286401_49286700	13859
chr7_83257801_83258100	13860
chr11_108626701_108627000	13861
chr7_70423201_70423500	13862
chr4_4041001_4041300	13863
chr4_22881601_22881900	13864
chr6_101557201_101557500	13865
chr8_133764901_133765200	13866
chr12_97768201_97768500	13867
chr4_14386201_14386500	13868
chr10_9547501_9547800	13869
chr19_53315101_53315400	13870
chr4_101692201_101692500	13871
chr11_79717801_79718100	13872
chr13_114794701_114795000	13873
chr13_103856401_103856700	13874
chr16_63521401_63521700	13875
chr14_56112901_56113200	13876
chr7_147354901_147355200	13877
chr8_143558401_143558700	13878
chr4_61538401_61538700	13879
chr14_59435401_59435700	13880
chr4_163124701_163125000	13881
chr20_4455001_4455300	13882
chr16_16579501_16579800	13883
chr7_98214001_98214300	13884
chr1_33870001_33870300	13885
chr12_130140901_130141200	13886
chr11_90501001_90501300	13887
chr16_10514701_10515000	13888
chr6_132042301_132042600	13889
chr3_114486301_114486600	13890
chr1_200004601_200004900	13891
chr4_125236801_125237100	13892
chr13_73547401_73547700	13893
chr11_58658101_58658400	13894
chr13_83570101_83570400	13895
chr5_127849201_127849500	13896
chr8_39334501_39334800	13897
chr9_140736301_140736600	13898
chr10_117803401_117803700	13899
chr2_138899701_138900000	13900
chr17_15791101_15791400	13901
chr2_142098301_142098600	13902
chr16_60261301_60261600	13903
chr8_76131001_76131300	13904
chr12_1974901_1975200	13905
chr8_59447701_59448000	13906
chr8_133076701_133077000	13907
chr8_57994201_57994500	13908
chr7_64579801_64580100	13909
chr4_63909601_63909900	13910
chr2_218549401_218549700	13911
chr20_33146701_33147000	13912
chr20_348001_348300	13913
chr17_72042601_72042900	13914
chr3_117988501_117988800	13915
chr2_3699001_3699300	13916
chr7_38800501_38800800	13917
chr17_80629501_80629800	13918
chr6_157701601_157701900	13919
chr10_67367701_67368000	13920
chr17_13927501_13927800	13921
chr8_134563501_134563800	13922
chr19_50962501_50962800	13923
chr4_14569801_14570100	13924
chr13_55737001_55737300	13925
chr4_44114101_44114400	13926
chr8_95327101_95327400	13927
chr22_27236701_27237000	13928
chr11_18348601_18348900	13929
chr11_121972501_121972800	13930
chr6_27114301_27114600	13931
chr7_65841601_65841900	13932
chr12_87718201_87718500	13933
chr12_18902701_18903000	13934
chr2_117892801_117893100	13935
chr6_31359301_31359600	13936
chr4_173292601_173292900	13937
chr20_32823601_32823900	13938
chr20_18984901_18985200	13939
chr9_22500301_22500600	13940
chr5_180045001_180045300	13941
chr13_33659101_33659400	13942
chr5_39110701_39111000	13943
chr9_43594801_43595100	13944
chr2_53133301_53133600	13945
chr3_184472101_184472400	13946
chr16_28428001_28428300	13947
chr10_81093901_81094200	13948
chr18_75085501_75085800	13949
chr6_67296601_67296900	13950
chr7_36646201_36646500	13951
chr2_8785501_8785800	13952
chr4_35645101_35645400	13953
chr4_137701501_137701800	13954
chr3_87080401_87080700	13955
chr7_110951401_110951700	13956
chr2_26884201_26884500	13957
chr6_4610101_4610400	13958
chr12_97648201_97648500	13959
chr6_30295801_30296100	13960
chr7_116223601_116223900	13961
chr12_88234801_88235100	13962
chr18_14010901_14011200	13963
chr10_125614201_125614500	13964
chr5_139010701_139011000	13965
chr3_82662901_82663200	13966
chr1_243249001_243249300	13967
chr19_38377501_38377800	13968
chr13_25270201_25270500	13969
chr5_150213301_150213600	13970
chr10_95115601_95115900	13971
chr12_100107901_100108200	13972
chr7_4642201_4642500	13973
chr5_19719901_19720200	13974
chr12_11340901_11341200	13975
chr12_4899301_4899600	13976
chr10_23807401_23807700	13977
chr8_87062101_87062400	13978
chr2_23968201_23968500	13979
chr17_18739501_18739800	13980
chr21_42405301_42405600	13981
chr2_114068701_114069000	13982
chr11_55427701_55428000	13983
chr10_48573301_48573600	13984
chr3_165236701_165237000	13985
chr11_107952901_107953200	13986
chr1_195690001_195690300	13987
chr9_43617601_43617900	13988
chr16_6632701_6633000	13989
chr6_19940101_19940400	13990
chr6_9162901_9163200	13991
chr12_4062601_4062900	13992
chr8_121142701_121143000	13993
chr4_118494301_118494600	13994
chr4_59951101_59951400	13995
chr4_64227301_64227600	13996
chr7_40225501_40225800	13997
chr13_105071401_105071700	13998
chr2_201616201_201616500	13999
chr18_42763501_42763800	14000
chr8_72098101_72098400	14001
chr17_79259401_79259700	14002
chr8_129288601_129288900	14003
chr1_210515401_210515700	14004
chr2_207618301_207618600	14005
chr9_79105801_79106100	14006
chr15_84543601_84543900	14007
chr20_8985301_8985600	14008
chr2_73545001_73545300	14009
chr17_11974501_11974800	14010
chr11_13292701_13293000	14011
chr11_1469401_1469700	14012
chr15_91254901_91255200	14013
chr10_72167701_72168000	14014
chr15_79455601_79455900	14015
chr6_166782301_166782600	14016
chr1_89505901_89506200	14017
chr5_100151101_100151400	14018
chr3_76860601_76860900	14019
chr8_91377601_91377900	14020
chr9_132650701_132651000	14021
chr10_57080701_57081000	14022
chr20_54903301_54903600	14023
chr6_130894201_130894500	14024
chr4_160584601_160584900	14025
chr3_52815301_52815600	14026
chr2_185721601_185721900	14027
chr5_97500601_97500900	14028
chr20_19512901_19513200	14029
chr5_71031901_71032200	14030
chr15_95979901_95980200	14031
chr6_9917101_9917400	14032
chr7_5428801_5429100	14033
chr22_37881901_37882200	14034
chr1_911701_912000	14035
chr6_24898201_24898500	14036
chr17_36718201_36718500	14037
chr8_133765201_133765500	14038
chr6_75554701_75555000	14039
chr6_106295401_106295700	14040
chr10_85626301_85626600	14041
chr2_184874101_184874400	14042
chr16_86798701_86799000	14043
chr17_67999201_67999500	14044
chr12_10593301_10593600	14045
chr20_62806201_62806500	14046
chr12_71891701_71892000	14047
chr19_41686801_41687100	14048
chr14_106478101_106478400	14049
chr3_44586601_44586900	14050
chr10_2333101_2333400	14051
chr18_29146801_29147100	14052
chr7_138137701_138138000	14053
chr19_13776001_13776300	14054
chr3_6147001_6147300	14055
chr16_57326101_57326400	14056
chr14_45146401_45146700	14057
chr10_56303701_56304000	14058
chr16_78383101_78383400	14059
chr3_81190801_81191100	14060
chr8_129297901_129298200	14061
chr14_88337401_88337700	14062
chr8_59616901_59617200	14063
chr6_31119301_31119600	14064
chr8_23407501_23407800	14065
chr1_149548801_149549100	14066
chr5_126686101_126686400	14067
chr17_1960801_1961100	14068
chr10_75491101_75491400	14069
chr15_60424801_60425100	14070
chr4_94454101_94454400	14071
chr14_64496401_64496700	14072
chr16_77818501_77818800	14073
chr1_86975401_86975700	14074
chr5_140563801_140564100	14075
chr4_2977801_2978100	14076
chr19_29478901_29479200	14077
chr1_47826601_47826900	14078
chr13_84741901_84742200	14079
chr20_23067001_23067300	14080
chr4_30693601_30693900	14081
chr11_69065401_69065700	14082
chr12_132820501_132820800	14083
chr3_110658301_110658600	14084
chr6_84824101_84824400	14085
chr20_43896601_43896900	14086
chr12_105456001_105456300	14087
chr12_132111301_132111600	14088
chr18_53937901_53938200	14089
chr4_28511401_28511700	14090
chr10_113472901_113473200	14091
chr13_44719201_44719500	14092
chr2_222322201_222322500	14093
chr14_101616601_101616900	14094
chr4_77850301_77850600	14095
chr2_76646401_76646700	14096
chr7_144116401_144116700	14097
chr2_126595201_126595500	14098
chr6_140955601_140955900	14099
chr18_68846401_68846700	14100
chr6_84826801_84827100	14101
chr14_75527701_75528000	14102
chr6_32438101_32438400	14103
chr7_108063601_108063900	14104
chr16_83459401_83459700	14105
chr11_112785901_112786200	14106
chr6_168100501_168100800	14107
chr4_148832101_148832400	14108
chr6_158895301_158895600	14109
chr15_24793801_24794100	14110
chr8_47811301_47811600	14111
chr18_63731701_63732000	14112
chr17_75370201_75370500	14113
chr12_108810301_108810600	14114
chr4_10147201_10147500	14115
chr4_11082901_11083200	14116
chr1_110231401_110231700	14117
chr2_58648201_58648500	14118
chr12_116193001_116193300	14119
chr12_127448101_127448400	14120
chr12_117665701_117666000	14121
chr1_247604101_247604400	14122
chr4_14689801_14690100	14123
chr3_103163101_103163400	14124
chr7_42301201_42301500	14125
chr13_19697401_19697700	14126
chr15_40038901_40039200	14127
chr1_243646201_243646500	14128
chr14_24889201_24889500	14129
chr9_76044301_76044600	14130
chr8_112703401_112703700	14131
chr19_23628901_23629200	14132
chr16_19104001_19104300	14133
chr6_32478301_32478600	14134
chr1_65702401_65702700	14135
chr2_116786701_116787000	14136
chr2_116142001_116142300	14137
chr12_94325401_94325700	14138
chr21_20087401_20087700	14139
chr7_127215601_127215900	14140
chr1_215800501_215800800	14141
chr4_11370301_11370600	14142
chr8_5772601_5772900	14143
chr5_32848201_32848500	14144
chr20_43854001_43854300	14145
chr2_52055401_52055700	14146
chr6_70074001_70074300	14147
chr22_22867801_22868100	14148
chr9_15474001_15474300	14149
chr8_128250601_128250900	14150
chr19_55362001_55362300	14151
chr17_61524601_61524900	14152
chr6_133113301_133113600	14153
chr19_4167301_4167600	14154
chr3_89791201_89791500	14155
chr2_106980301_106980600	14156
chr9_32236201_32236500	14157
chr19_39368701_39369000	14158
chr13_68788201_68788500	14159
chr2_98490301_98490600	14160
chr1_112695901_112696200	14161
chr5_87798601_87798900	14162
chr15_74265901_74266200	14163
chr21_38451901_38452200	14164
chr8_110499901_110500200	14165
chr2_174315301_174315600	14166
chr3_138057001_138057300	14167
chr7_1113601_1113900	14168
chr9_8195701_8196000	14169
chr9_39612301_39612600	14170
chr7_57066601_57066900	14171
chr5_105347101_105347400	14172
chr2_39723001_39723300	14173
chr13_81846001_81846300	14174
chr8_99997501_99997800	14175
chr17_61139101_61139400	14176
chr15_97806901_97807200	14177
chr16_236101_236400	14178
chr18_74347201_74347500	14179
chr17_3041101_3041400	14180
chr14_77003101_77003400	14181
chr2_121328701_121329000	14182
chr13_112850101_112850400	14183
chr14_106532401_106532700	14184
chr2_232559701_232560000	14185
chr7_84479701_84480000	14186
chr20_45258001_45258300	14187
chr10_11175001_11175300	14188
chr17_69546901_69547200	14189
chr2_134614201_134614500	14190
chr8_62015101_62015400	14191
chr7_156743101_156743400	14192
chr16_10912201_10912500	14193
chr5_79013401_79013700	14194
chr6_29853901_29854200	14195
chr1_57754501_57754800	14196
chr14_105545401_105545700	14197
chr9_73083901_73084200	14198
chr18_53405101_53405400	14199
chr1_79842301_79842600	14200
chr7_9661201_9661500	14201
chr19_38379901_38380200	14202
chr6_32506501_32506800	14203
chr9_83600401_83600700	14204
chr20_8657101_8657400	14205
chr4_168636901_168637200	14206
chr8_85327801_85328100	14207
chr7_89061301_89061600	14208
chr6_84823801_84824100	14209
chr13_110905201_110905500	14210
chr2_143393101_143393400	14211
chr6_148508101_148508400	14212
chr3_157197601_157197900	14213
chr5_81288901_81289200	14214
chr17_19854301_19854600	14215
chr5_1930201_1930500	14216
chr9_8166301_8166600	14217
chr2_96458101_96458400	14218
chr1_204760801_204761100	14219
chr2_158416201_158416500	14220
chr22_50628901_50629200	14221
chr6_10065601_10065900	14222
chr8_38832001_38832300	14223
chr1_223096201_223096500	14224
chr10_19334101_19334400	14225
chr16_61459801_61460100	14226
chr14_89597101_89597400	14227
chr14_87758101_87758400	14228
chr4_79098001_79098300	14229
chr7_106997101_106997400	14230
chr6_114009601_114009900	14231
chr14_85868101_85868400	14232
chr19_567001_567300	14233
chr8_65923201_65923500	14234
chr2_75023101_75023400	14235
chr4_58318201_58318500	14236
chr1_187514401_187514700	14237
chr17_44601901_44602200	14238
chr1_75044101_75044400	14239
chr2_39933301_39933600	14240
chr6_3545101_3545400	14241
chr19_54482701_54483000	14242
chr3_106154701_106155000	14243
chr2_121034701_121035000	14244
chr14_49326001_49326300	14245
chr16_27946801_27947100	14246
chr5_118300801_118301100	14247
chr8_91399501_91399800	14248
chr5_12006601_12006900	14249
chr11_78118801_78119100	14250
chr13_55521601_55521900	14251
chr3_63256201_63256500	14252
chr4_76073101_76073400	14253
chr1_73958401_73958700	14254
chr16_58303201_58303500	14255
chr6_31379401_31379700	14256
chr17_62774701_62775000	14257
chr3_12054901_12055200	14258
chr7_216001_216300	14259
chr14_67203601_67203900	14260
chr10_133189801_133190100	14261
chr3_12054601_12054900	14262
chr1_207843001_207843300	14263
chr14_42628501_42628800	14264
chr4_145156801_145157100	14265
chr10_93390901_93391200	14266
chr7_158197501_158197800	14267
chr7_26509501_26509800	14268
chr14_74016001_74016300	14269
chr14_28738201_28738500	14270
chr22_34421701_34422000	14271
chr19_616201_616500	14272
chr11_101555701_101556000	14273
chr12_94795201_94795500	14274
chr22_45809101_45809400	14275
chr9_44478001_44478300	14276
chr1_1912801_1913100	14277
chr6_42072001_42072300	14278
chr14_45859201_45859500	14279
chr12_85241701_85242000	14280
chr6_81600901_81601200	14281
chr11_123585601_123585900	14282
chr9_118014301_118014600	14283
chr17_41279101_41279400	14284
chr1_158443501_158443800	14285
chr12_96896701_96897000	14286
chr6_31020601_31020900	14287
chr14_84560701_84561000	14288
chr8_52411501_52411800	14289
chr7_2417101_2417400	14290
chr9_44271301_44271600	14291
chr18_49954201_49954500	14292
chr1_235748401_235748700	14293
chr16_65934601_65934900	14294
chr7_35307001_35307300	14295
chr21_15049201_15049500	14296
chr21_47061901_47062200	14297
chr6_93172501_93172800	14298
chr8_29884801_29885100	14299
chr13_22427701_22428000	14300
chr7_4641901_4642200	14301
chr1_20151301_20151600	14302
chr11_2721001_2721300	14303
chr6_31086301_31086600	14304
chr5_135118801_135119100	14305
chr11_45765001_45765300	14306
chr16_55797901_55798200	14307
chr20_41899201_41899500	14308
chr3_165367201_165367500	14309
chr5_117255601_117255900	14310
chr6_122746801_122747100	14311
chr11_113192701_113193000	14312
chr2_31940701_31941000	14313
chr8_126337201_126337500	14314
chr10_47749201_47749500	14315
chr13_63754201_63754500	14316
chr12_111474001_111474300	14317
chr6_54378901_54379200	14318
chr5_58400401_58400700	14319
chr10_74703601_74703900	14320
chr12_40047301_40047600	14321
chr6_57747901_57748200	14322
chr6_80912101_80912400	14323
chr5_73056601_73056900	14324
chr4_20093401_20093700	14325
chr12_95838001_95838300	14326
chr10_3362101_3362400	14327
chr12_132816901_132817200	14328
chr15_78127201_78127500	14329
chr6_31347301_31347600	14330
chr4_22597801_22598100	14331
chr15_66260401_66260700	14332
chr9_109493401_109493700	14333
chr3_161877001_161877300	14334
chr5_170130001_170130300	14335
chr3_119662801_119663100	14336
chr19_57649201_57649500	14337
chr9_104502601_104502900	14338
chr4_135155401_135155700	14339
chr4_69395701_69396000	14340
chr11_42948901_42949200	14341
chr11_91881601_91881900	14342
chr4_160669801_160670100	14343
chr18_26273101_26273400	14344
chr7_1113301_1113600	14345
chr4_79590001_79590300	14346
chr2_230419801_230420100	14347
chr5_358201_358500	14348
chr15_87811201_87811500	14349
chr5_66965701_66966000	14350
chr14_78249901_78250200	14351
chr17_44649601_44649900	14352
chr5_119079301_119079600	14353
chr5_150831901_150832200	14354
chr11_15893401_15893700	14355
chr7_11922301_11922600	14356
chr6_85426501_85426800	14357
chr16_16367701_16368000	14358
chr19_40401601_40401900	14359
chr17_72050701_72051000	14360
chr2_106980001_106980300	14361
chr13_37396201_37396500	14362
chr12_89315401_89315700	14363
chr16_87582301_87582600	14364
chr10_135341101_135341400	14365
chr5_177522901_177523200	14366
chr12_27589201_27589500	14367
chr11_133788001_133788300	14368
chr4_155128501_155128800	14369
chr17_44538001_44538300	14370
chr1_149148901_149149200	14371
chr9_75699301_75699600	14372
chr8_26851201_26851500	14373
chr2_35800801_35801100	14374
chr18_48485401_48485700	14375
chr8_21309901_21310200	14376
chr3_162584101_162584400	14377
chr8_35794501_35794800	14378
chr2_139686601_139686900	14379
chr16_1550401_1550700	14380
chr3_185781901_185782200	14381
chr11_58909201_58909500	14382
chr17_75240601_75240900	14383
chr1_89399101_89399400	14384
chr7_63608401_63608700	14385
chr20_37739101_37739400	14386
chr10_18104701_18105000	14387
chr10_44604301_44604600	14388
chr20_348301_348600	14389
chr16_80858701_80859000	14390
chr1_33741901_33742200	14391
chr12_96011101_96011400	14392
chr5_77756401_77756700	14393
chr19_8801401_8801700	14394
chr8_110173201_110173500	14395
chr12_108647101_108647400	14396
chr7_150147901_150148200	14397
chr11_113175601_113175900	14398
chr17_10203601_10203900	14399
chr9_115835701_115836000	14400
chr12_76514101_76514400	14401
chr15_88578301_88578600	14402
chr8_70783201_70783500	14403
chr6_149707501_149707800	14404
chr3_56260201_56260500	14405
chr7_83167201_83167500	14406
chr3_101337601_101337900	14407
chr3_180592201_180592500	14408
chr1_171877801_171878100	14409
chr11_16059901_16060200	14410
chr5_89112901_89113200	14411
chr6_144490801_144491100	14412
chr2_12816601_12816900	14413
chr20_23796901_23797200	14414
chr3_87850801_87851100	14415
chr6_121808701_121809000	14416
chr11_101115301_101115600	14417
chr7_57076501_57076800	14418
chr18_15110401_15110700	14419
chr20_50720401_50720700	14420
chr9_36423901_36424200	14421
chr2_224005501_224005800	14422
chr10_112885801_112886100	14423
chr15_41794501_41794800	14424
chr1_183202501_183202800	14425
chr7_145057801_145058100	14426
chr4_187886701_187887000	14427
chr1_219918601_219918900	14428
chr2_201495301_201495600	14429
chr17_44444701_44445000	14430
chr12_6241801_6242100	14431
chr3_129798901_129799200	14432
chr2_178356901_178357200	14433
chr2_215373601_215373900	14434
chr4_9615301_9615600	14435
chr15_90591601_90591900	14436
chr19_12984601_12984900	14437
chr10_83068801_83069100	14438
chr11_315601_315900	14439
chr6_2595901_2596200	14440
chr11_87959401_87959700	14441
chr15_37326001_37326300	14442
chr4_173601601_173601900	14443
chr19_6163201_6163500	14444
chr13_85836301_85836600	14445
chr6_104409301_104409600	14446
chr8_112102201_112102500	14447
chr9_44264101_44264400	14448
chr6_143416201_143416500	14449
chr20_18799801_18800100	14450
chr16_54352201_54352500	14451
chr19_46997101_46997400	14452
chr18_53405401_53405700	14453
chr10_25527001_25527300	14454
chr4_119850001_119850300	14455
chr10_122456101_122456400	14456
chr3_68116501_68116800	14457
chr8_84297001_84297300	14458
chr7_70310101_70310400	14459
chr17_53674201_53674500	14460
chr8_27476701_27477000	14461
chr6_14315701_14316000	14462
chr11_67479301_67479600	14463
chr8_105133201_105133500	14464
chr8_72486901_72487200	14465
chr2_227764501_227764800	14466
chr4_37586701_37587000	14467
chr2_110904001_110904300	14468
chr10_24188701_24189000	14469
chr2_129931201_129931500	14470
chr12_11828401_11828700	14471
chr20_42485701_42486000	14472
chr7_112740901_112741200	14473
chr4_31363801_31364100	14474
chr1_41687701_41688000	14475
chr6_2560501_2560800	14476
chr2_216365101_216365400	14477
chr8_65470801_65471100	14478
chr2_172078801_172079100	14479
chr20_9042001_9042300	14480
chr2_212339401_212339700	14481
chr2_167512501_167512800	14482
chr1_163587001_163587300	14483
chr4_15980701_15981000	14484
chr11_124700101_124700400	14485
chr15_100417201_100417500	14486
chr4_18115501_18115800	14487
chr1_35891701_35892000	14488
chr9_118014601_118014900	14489
chr8_65676901_65677200	14490
chr9_81803101_81803400	14491
chr7_64506001_64506300	14492
chr3_150441001_150441300	14493
chr9_115824901_115825200	14494
chr3_170371201_170371500	14495
chr17_68908801_68909100	14496
chr6_146825101_146825400	14497
chr9_78600001_78600300	14498
chr2_168420001_168420300	14499
chr4_32919301_32919600	14500
chr2_47353501_47353800	14501
chr5_44716801_44717100	14502
chr8_120100201_120100500	14503
chr6_110957701_110958000	14504
chr8_18786001_18786300	14505
chr21_22239601_22239900	14506
chr10_122435401_122435700	14507
chr7_91273801_91274100	14508
chr15_24048001_24048300	14509
chr7_56217901_56218200	14510
chr8_72424501_72424800	14511
chr1_118914001_118914300	14512
chr9_104211301_104211600	14513
chr12_26841301_26841600	14514
chr6_63587401_63587700	14515
chr11_113193001_113193300	14516
chr6_82558801_82559100	14517
chr12_48709801_48710100	14518
chr7_130387801_130388100	14519
chr12_40842301_40842600	14520
chr8_107177701_107178000	14521
chr4_146615701_146616000	14522
chr7_113988301_113988600	14523
chr9_43497901_43498200	14524
chr3_81743101_81743400	14525
chr1_94981201_94981500	14526
chr10_128960701_128961000	14527
chr16_80043601_80043900	14528
chr4_91290601_91290900	14529
chr10_60231001_60231300	14530
chr12_60410101_60410400	14531
chr1_25603201_25603500	14532
chr6_70594201_70594500	14533
chr10_107253301_107253600	14534
chr8_57274801_57275100	14535
chr2_178178101_178178400	14536
chr16_62750701_62751000	14537
chr12_11239201_11239500	14538
chr2_112451401_112451700	14539
chr6_89395201_89395500	14540
chr7_56860201_56860500	14541
chr1_177738901_177739200	14542
chr8_119733601_119733900	14543
chr1_151103701_151104000	14544
chr5_108722701_108723000	14545
chr17_35144101_35144400	14546
chr13_55053901_55054200	14547
chr8_114609601_114609900	14548
chr10_29889301_29889600	14549
chr6_152692801_152693100	14550
chr6_77084401_77084700	14551
chr9_76044601_76044900	14552
chr1_163796101_163796400	14553
chr1_11396701_11397000	14554
chr8_76722901_76723200	14555
chr15_33069001_33069300	14556
chr20_17518801_17519100	14557
chr1_219847501_219847800	14558
chr10_60475501_60475800	14559
chr6_102209701_102210000	14560
chr11_4581601_4581900	14561
chr7_54873901_54874200	14562
chr4_61454101_61454400	14563
chr11_132429001_132429300	14564
chr15_37398901_37399200	14565
chr14_94133401_94133700	14566
chr17_9467401_9467700	14567
chr1_243248701_243249000	14568
chr5_28719601_28719900	14569
chr6_20757001_20757300	14570
chr16_29283901_29284200	14571
chr3_42577801_42578100	14572
chr7_107464201_107464500	14573
chr15_97084201_97084500	14574
chr11_89490301_89490600	14575
chr11_118567501_118567800	14576
chr3_66594901_66595200	14577
chr8_55813501_55813800	14578
chr20_22029601_22029900	14579
chr3_100242601_100242900	14580
chr7_146562001_146562300	14581
chr1_67713901_67714200	14582
chr16_1787101_1787400	14583
chr17_65111701_65112000	14584
chr3_105349201_105349500	14585
chr3_36439801_36440100	14586
chr7_83360401_83360700	14587
chr7_55905901_55906200	14588
chr11_2596201_2596500	14589
chr12_61356901_61357200	14590
chr2_24690901_24691200	14591
chr18_72471301_72471600	14592
chr2_49686601_49686900	14593
chr6_65715001_65715300	14594
chr6_150825001_150825300	14595
chr21_15047401_15047700	14596
chr8_50773801_50774100	14597
chr2_170493001_170493300	14598
chr4_166526401_166526700	14599
chr1_151237501_151237800	14600
chr17_35094901_35095200	14601
chr12_55750201_55750500	14602
chr11_63975001_63975300	14603
chr8_32388601_32388900	14604
chr1_115871701_115872000	14605
chr5_23280901_23281200	14606
chr5_68724001_68724300	14607
chr12_103579201_103579500	14608
chr7_158751001_158751300	14609
chr5_123663901_123664200	14610
chr2_103075801_103076100	14611
chr20_56423701_56424000	14612
chr11_15582301_15582600	14613
chr2_52056601_52056900	14614
chr6_10226401_10226700	14615
chr10_117152101_117152400	14616
chr1_13113001_13113300	14617
chr13_19763701_19764000	14618
chr19_29439901_29440200	14619
chr20_57949801_57950100	14620
chr4_61939801_61940100	14621
chr3_89283601_89283900	14622
chr1_152565301_152565600	14623
chr1_188885101_188885400	14624
chr1_181811701_181812000	14625
chr4_124201_124500	14626
chr11_2369401_2369700	14627
chr2_228992701_228993000	14628
chr5_107469001_107469300	14629
chr8_127929001_127929300	14630
chr2_151399201_151399500	14631
chr5_8049901_8050200	14632
chr19_23682001_23682300	14633
chr11_130963801_130964100	14634
chr16_5840401_5840700	14635
chr21_40376701_40377000	14636
chr6_8628901_8629200	14637
chr22_29994001_29994300	14638
chr13_110518801_110519100	14639
chr18_19710001_19710300	14640
chr15_49921201_49921500	14641
chr2_182178001_182178300	14642
chr18_77254501_77254800	14643
chr19_19837501_19837800	14644
chr2_134568601_134568900	14645
chr17_50850001_50850300	14646
chr1_25601101_25601400	14647
chr16_32087101_32087400	14648
chr5_58282201_58282500	14649
chr6_53287201_53287500	14650
chr3_76604401_76604700	14651
chr10_72720601_72720900	14652
chr13_67554001_67554300	14653
chr16_18488101_18488400	14654
chr2_150719401_150719700	14655
chr1_178659301_178659600	14656
chr15_40260601_40260900	14657
chr6_29379001_29379300	14658
chr6_2378101_2378400	14659
chr19_12497401_12497700	14660
chr8_39380401_39380700	14661
chr9_93254701_93255000	14662
chr3_95101801_95102100	14663
chr1_25126501_25126800	14664
chr12_54881701_54882000	14665
chr1_67302001_67302300	14666
chr20_62807401_62807700	14667
chr2_182412601_182412900	14668
chr3_196055701_196056000	14669
chr2_170219401_170219700	14670
chr1_234439801_234440100	14671
chr8_48671401_48671700	14672
chr5_97220101_97220400	14673
chr4_109721401_109721700	14674
chr16_75109201_75109500	14675
chr4_60028201_60028500	14676
chr18_69681301_69681600	14677
chr7_123860101_123860400	14678
chr1_115851301_115851600	14679
chr8_2601301_2601600	14680
chr2_80511001_80511300	14681
chr19_23107801_23108100	14682
chr8_65102101_65102400	14683
chr4_68873101_68873400	14684
chr4_31882501_31882800	14685
chr16_18676801_18677100	14686
chr16_21627901_21628200	14687
chr8_27558901_27559200	14688
chr11_120241201_120241500	14689
chr16_23993101_23993400	14690
chr2_165836701_165837000	14691
chr7_21976501_21976800	14692
chr9_115830301_115830600	14693
chr4_166959301_166959600	14694
chr9_112370401_112370700	14695
chr16_55806901_55807200	14696
chr3_184301701_184302000	14697
chr16_18735901_18736200	14698
chr9_117298501_117298800	14699
chr15_100419001_100419300	14700
chr13_24716401_24716700	14701
chr20_61304401_61304700	14702
chr13_67553701_67554000	14703
chr2_7300801_7301100	14704
chr7_127818901_127819200	14705
chr8_94353001_94353300	14706
chr6_33438301_33438600	14707
chr1_120459601_120459900	14708
chr18_33187501_33187800	14709
chr7_64566901_64567200	14710
chr13_104701801_104702100	14711
chr6_32028901_32029200	14712
chr12_10797601_10797900	14713
chr3_121000801_121001100	14714
chr15_39199501_39199800	14715
chr5_20321701_20322000	14716
chr1_158443201_158443500	14717
chr15_54754801_54755100	14718
chr18_39516601_39516900	14719
chr3_52552801_52553100	14720
chr1_25646401_25646700	14721
chr3_166281901_166282200	14722
chr2_66666301_66666600	14723
chr2_66664801_66665100	14724
chr20_7896001_7896300	14725
chr5_127855201_127855500	14726
chr1_207256801_207257100	14727
chr11_66062701_66063000	14728
chr10_51251101_51251400	14729
chr10_93505501_93505800	14730
chr5_1422601_1422900	14731
chr2_161663101_161663400	14732
chr5_107162701_107163000	14733
chr9_131412901_131413200	14734
chr9_93028501_93028800	14735
chr6_155877601_155877900	14736
chr7_89061601_89061900	14737
chr4_160444501_160444800	14738
chr3_41498101_41498400	14739
chr6_31164601_31164900	14740
chr9_19128001_19128300	14741
chr6_29908201_29908500	14742
chr19_40382101_40382400	14743
chr3_38026801_38027100	14744
chr15_40573801_40574100	14745
chr6_31107901_31108200	14746
chr4_101202001_101202300	14747
chr5_40137301_40137600	14748
chr3_165636001_165636300	14749
chr16_64208701_64209000	14750
chr1_166338901_166339200	14751
chr10_29234101_29234400	14752
chr6_8181601_8181900	14753
chr2_31270501_31270800	14754
chr2_162197701_162198000	14755
chr7_143853001_143853300	14756
chr4_178105801_178106100	14757
chr7_52139701_52140000	14758
chr20_57053401_57053700	14759
chr12_116004901_116005200	14760
chr5_180428401_180428700	14761
chr2_68542201_68542500	14762
chr10_119714101_119714400	14763
chr7_94995301_94995600	14764
chr3_89052901_89053200	14765
chr16_65584201_65584500	14766
chr7_64606501_64606800	14767
chr16_10234501_10234800	14768
chr13_50390101_50390400	14769
chr20_4992001_4992300	14770
chr15_96226801_96227100	14771
chr4_91854001_91854300	14772
chr7_46368901_46369200	14773
chr4_146929801_146930100	14774
chr1_191670601_191670900	14775
chr15_95401201_95401500	14776
chr8_131859001_131859300	14777
chr22_46500301_46500600	14778
chr12_49470001_49470300	14779
chr19_33831901_33832200	14780
chr14_74022901_74023200	14781
chr3_159626701_159627000	14782
chr4_92054101_92054400	14783
chr8_134080201_134080500	14784
chr5_29053201_29053500	14785
chr13_31374301_31374600	14786
chr3_122901901_122902200	14787
chr21_20087101_20087400	14788
chr21_41334001_41334300	14789
chr1_157554901_157555200	14790
chr7_153407101_153407400	14791
chr5_140362201_140362500	14792
chr19_28633501_28633800	14793
chr5_140209201_140209500	14794
chr5_80451301_80451600	14795
chr4_9458401_9458700	14796
chr1_149145001_149145300	14797
chr3_189261601_189261900	14798
chr13_101895901_101896200	14799
chr22_36522601_36522900	14800
chr11_11529001_11529300	14801
chr11_131098501_131098800	14802
chr10_72596401_72596700	14803
chr6_128891101_128891400	14804
chr2_194808001_194808300	14805
chr4_159889201_159889500	14806
chr6_18953401_18953700	14807
chr19_30074701_30075000	14808
chr1_196148401_196148700	14809
chr9_81813001_81813300	14810
chr16_89637601_89637900	14811
chr18_70978801_70979100	14812
chr10_51703501_51703800	14813
chr5_109440301_109440600	14814
chr4_30195001_30195300	14815
chr7_131594101_131594400	14816
chr13_42155401_42155700	14817
chr18_44165101_44165400	14818
chr16_62758501_62758800	14819
chr9_38587201_38587500	14820
chr1_230043601_230043900	14821
chr22_32702701_32703000	14822
chr13_61811701_61812000	14823
chr4_4154401_4154700	14824
chr3_22153801_22154100	14825
chr5_114606901_114607200	14826
chr9_666301_666600	14827
chr13_23778901_23779200	14828
chr3_192744601_192744900	14829
chr3_149482501_149482800	14830
chr13_98294401_98294700	14831
chr9_93254401_93254700	14832
chr4_69791101_69791400	14833
chr13_28500601_28500900	14834
chr11_113175901_113176200	14835
chr2_199889101_199889400	14836
chr7_74974801_74975100	14837
chr14_84673801_84674100	14838
chr21_33185701_33186000	14839
chr3_28839001_28839300	14840
chr4_125101_125400	14841
chr1_153590101_153590400	14842
chr1_231105001_231105300	14843
chr6_55774801_55775100	14844
chr4_160670401_160670700	14845
chr2_176357701_176358000	14846
chr14_76485601_76485900	14847
chr9_22114201_22114500	14848
chr12_79953901_79954200	14849
chr4_4688101_4688400	14850
chr22_34286701_34287000	14851
chr12_66426301_66426600	14852
chr20_15343501_15343800	14853
chr20_39867001_39867300	14854
chr16_78378901_78379200	14855
chr8_69223801_69224100	14856
chr2_125345401_125345700	14857
chr4_8872201_8872500	14858
chr8_143358901_143359200	14859
chr2_227017801_227018100	14860
chr9_39020401_39020700	14861
chr4_6897901_6898200	14862
chr22_32710201_32710500	14863
chr22_23056801_23057100	14864
chr9_76284301_76284600	14865
chr5_121753201_121753500	14866
chr8_39243901_39244200	14867
chr9_38241001_38241300	14868
chr11_26959501_26959800	14869
chr15_100328701_100329000	14870
chr19_34535701_34536000	14871
chr5_15218701_15219000	14872
chr12_94452001_94452300	14873
chr1_161034301_161034600	14874
chr8_132022801_132023100	14875
chr4_160248001_160248300	14876
chr2_241124701_241125000	14877
chr3_61994401_61994700	14878
chr19_33735301_33735600	14879
chr7_122610301_122610600	14880
chr6_132644701_132645000	14881
chr5_79605901_79606200	14882
chr12_131627401_131627700	14883
chr2_174315001_174315300	14884
chr6_3023401_3023700	14885
chr10_23423401_23423700	14886
chr1_165676501_165676800	14887
chr15_27184501_27184800	14888
chr14_27668701_27669000	14889
chr3_168700801_168701100	14890
chr13_108617101_108617400	14891
chr2_68035801_68036100	14892
chr17_46593301_46593600	14893
chr3_115023901_115024200	14894
chr1_244480501_244480800	14895
chr17_74706901_74707200	14896
chr4_76198801_76199100	14897
chr19_36759601_36759900	14898
chr20_30058501_30058800	14899
chr17_40440901_40441200	14900
chr12_57762901_57763200	14901
chr16_60301_60600	14902
chr7_102711301_102711600	14903
chr3_1002601_1002900	14904
chr1_235004401_235004700	14905
chr22_28890601_28890900	14906
chr3_131683201_131683500	14907
chr9_115836601_115836900	14908
chr17_28917001_28917300	14909
chr6_105680701_105681000	14910
chr20_53755801_53756100	14911
chr2_64722901_64723200	14912
chr17_81100501_81100800	14913
chr2_1538401_1538700	14914
chr2_177213901_177214200	14915
chr4_163394101_163394400	14916
chr4_119305201_119305500	14917
chr4_43882501_43882800	14918
chr4_95510701_95511000	14919
chr2_185721901_185722200	14920
chr11_119379301_119379600	14921
chr8_133878601_133878900	14922
chr6_51136501_51136800	14923
chr11_81947401_81947700	14924
chr7_73508401_73508700	14925
chr5_150178201_150178500	14926
chr11_79968601_79968900	14927
chr3_22455301_22455600	14928
chr16_16454701_16455000	14929
chr1_984301_984600	14930
chr6_31838401_31838700	14931
chr2_158683201_158683500	14932
chr1_116699401_116699700	14933
chr19_42609901_42610200	14934
chr1_169093501_169093800	14935
chr14_82054801_82055100	14936
chr20_24772501_24772800	14937
chr2_80224201_80224500	14938
chr6_69456301_69456600	14939
chr11_2369701_2370000	14940
chr7_126902101_126902400	14941
chr1_164423101_164423400	14942
chr9_15311401_15311700	14943
chr4_2208901_2209200	14944
chr12_129124201_129124500	14945
chr13_66485401_66485700	14946
chr4_17318701_17319000	14947
chr17_14614201_14614500	14948
chr5_8050801_8051100	14949
chr8_30333301_30333600	14950
chr19_19830301_19830600	14951
chr14_49875001_49875300	14952
chr8_58533601_58533900	14953
chr4_63357601_63357900	14954
chr9_117906001_117906300	14955
chr21_36164101_36164400	14956
chr8_77652301_77652600	14957
chr5_23744101_23744400	14958
chr11_5617801_5618100	14959
chr8_82404601_82404900	14960
chr13_79570501_79570800	14961
chr13_23551501_23551800	14962
chr3_64343401_64343700	14963
chr6_121017601_121017900	14964
chr18_67141201_67141500	14965
chr1_25611301_25611600	14966
chr17_10677301_10677600	14967
chr10_105053101_105053400	14968
chr7_150655201_150655500	14969
chr2_138814801_138815100	14970
chr20_62378401_62378700	14971
chr11_96498901_96499200	14972
chr6_26070901_26071200	14973
chr2_200218201_200218500	14974
chr4_92553901_92554200	14975
chr1_188168101_188168400	14976
chr8_52411801_52412100	14977
chr1_179541901_179542200	14978
chr19_52146901_52147200	14979
chr20_38006401_38006700	14980
chr19_17776801_17777100	14981
chr10_44323801_44324100	14982
chr22_32473201_32473500	14983
chr4_31953601_31953900	14984
chr2_178543501_178543800	14985
chr15_59903401_59903700	14986
chr12_69957001_69957300	14987
chr17_44425201_44425500	14988
chr16_32657701_32658000	14989
chr7_88564801_88565100	14990
chr9_87374401_87374700	14991
chr19_31041301_31041600	14992
chr21_25586701_25587000	14993
chr4_183754501_183754800	14994
chr20_656701_657000	14995
chr1_233449201_233449500	14996
chr13_109707001_109707300	14997
chr13_70950901_70951200	14998
chr1_76012201_76012500	14999
chr2_189062101_189062400	15000
chr4_70127101_70127400	15001
chr4_4382701_4383000	15002
chr6_115919101_115919400	15003
chr7_142429201_142429500	15004
chr6_5927401_5927700	15005
chr1_190015201_190015500	15006
chr14_105579001_105579300	15007
chr2_172490401_172490700	15008
chr4_85412101_85412400	15009
chr3_56638801_56639100	15010
chr1_84267301_84267600	15011
chr7_64606201_64606500	15012
chr5_108372301_108372600	15013
chr1_40161001_40161300	15014
chr6_22783801_22784100	15015
chr1_67301701_67302000	15016
chr20_44720701_44721000	15017
chr18_14717401_14717700	15018
chr2_151827601_151827900	15019
chr11_76809601_76809900	15020
chr3_44862601_44862900	15021
chr22_28890901_28891200	15022
chr13_34332601_34332900	15023
chr20_2803501_2803800	15024
chr12_85724101_85724400	15025
chr14_83760601_83760900	15026
chr18_34444801_34445100	15027
chr11_115188901_115189200	15028
chr4_47177101_47177400	15029
chr5_108846901_108847200	15030
chr10_47412901_47413200	15031
chr5_139211101_139211400	15032
chr18_62830501_62830800	15033
chr7_96657001_96657300	15034
chr4_88733701_88734000	15035
chr18_73521901_73522200	15036
chr6_31147501_31147800	15037
chr3_191988301_191988600	15038
chr5_343801_344100	15039
chr6_77453701_77454000	15040
chr6_80439901_80440200	15041
chr8_123181501_123181800	15042
chr2_205167301_205167600	15043
chr9_21765301_21765600	15044
chr5_136240801_136241100	15045
chr3_122300101_122300400	15046
chr12_31022701_31023000	15047
chr5_31701001_31701300	15048
chr7_41279101_41279400	15049
chr6_75521101_75521400	15050
chr22_47607301_47607600	15051
chr1_2990101_2990400	15052
chr20_7792201_7792500	15053
chr4_54526501_54526800	15054
chr15_71709001_71709300	15055
chr3_93974701_93975000	15056
chr1_157164901_157165200	15057
chr19_23682301_23682600	15058
chr4_153024001_153024300	15059
chr2_178177801_178178100	15060
chr4_64698001_64698300	15061
chr10_3355201_3355500	15062
chr2_114012601_114012900	15063
chr6_162893701_162894000	15064
chr16_78375901_78376200	15065
chr6_80439601_80439900	15066
chr2_7209301_7209600	15067
chr12_46544401_46544700	15068
chr5_169147201_169147500	15069
chr3_77438701_77439000	15070
chr2_237123001_237123300	15071
chr12_8034001_8034300	15072
chr2_51643201_51643500	15073
chr3_128781001_128781300	15074
chr20_1660501_1660800	15075
chr19_6117601_6117900	15076
chr3_101757901_101758200	15077
chr17_20352901_20353200	15078
chr8_11990701_11991000	15079
chr1_184967701_184968000	15080
chr4_128635201_128635500	15081
chr13_22058701_22059000	15082
chr4_102871201_102871500	15083
chr5_32554201_32554500	15084
chr1_104013901_104014200	15085
chr1_5130301_5130600	15086
chr16_58647901_58648200	15087
chr5_4092001_4092300	15088
chr2_172723201_172723500	15089
chr2_170155501_170155800	15090
chr7_108973801_108974100	15091
chr9_44274601_44274900	15092
chr21_47062201_47062500	15093
chr2_104586301_104586600	15094
chr9_15818401_15818700	15095
chr12_25588501_25588800	15096
chr1_188444101_188444400	15097
chr11_38442601_38442900	15098
chr5_7670101_7670400	15099
chr11_28842301_28842600	15100
chr8_76106701_76107000	15101
chr1_243012901_243013200	15102
chr19_56090701_56091000	15103
chr6_79020001_79020300	15104
chr1_246139801_246140100	15105
chr2_179963401_179963700	15106
chr5_49671301_49671600	15107
chr2_181104301_181104600	15108
chr4_177367501_177367800	15109
chr10_74570401_74570700	15110
chr9_90373501_90373800	15111
chr8_36095701_36096000	15112
chr14_83463001_83463300	15113
chr4_38038501_38038800	15114
chr7_39042601_39042900	15115
chr1_248649001_248649300	15116
chr7_17039401_17039700	15117
chr11_90204901_90205200	15118
chr7_158133601_158133900	15119
chr2_115015801_115016100	15120
chr14_106560001_106560300	15121
chr14_89223901_89224200	15122
chr5_180387001_180387300	15123
chr1_217953001_217953300	15124
chr4_36790201_36790500	15125
chr9_122372101_122372400	15126
chr1_110611201_110611500	15127
chr14_38067301_38067600	15128
chr12_100834501_100834800	15129
chr11_134393101_134393400	15130
chr21_46401601_46401900	15131
chr5_141812101_141812400	15132
chr11_33222301_33222600	15133
chr9_98491501_98491800	15134
chr9_140248201_140248500	15135
chr11_62138701_62139000	15136
chr7_52371901_52372200	15137
chr7_76048501_76048800	15138
chr2_141757201_141757500	15139
chr16_16605901_16606200	15140
chr6_39304501_39304800	15141
chr9_79206001_79206300	15142
chr13_43787701_43788000	15143
chr8_145105801_145106100	15144
chr1_84713101_84713400	15145
chr4_106760701_106761000	15146
chr5_150212701_150213000	15147
chr17_72461701_72462000	15148
chr14_42968401_42968700	15149
chr17_79259101_79259400	15150
chr6_110550001_110550300	15151
chr12_97297501_97297800	15152
chr6_32724901_32725200	15153
chr19_38379301_38379600	15154
chr3_106362601_106362900	15155
chr2_77489101_77489400	15156
chr11_59874901_59875200	15157
chr7_39803401_39803700	15158
chr11_5531701_5532000	15159
chr19_5687401_5687700	15160
chr4_173601301_173601600	15161
chr6_114206401_114206700	15162
chr19_1395301_1395600	15163
chr4_75287401_75287700	15164
chr16_82293601_82293900	15165
chr9_112703101_112703400	15166
chr5_54736801_54737100	15167
chr1_151077001_151077300	15168
chr12_102071701_102072000	15169
chr17_44417401_44417700	15170
chr9_23372101_23372400	15171
chr19_8550901_8551200	15172
chr7_67933801_67934100	15173
chr9_29417401_29417700	15174
chr3_193869901_193870200	15175
chr1_56124301_56124600	15176
chr5_73521301_73521600	15177
chr13_84780001_84780300	15178
chr11_133120201_133120500	15179
chr10_20451001_20451300	15180
chr3_72952501_72952800	15181
chr2_180077701_180078000	15182
chr2_72703501_72703800	15183
chr7_133877701_133878000	15184
chr6_115719601_115719900	15185
chr3_164757901_164758200	15186
chr13_22492201_22492500	15187
chr15_24253501_24253800	15188
chr15_37326301_37326600	15189
chr9_21196501_21196800	15190
chr9_72587101_72587400	15191
chr8_115949701_115950000	15192
chr5_43382101_43382400	15193
chr1_37546801_37547100	15194
chr5_152808001_152808300	15195
chr13_68745001_68745300	15196
chr7_124352101_124352400	15197
chr12_127448401_127448700	15198
chr3_156364201_156364500	15199
chr6_30932401_30932700	15200
chr5_78476401_78476700	15201
chr16_32897401_32897700	15202
chr2_225226801_225227100	15203
chr21_17062801_17063100	15204
chr13_37574401_37574700	15205
chr17_81120001_81120300	15206
chr22_24329101_24329400	15207
chr2_51564301_51564600	15208
chr4_166500601_166500900	15209
chr4_56125201_56125500	15210
chr15_91368601_91368900	15211
chr2_53940601_53940900	15212
chr5_25190701_25191000	15213
chr16_1104901_1105200	15214
chr4_125617201_125617500	15215
chr3_41159101_41159400	15216
chr22_22977301_22977600	15217
chr2_226026901_226027200	15218
chr7_127766401_127766700	15219
chr4_182161801_182162100	15220
chr6_167489401_167489700	15221
chr3_14334601_14334900	15222
chr2_45943801_45944100	15223
chr12_103578901_103579200	15224
chr6_32218201_32218500	15225
chr20_38006701_38007000	15226
chr8_136702501_136702800	15227
chr10_125043001_125043300	15228
chr7_42748501_42748800	15229
chr1_146479201_146479500	15230
chr1_228050701_228051000	15231
chr3_5730301_5730600	15232
chr5_169612501_169612800	15233
chr2_114814801_114815100	15234
chr9_140224201_140224500	15235
chr4_141561901_141562200	15236
chr2_182550301_182550600	15237
chr7_97318801_97319100	15238
chr18_24180301_24180600	15239
chr4_30693301_30693600	15240
chr3_111176701_111177000	15241
chr18_32024701_32025000	15242
chr4_109925101_109925400	15243
chr12_28353901_28354200	15244
chr8_144535201_144535500	15245
chr3_188990101_188990400	15246
chr3_6076801_6077100	15247
chr11_11528701_11529000	15248
chr1_202731001_202731300	15249
chr1_70891801_70892100	15250
chr10_14867701_14868000	15251
chr19_3332401_3332700	15252
chr7_117957001_117957300	15253
chr14_42513301_42513600	15254
chr8_69223201_69223500	15255
chr1_171988201_171988500	15256
chr3_4731301_4731600	15257
chr15_81864901_81865200	15258
chr6_125067601_125067900	15259
chr12_69797701_69798000	15260
chr1_180679801_180680100	15261
chr6_158702101_158702400	15262
chr14_85926901_85927200	15263
chr2_28589701_28590000	15264
chr2_174603001_174603300	15265
chr4_132669601_132669900	15266
chr5_73695901_73696200	15267
chr4_184656601_184656900	15268
chr10_90902401_90902700	15269
chr22_39365701_39366000	15270
chr4_69435301_69435600	15271
chr2_112740001_112740300	15272
chr10_7788901_7789200	15273
chr5_31175701_31176000	15274
chr5_19811101_19811400	15275
chr14_54815401_54815700	15276
chr15_79731001_79731300	15277
chr5_26519701_26520000	15278
chr9_44628601_44628900	15279
chr1_78797701_78798000	15280
chr20_50011801_50012100	15281
chr15_49356301_49356600	15282
chr16_78376201_78376500	15283
chr5_136775701_136776000	15284
chr21_27671101_27671400	15285
chr7_156799801_156800100	15286
chr4_93026701_93027000	15287
chr7_157509001_157509300	15288
chr6_25656301_25656600	15289
chr17_63647401_63647700	15290
chr14_51484801_51485100	15291
chr8_27183301_27183600	15292
chr8_42888001_42888300	15293
chr10_38262901_38263200	15294
chr6_15914101_15914400	15295
chr3_110997601_110997900	15296
chr2_117573301_117573600	15297
chr12_97279801_97280100	15298
chr3_47492701_47493000	15299
chr7_73830001_73830300	15300
chr11_46980301_46980600	15301
chr12_20269501_20269800	15302
chr6_74880601_74880900	15303
chr18_47696401_47696700	15304
chr5_35956801_35957100	15305
chr8_145772701_145773000	15306
chr4_174691801_174692100	15307
chr12_13533301_13533600	15308
chr7_96445801_96446100	15309
chr6_22979401_22979700	15310
chr12_93923701_93924000	15311
chr5_119887501_119887800	15312
chr1_243744601_243744900	15313
chr1_67409101_67409400	15314
chr22_29791801_29792100	15315
chr10_108725701_108726000	15316
chr8_111628501_111628800	15317
chr20_29525101_29525400	15318
chr13_71276101_71276400	15319
chr11_34558801_34559100	15320
chr1_220114801_220115100	15321
chr14_21482401_21482700	15322
chr1_194092801_194093100	15323
chr3_158390401_158390700	15324
chr2_131928001_131928300	15325
chr7_64605901_64606200	15326
chr3_150035101_150035400	15327
chr4_57172501_57172800	15328
chr11_65219101_65219400	15329
chr16_50957401_50957700	15330
chr11_100516801_100517100	15331
chr3_25983301_25983600	15332
chr1_42082801_42083100	15333
chr13_24600001_24600300	15334
chr6_32529301_32529600	15335
chr6_63819001_63819300	15336
chr1_188228101_188228400	15337
chr4_15761101_15761400	15338
chr7_15254101_15254400	15339
chr13_113037601_113037900	15340
chr14_56306101_56306400	15341
chr4_69396601_69396900	15342
chr10_65365801_65366100	15343
chr5_94588201_94588500	15344
chr4_9960001_9960300	15345
chr1_977101_977400	15346
chr4_30195301_30195600	15347
chr21_38655601_38655900	15348
chr12_107561701_107562000	15349
chr20_18852601_18852900	15350
chr9_99469801_99470100	15351
chr1_147775201_147775500	15352
chr14_49874701_49875000	15353
chr6_767701_768000	15354
chr9_117298201_117298500	15355
chr2_84969601_84969900	15356
chr1_113442001_113442300	15357
chr1_149148301_149148600	15358
chr5_58964401_58964700	15359
chr8_23755801_23756100	15360
chr11_85544101_85544400	15361
chr15_66537001_66537300	15362
chr2_58916701_58917000	15363
chr19_19042801_19043100	15364
chr6_128807701_128808000	15365
chr13_23551801_23552100	15366
chr5_34040401_34040700	15367
chr13_58269301_58269600	15368
chr1_65667601_65667900	15369
chr9_89374201_89374500	15370
chr8_8559901_8560200	15371
chr8_10344901_10345200	15372
chr20_54572401_54572700	15373
chr5_178986301_178986600	15374
chr1_155670301_155670600	15375
chr5_82542301_82542600	15376
chr2_202878001_202878300	15377
chr5_65008801_65009100	15378
chr5_75703801_75704100	15379
chr2_125345701_125346000	15380
chr1_32215501_32215800	15381
chr11_79526101_79526400	15382
chr14_44709001_44709300	15383
chr12_108649801_108650100	15384
chr5_1627201_1627500	15385
chr4_97584301_97584600	15386
chr8_87934501_87934800	15387
chr7_8600701_8601000	15388
chr11_14424601_14424900	15389
chr2_64022701_64023000	15390
chr14_42525601_42525900	15391
chr1_75403201_75403500	15392
chr5_93630901_93631200	15393
chr20_47041501_47041800	15394
chr17_10337101_10337400	15395
chr20_31824601_31824900	15396
chr16_23748601_23748900	15397
chr6_30073801_30074100	15398
chr3_8299201_8299500	15399
chr2_188421601_188421900	15400
chr11_57250501_57250800	15401
chr14_91883101_91883400	15402
chr8_94051501_94051800	15403
chr16_56773201_56773500	15404
chr12_124073701_124074000	15405
chr8_50433601_50433900	15406
chr1_239763901_239764200	15407
chr15_96920101_96920400	15408
chr1_79773301_79773600	15409
chr1_183413101_183413400	15410
chr7_24168001_24168300	15411
chr7_63944701_63945000	15412
chr18_77623501_77623800	15413
chr22_24380701_24381000	15414
chr6_27519301_27519600	15415
chr2_137111101_137111400	15416
chr18_54916501_54916800	15417
chr22_22928101_22928400	15418
chr11_105984301_105984600	15419
chr20_20277001_20277300	15420
chr7_96067801_96068100	15421
chr6_5835901_5836200	15422
chr4_12325201_12325500	15423
chr6_35295901_35296200	15424
chr10_65571301_65571600	15425
chr1_161631001_161631300	15426
chr14_29797501_29797800	15427
chr10_38052601_38052900	15428
chr1_107623801_107624100	15429
chr6_104563801_104564100	15430
chr11_4200901_4201200	15431
chr19_35190901_35191200	15432
chr11_85513501_85513800	15433
chr11_33054901_33055200	15434
chr15_67610401_67610700	15435
chr4_12402601_12402900	15436
chr1_103779001_103779300	15437
chr13_93749101_93749400	15438
chr10_107057701_107058000	15439
chr1_25633201_25633500	15440
chr10_15523501_15523800	15441
chr2_23457601_23457900	15442
chr5_140554201_140554500	15443
chr8_39285001_39285300	15444
chr9_40059901_40060200	15445
chr16_18287401_18287700	15446
chr21_43456801_43457100	15447
chr3_81743401_81743700	15448
chr4_182777101_182777400	15449
chr21_41451601_41451900	15450
chr5_113217901_113218200	15451
chr3_12001201_12001500	15452
chr4_110661301_110661600	15453
chr20_33429601_33429900	15454
chr12_122227801_122228100	15455
chr1_190618801_190619100	15456
chr14_54356401_54356700	15457
chr18_37649701_37650000	15458
chr13_61812001_61812300	15459
chr2_7629001_7629300	15460
chr4_10253401_10253700	15461
chr14_24257701_24258000	15462
chr20_11593201_11593500	15463
chr17_5829901_5830200	15464
chr6_30474901_30475200	15465
chr4_30975601_30975900	15466
chr18_63448801_63449100	15467
chr22_34037701_34038000	15468
chr2_98238601_98238900	15469
chr9_83600701_83601000	15470
chr4_132664201_132664500	15471
chr16_57596101_57596400	15472
chr7_10046401_10046700	15473
chr20_35815201_35815500	15474
chr1_34800301_34800600	15475
chr2_219501601_219501900	15476
chr12_129471301_129471600	15477
chr1_243744901_243745200	15478
chr6_121809001_121809300	15479
chr8_102389401_102389700	15480
chr17_30894001_30894300	15481
chr16_11005201_11005500	15482
chr2_166522801_166523100	15483
chr6_129706201_129706500	15484
chr17_70787701_70788000	15485
chr8_84666001_84666300	15486
chr3_21277201_21277500	15487
chr1_88334401_88334700	15488
chr5_87841201_87841500	15489
chr5_180396901_180397200	15490
chr1_8013001_8013300	15491
chr1_49631101_49631400	15492
chr4_24155401_24155700	15493
chr2_175263001_175263300	15494
chr8_94066801_94067100	15495
chr14_58380001_58380300	15496
chr7_74908501_74908800	15497
chr8_81843901_81844200	15498
chr5_180101401_180101700	15499
chr8_96990001_96990300	15500
chr16_32293201_32293500	15501
chr3_2325601_2325900	15502
chr21_22491001_22491300	15503
chr4_90726901_90727200	15504
chr1_69775801_69776100	15505
chr1_171401401_171401700	15506
chr8_8076901_8077200	15507
chr2_205344601_205344900	15508
chr6_167589001_167589300	15509
chr1_170505901_170506200	15510
chr4_152928001_152928300	15511
chr6_31236901_31237200	15512
chr8_144056401_144056700	15513
chr7_18514501_18514800	15514
chr4_125069101_125069400	15515
chr1_13002601_13002900	15516
chr16_70065001_70065300	15517
chr9_43604701_43605000	15518
chr6_31363201_31363500	15519
chr2_86448301_86448600	15520
chr1_152721001_152721300	15521
chr13_114869401_114869700	15522
chr14_28815001_28815300	15523
chr13_37866601_37866900	15524
chr16_53104501_53104800	15525
chr1_63822001_63822300	15526
chr8_70323301_70323600	15527
chr2_242507101_242507400	15528
chr9_3259801_3260100	15529
chr6_68090701_68091000	15530
chr2_133162201_133162500	15531
chr3_183834001_183834300	15532
chr1_204013801_204014100	15533
chr1_38725801_38726100	15534
chr1_52189201_52189500	15535
chr1_184830601_184830900	15536
chr8_76464301_76464600	15537
chr2_103694401_103694700	15538
chr9_83325301_83325600	15539
chr3_134609701_134610000	15540
chr14_88046101_88046400	15541
chr1_161494201_161494500	15542
chr1_207872701_207873000	15543
chr5_95343001_95343300	15544
chr19_40624501_40624800	15545
chr5_82804801_82805100	15546
chr14_34945201_34945500	15547
chr9_117906301_117906600	15548
chr13_96678001_96678300	15549
chr4_62766301_62766600	15550
chr10_36389101_36389400	15551
chr4_9195001_9195300	15552
chr13_96522601_96522900	15553
chr2_202919101_202919400	15554
chr1_233189401_233189700	15555
chr3_174272101_174272400	15556
chr17_66657001_66657300	15557
chr6_41461801_41462100	15558
chr1_242546701_242547000	15559
chr7_92836501_92836800	15560
chr9_86283301_86283600	15561
chr3_110341201_110341500	15562
chr6_70279501_70279800	15563
chr8_19808101_19808400	15564
chr14_39059101_39059400	15565
chr17_19954501_19954800	15566
chr3_190273501_190273800	15567
chr12_76107001_76107300	15568
chr10_19587301_19587600	15569
chr8_26353801_26354100	15570
chr7_72710401_72710700	15571
chr9_133785601_133785900	15572
chr2_77962201_77962500	15573
chr15_77331601_77331900	15574
chr1_149568301_149568600	15575
chr1_237280801_237281100	15576
chr4_187885801_187886100	15577
chr3_162586801_162587100	15578
chr18_55380301_55380600	15579
chr12_132132601_132132900	15580
chr4_112386301_112386600	15581
chr12_27383101_27383400	15582
chr5_65009101_65009400	15583
chr2_226658701_226659000	15584
chr2_51029701_51030000	15585
chr20_7940101_7940400	15586
chr14_20991001_20991300	15587
chr2_130031401_130031700	15588
chr14_35611201_35611500	15589
chr15_31701601_31701900	15590
chr19_3178501_3178800	15591
chr7_83757601_83757900	15592
chr2_26518801_26519100	15593
chr4_69396001_69396300	15594
chr8_118663201_118663500	15595
chr1_116180701_116181000	15596
chr6_28913401_28913700	15597
chr22_24290401_24290700	15598
chr3_188342401_188342700	15599
chr9_99883201_99883500	15600
chr5_106237201_106237500	15601
chr7_135141901_135142200	15602
chr1_99724501_99724800	15603
chr9_40040701_40041000	15604
chr3_174158101_174158400	15605
chr5_20175301_20175600	15606
chr20_3505201_3505500	15607
chr3_54903001_54903300	15608
chr3_129770401_129770700	15609
chr3_114354301_114354600	15610
chr11_88024201_88024500	15611
chr7_56694601_56694900	15612
chr8_127929301_127929600	15613
chr7_66845701_66846000	15614
chr4_170817601_170817900	15615
chr13_95551501_95551800	15616
chr15_29034301_29034600	15617
chr10_56090401_56090700	15618
chr4_30954001_30954300	15619
chr2_69001801_69002100	15620
chr7_135767101_135767400	15621
chr15_100417501_100417800	15622
chr6_165726901_165727200	15623
chr8_42506401_42506700	15624
chr2_38483701_38484000	15625
chr2_64659301_64659600	15626
chr16_79981201_79981500	15627
chr16_31281301_31281600	15628
chr4_27890701_27891000	15629
chr1_119436001_119436300	15630
chr17_44589301_44589600	15631
chr11_88563001_88563300	15632
chr15_97806601_97806900	15633
chr15_59046301_59046600	15634
chr15_97394401_97394700	15635
chr15_39378601_39378900	15636
chr12_80372701_80373000	15637
chr5_147491701_147492000	15638
chr5_76280701_76281000	15639
chr6_167687101_167687400	15640
chr15_100352101_100352400	15641
chr5_100800001_100800300	15642
chr1_104811601_104811900	15643
chr2_238305601_238305900	15644
chr14_42208801_42209100	15645
chr5_124201501_124201800	15646
chr10_120941401_120941700	15647
chr2_3666601_3666900	15648
chr12_7352401_7352700	15649
chr5_180419701_180420000	15650
chr2_40269301_40269600	15651
chr18_9377701_9378000	15652
chr1_209660401_209660700	15653
chr14_79116301_79116600	15654
chr19_13207501_13207800	15655
chr15_88563901_88564200	15656
chr11_72088501_72088800	15657
chr4_114515701_114516000	15658
chr12_111473701_111474000	15659
chr6_31122301_31122600	15660
chr14_95124301_95124600	15661
chr4_111548701_111549000	15662
chr2_27158101_27158400	15663
chr10_33117301_33117600	15664
chr1_210081301_210081600	15665
chr15_75773701_75774000	15666
chr5_97382701_97383000	15667
chr5_85182001_85182300	15668
chr18_66481801_66482100	15669
chr17_62463001_62463300	15670
chr5_172700101_172700400	15671
chr4_16063801_16064100	15672
chr17_77509501_77509800	15673
chr6_114682801_114683100	15674
chr1_189069901_189070200	15675
chr2_2189701_2190000	15676
chr11_17195701_17196000	15677
chr13_103661401_103661700	15678
chr10_46654201_46654500	15679
chr8_57441301_57441600	15680
chr11_68412001_68412300	15681
chr10_133145401_133145700	15682
chr22_35021701_35022000	15683
chr5_122014201_122014500	15684
chr10_98897101_98897400	15685
chr19_7258801_7259100	15686
chr15_45203101_45203400	15687
chr2_197715301_197715600	15688
chr16_61498201_61498500	15689
chr6_10074901_10075200	15690
chr18_8150101_8150400	15691
chr21_15047701_15048000	15692
chr9_118743601_118743900	15693
chr8_145329601_145329900	15694
chr8_125759401_125759700	15695
chr15_86564401_86564700	15696
chr13_68787901_68788200	15697
chr6_33149401_33149700	15698
chr4_117026701_117027000	15699
chr2_148293001_148293300	15700
chr1_188978401_188978700	15701
chr4_177868201_177868500	15702
chr1_216249301_216249600	15703
chr8_99006301_99006600	15704
chr7_84707701_84708000	15705
chr2_59512501_59512800	15706
chr2_31600801_31601100	15707
chr6_170380201_170380500	15708
chr11_6535501_6535800	15709
chr9_117134701_117135000	15710
chr7_53316001_53316300	15711
chr14_21537001_21537300	15712
chr5_44302501_44302800	15713
chr1_59270401_59270700	15714
chr4_141733501_141733800	15715
chr15_61347901_61348200	15716
chr7_90702301_90702600	15717
chr18_50822401_50822700	15718
chr18_56233201_56233500	15719
chr5_85703701_85704000	15720
chr1_163121101_163121400	15721
chr12_75126301_75126600	15722
chr11_103538401_103538700	15723
chr12_44997901_44998200	15724
chr5_136389001_136389300	15725
chr6_164305801_164306100	15726
chr12_103281001_103281300	15727
chr1_227892301_227892600	15728
chr5_176829601_176829900	15729
chr10_88897201_88897500	15730
chr19_12984901_12985200	15731
chr22_24389401_24389700	15732
chr16_60833101_60833400	15733
chr11_37823401_37823700	15734
chr11_101567401_101567700	15735
chr1_37012201_37012500	15736
chr11_118929901_118930200	15737
chr2_169830601_169830900	15738
chr12_91574101_91574400	15739
chr13_64438801_64439100	15740
chr13_36049801_36050100	15741
chr6_15688801_15689100	15742
chr18_44526901_44527200	15743
chr1_227463901_227464200	15744
chr13_34911901_34912200	15745
chr8_31268701_31269000	15746
chr1_18807301_18807600	15747
chr2_185936701_185937000	15748
chr2_119831101_119831400	15749
chr4_90783301_90783600	15750
chr2_45190501_45190800	15751
chr5_119079601_119079900	15752
chr17_5752801_5753100	15753
chr17_79913401_79913700	15754
chr12_40749001_40749300	15755
chr10_8563201_8563500	15756
chr9_88983301_88983600	15757
chr8_72561001_72561300	15758
chr11_34892101_34892400	15759
chr5_147920101_147920400	15760
chr21_37269901_37270200	15761
chr21_39869701_39870000	15762
chr22_24358801_24359100	15763
chr10_53827501_53827800	15764
chr3_149097901_149098200	15765
chr11_32525101_32525400	15766
chr12_39907201_39907500	15767
chr4_134641501_134641800	15768
chr7_125634301_125634600	15769
chr16_63272701_63273000	15770
chr12_30505801_30506100	15771
chr9_120166801_120167100	15772
chr3_99291901_99292200	15773
chr9_88542601_88542900	15774
chr13_31697701_31698000	15775
chr5_116836201_116836500	15776
chr3_174416101_174416400	15777
chr4_3540301_3540600	15778
chr2_38159701_38160000	15779
chr5_140229601_140229900	15780
chr16_15103201_15103500	15781
chr8_82862701_82863000	15782
chr1_235457701_235458000	15783
chr14_50540401_50540700	15784
chr2_149987701_149988000	15785
chr14_106373701_106374000	15786
chr19_34452901_34453200	15787
chr4_114231001_114231300	15788
chr13_104580301_104580600	15789
chr12_62990701_62991000	15790
chr7_150778501_150778800	15791
chr14_49986601_49986900	15792
chr7_25044301_25044600	15793
chr4_91458301_91458600	15794
chr6_90002401_90002700	15795
chr14_95603401_95603700	15796
chr21_18584101_18584400	15797
chr1_18023401_18023700	15798
chr4_95926501_95926800	15799
chr16_76808101_76808400	15800
chr4_166286701_166287000	15801
chr6_120428401_120428700	15802
chr9_140255701_140256000	15803
chr1_107397301_107397600	15804
chr8_90030901_90031200	15805
chr5_136578301_136578600	15806
chr3_63889801_63890100	15807
chr4_12399601_12399900	15808
chr14_44474401_44474700	15809
chr1_23830501_23830800	15810
chr2_5571901_5572200	15811
chr18_50226301_50226600	15812
chr6_101946001_101946300	15813
chr20_11517301_11517600	15814
chr7_85997401_85997700	15815
chr16_49511701_49512000	15816
chr7_14788501_14788800	15817
chr10_19754401_19754700	15818
chr22_20952901_20953200	15819
chr8_115949401_115949700	15820
chr17_44394601_44394900	15821
chr20_62573101_62573400	15822
chr4_53070001_53070300	15823
chr9_36728401_36728700	15824
chr4_69503401_69503700	15825
chr7_99987001_99987300	15826
chr15_93052801_93053100	15827
chr4_187992301_187992600	15828
chr14_106784101_106784400	15829
chr20_7016701_7017000	15830
chr7_963001_963300	15831
chr13_88718701_88719000	15832
chr5_57557701_57558000	15833
chr6_108274501_108274800	15834
chr12_9720601_9720900	15835
chr2_49692001_49692300	15836
chr20_41629801_41630100	15837
chr4_157526401_157526700	15838
chr13_95401801_95402100	15839
chr6_31821601_31821900	15840
chr2_227220301_227220600	15841
chr9_100850101_100850400	15842
chr11_87918601_87918900	15843
chr7_31183501_31183800	15844
chr4_90560701_90561000	15845
chr5_73719301_73719600	15846
chr6_8666101_8666400	15847
chr17_44411401_44411700	15848
chr11_85323001_85323300	15849
chr2_106881901_106882200	15850
chr9_8972401_8972700	15851
chr19_43707901_43708200	15852
chr9_44764801_44765100	15853
chr3_190543501_190543800	15854
chr6_156092101_156092400	15855
chr5_85242001_85242300	15856
chr10_56359801_56360100	15857
chr13_58456801_58457100	15858
chr4_160898701_160899000	15859
chr9_112530001_112530300	15860
chr5_15005701_15006000	15861
chr9_112530301_112530600	15862
chr5_162655201_162655500	15863
chr8_65026801_65027100	15864
chr8_39120901_39121200	15865
chr21_42342001_42342300	15866
chr12_32962501_32962800	15867
chr4_113273701_113274000	15868
chr7_129099601_129099900	15869
chr6_111295201_111295500	15870
chr9_44739901_44740200	15871
chr15_102338401_102338700	15872
chr5_154593001_154593300	15873
chr11_82905901_82906200	15874
chr16_50448301_50448600	15875
chr6_80912401_80912700	15876
chr21_32546401_32546700	15877
chr14_79115701_79116000	15878
chr3_58535401_58535700	15879
chr3_148566601_148566900	15880
chr13_74736901_74737200	15881
chr20_16755001_16755300	15882
chr9_44140201_44140500	15883
chr17_74952901_74953200	15884
chr18_23526901_23527200	15885
chr2_88905301_88905600	15886
chr4_163394401_163394700	15887
chr3_157170001_157170300	15888
chr3_195825601_195825900	15889
chr16_84840001_84840300	15890
chr1_43050301_43050600	15891
chr1_65702701_65703000	15892
chr3_88648801_88649100	15893
chr7_13199401_13199700	15894
chr5_35352601_35352900	15895
chr14_70039501_70039800	15896
chr2_99820501_99820800	15897
chr19_1895401_1895700	15898
chr14_92645701_92646000	15899
chr19_51406801_51407100	15900
chr4_146668801_146669100	15901
chr4_97383301_97383600	15902
chr7_71513401_71513700	15903
chr21_18459601_18459900	15904
chr16_22127101_22127400	15905
chr9_40069501_40069800	15906
chr13_28503001_28503300	15907
chr3_114578101_114578400	15908
chr3_55515001_55515300	15909
chr5_150215701_150216000	15910
chr3_145241401_145241700	15911
chr3_100623001_100623300	15912
chr3_3941701_3942000	15913
chr17_69297001_69297300	15914
chr9_117633001_117633300	15915
chr8_63060901_63061200	15916
chr14_106938301_106938600	15917
chr11_7493101_7493400	15918
chr5_111474001_111474300	15919
chr1_198804001_198804300	15920
chr16_11429401_11429700	15921
chr18_64961701_64962000	15922
chr6_51384301_51384600	15923
chr2_230031601_230031900	15924
chr1_149425801_149426100	15925
chr5_177666601_177666900	15926
chr22_23787001_23787300	15927
chr9_134955001_134955300	15928
chr2_134423401_134423700	15929
chr3_143406901_143407200	15930
chr14_56184601_56184900	15931
chr1_5130001_5130300	15932
chr8_56150401_56150700	15933
chr2_196432801_196433100	15934
chr5_146991301_146991600	15935
chr1_149186101_149186400	15936
chr11_118338901_118339200	15937
chr16_3190801_3191100	15938
chr7_104849701_104850000	15939
chr4_189561601_189561900	15940
chr1_106595101_106595400	15941
chr10_135240901_135241200	15942
chr12_120828601_120828900	15943
chr3_48103201_48103500	15944
chr18_24729001_24729300	15945
chr19_6626701_6627000	15946
chr8_14014201_14014500	15947
chr19_57266101_57266400	15948
chr5_80849701_80850000	15949
chr19_33762601_33762900	15950
chr10_85376701_85377000	15951
chr1_84126601_84126900	15952
chr6_31090801_31091100	15953
chr16_49511401_49511700	15954
chr4_1522501_1522800	15955
chr20_51571801_51572100	15956
chr20_6919501_6919800	15957
chr2_45075001_45075300	15958
chr6_31449301_31449600	15959
chr19_227401_227700	15960
chr1_59858401_59858700	15961
chr3_151383301_151383600	15962
chr2_192606601_192606900	15963
chr2_169666801_169667100	15964
chr14_65367001_65367300	15965
chr10_63955201_63955500	15966
chr8_265501_265800	15967
chr8_133692601_133692900	15968
chr2_7631401_7631700	15969
chr4_115205101_115205400	15970
chr4_101402701_101403000	15971
chr5_127407601_127407900	15972
chr6_28663201_28663500	15973
chr8_650401_650700	15974
chr19_4733701_4734000	15975
chr8_48029701_48030000	15976
chr2_88802701_88803000	15977
chr3_183273001_183273300	15978
chr13_24716701_24717000	15979
chr5_1664101_1664400	15980
chr6_31532101_31532400	15981
chr4_183732001_183732300	15982
chr11_106854601_106854900	15983
chr20_49066801_49067100	15984
chr1_219141901_219142200	15985
chr10_81448201_81448500	15986
chr11_105505201_105505500	15987
chr22_39359701_39360000	15988
chr6_77355601_77355900	15989
chr1_89398801_89399100	15990
chr19_53039401_53039700	15991
chr1_218999701_219000000	15992
chr3_108969601_108969900	15993
chr11_18273301_18273600	15994
chr11_65414701_65415000	15995
chr6_161843701_161844000	15996
chr19_1466101_1466400	15997
chr4_86275201_86275500	15998
chr7_101289901_101290200	15999
chr3_97860001_97860300	16000
chr6_32641201_32641500	16001
chr2_116660101_116660400	16002
chr7_76147501_76147800	16003
chr14_49723501_49723800	16004
chr5_30808201_30808500	16005
chr13_45956101_45956400	16006
chr2_231490501_231490800	16007
chr2_198650101_198650400	16008
chr8_11973601_11973900	16009
chr6_86089801_86090100	16010
chr19_43644901_43645200	16011
chr1_152561401_152561700	16012
chr9_29346901_29347200	16013
chr15_86552401_86552700	16014
chr15_37889101_37889400	16015
chr8_145004101_145004400	16016
chr12_123161101_123161400	16017
chr1_152456701_152457000	16018
chr10_81093601_81093900	16019
chr16_26870401_26870700	16020
chr3_72338101_72338400	16021
chr3_144663001_144663300	16022
chr7_19534501_19534800	16023
chr14_35607301_35607600	16024
chr4_188979901_188980200	16025
chr3_23510701_23511000	16026
chr2_202913701_202914000	16027
chr6_75555001_75555300	16028
chr14_88337101_88337400	16029
chr5_173210701_173211000	16030
chr10_7713901_7714200	16031
chr11_93318901_93319200	16032
chr4_53035501_53035800	16033
chr22_24297001_24297300	16034
chr20_4566601_4566900	16035
chr18_44607301_44607600	16036
chr7_55043401_55043700	16037
chr7_145615201_145615500	16038
chr4_135433201_135433500	16039
chr1_234009901_234010200	16040
chr11_59066101_59066400	16041
chr7_67435801_67436100	16042
chr15_24505801_24506100	16043
chr6_93970501_93970800	16044
chr5_42610801_42611100	16045
chr5_80849401_80849700	16046
chr12_98596801_98597100	16047
chr9_18075001_18075300	16048
chr22_17175601_17175900	16049
chr19_50391601_50391900	16050
chr6_130584901_130585200	16051
chr13_29084401_29084700	16052
chr7_156038401_156038700	16053
chr2_192711001_192711300	16054
chr1_240616801_240617100	16055
chr1_58571701_58572000	16056
chr7_25044901_25045200	16057
chr14_100674301_100674600	16058
chr4_4114501_4114800	16059
chr13_29549701_29550000	16060
chr6_43243801_43244100	16061
chr5_18948301_18948600	16062
chr17_44535601_44535900	16063
chr14_56898601_56898900	16064
chr2_54323101_54323400	16065
chr14_43000201_43000500	16066
chr12_129570601_129570900	16067
chr2_200530201_200530500	16068
chr2_196339201_196339500	16069
chr10_47923201_47923500	16070
chr21_14981401_14981700	16071
chr19_8649901_8650200	16072
chr1_171009001_171009300	16073
chr3_95495701_95496000	16074
chr1_79818001_79818300	16075
chr12_58938001_58938300	16076
chr16_1146301_1146600	16077
chr2_181704901_181705200	16078
chr11_60389701_60390000	16079
chr7_111552301_111552600	16080
chr7_63139501_63139800	16081
chr1_145611301_145611600	16082
chr3_44586901_44587200	16083
chr12_45292501_45292800	16084
chr6_15125401_15125700	16085
chr1_67200901_67201200	16086
chr3_69102901_69103200	16087
chr13_44609401_44609700	16088
chr7_157918801_157919100	16089
chr2_10114201_10114500	16090
chr9_16708501_16708800	16091
chr19_13207801_13208100	16092
chr12_117317101_117317400	16093
chr13_76764001_76764300	16094
chr5_126830701_126831000	16095
chr5_132123301_132123600	16096
chr19_43708201_43708500	16097
chr8_111741901_111742200	16098
chr6_19940401_19940700	16099
chr7_57844501_57844800	16100
chr6_32508001_32508300	16101
chr3_49486801_49487100	16102
chr5_63636601_63636900	16103
chr3_9296701_9297000	16104
chr6_29723101_29723400	16105
chr4_179957101_179957400	16106
chr4_115495201_115495500	16107
chr22_44510101_44510400	16108
chr7_141743401_141743700	16109
chr7_157793401_157793700	16110
chr18_10462201_10462500	16111
chr7_39803101_39803400	16112
chr8_145498801_145499100	16113
chr4_111038101_111038400	16114
chr10_86989801_86990100	16115
chr11_84425701_84426000	16116
chr14_22590301_22590600	16117
chr4_154056901_154057200	16118
chr1_188168401_188168700	16119
chr9_43635901_43636200	16120
chr1_218352301_218352600	16121
chr5_61810501_61810800	16122
chr5_31742401_31742700	16123
chr19_13709101_13709400	16124
chr5_1719001_1719300	16125
chr18_32730601_32730900	16126
chr12_13109401_13109700	16127
chr1_227599201_227599500	16128
chr15_88465801_88466100	16129
chr7_71145901_71146200	16130
chr5_79012501_79012800	16131
chr1_239541301_239541600	16132
chr4_58819501_58819800	16133
chr7_101002201_101002500	16134
chr5_82911601_82911900	16135
chr9_44750401_44750700	16136
chr16_18479401_18479700	16137
chr17_70056301_70056600	16138
chr4_40010701_40011000	16139
chr3_131646001_131646300	16140
chr20_7208101_7208400	16141
chr20_62763601_62763900	16142
chr4_15164101_15164400	16143
chr19_38378401_38378700	16144
chr1_196395601_196395900	16145
chr4_111266101_111266400	16146
chr1_84746401_84746700	16147
chr18_44304901_44305200	16148
chr4_61252501_61252800	16149
chr1_188206201_188206500	16150
chr5_117372001_117372300	16151
chr4_97645201_97645500	16152
chr4_30064801_30065100	16153
chr8_18943801_18944100	16154
chr1_58313101_58313400	16155
chr6_25265701_25266000	16156
chr12_126248401_126248700	16157
chr1_72584401_72584700	16158
chr6_9100801_9101100	16159
chr16_26337901_26338200	16160
chr8_12232201_12232500	16161
chr6_169391101_169391400	16162
chr10_113344801_113345100	16163
chr19_38886301_38886600	16164
chr9_118436401_118436700	16165
chr4_15792601_15792900	16166
chr9_14895901_14896200	16167
chr3_148512901_148513200	16168
chr1_221050201_221050500	16169
chr7_53199901_53200200	16170
chr4_74565601_74565900	16171
chr12_131144101_131144400	16172
chr3_88354501_88354800	16173
chr15_87599401_87599700	16174
chr20_40943401_40943700	16175
chr1_156977101_156977400	16176
chr13_80134201_80134500	16177
chr7_93191401_93191700	16178
chr14_60170701_60171000	16179
chr3_113552401_113552700	16180
chr5_114636001_114636300	16181
chr9_74103601_74103900	16182
chr12_59233801_59234100	16183
chr7_37392601_37392900	16184
chr2_173811301_173811600	16185
chr6_156061801_156062100	16186
chr7_6590701_6591000	16187
chr6_115719301_115719600	16188
chr9_40025101_40025400	16189
chr2_162150601_162150900	16190
chr8_97065901_97066200	16191
chr10_130331401_130331700	16192
chr14_92437501_92437800	16193
chr8_70041601_70041900	16194
chr7_95729401_95729700	16195
chr1_218379001_218379300	16196
chr8_76378501_76378800	16197
chr1_233724001_233724300	16198
chr1_166338601_166338900	16199
chr8_145103101_145103400	16200
chr8_38589301_38589600	16201
chr6_43299901_43300200	16202
chr2_45218101_45218400	16203
chr2_29229001_29229300	16204
chr6_31034701_31035000	16205
chr3_189543301_189543600	16206
chr10_49862701_49863000	16207
chr3_170118001_170118300	16208
chr6_31358401_31358700	16209
chr17_75883801_75884100	16210
chr8_136996501_136996800	16211
chr5_177523201_177523500	16212
chr3_169828801_169829100	16213
chr17_73585801_73586100	16214
chr11_127212601_127212900	16215
chr4_74313001_74313300	16216
chr6_29672701_29673000	16217
chr10_133089001_133089300	16218
chr9_115847101_115847400	16219
chr4_93384901_93385200	16220
chr22_27605701_27606000	16221
chr2_154349401_154349700	16222
chr3_110203201_110203500	16223
chr7_127035301_127035600	16224
chr2_86206201_86206500	16225
chr5_105582001_105582300	16226
chr8_11946001_11946300	16227
chr8_59616601_59616900	16228
chr18_24134101_24134400	16229
chr2_99015001_99015300	16230
chr19_55001701_55002000	16231
chr2_187338001_187338300	16232
chr19_53487001_53487300	16233
chr4_148279201_148279500	16234
chr1_78797401_78797700	16235
chr3_145081801_145082100	16236
chr1_168993301_168993600	16237
chr19_407701_408000	16238
chr10_51253501_51253800	16239
chr9_102685201_102685500	16240
chr6_134735401_134735700	16241
chr16_80043901_80044200	16242
chr11_94248601_94248900	16243
chr6_9162601_9162900	16244
chr5_40426201_40426500	16245
chr2_119060701_119061000	16246
chr8_126862201_126862500	16247
chr17_10130701_10131000	16248
chr21_42341701_42342000	16249
chr2_182832301_182832600	16250
chr15_98026801_98027100	16251
chr16_64908301_64908600	16252
chr12_67582801_67583100	16253
chr12_54245101_54245400	16254
chr20_62763301_62763600	16255
chr21_47581801_47582100	16256
chr9_131155201_131155500	16257
chr8_595501_595800	16258
chr10_110698801_110699100	16259
chr15_91373401_91373700	16260
chr10_45161401_45161700	16261
chr6_125539201_125539500	16262
chr6_37018201_37018500	16263
chr20_7639801_7640100	16264
chr20_15452701_15453000	16265
chr14_102991801_102992100	16266
chr13_60854701_60855000	16267
chr21_15607501_15607800	16268
chr2_43189501_43189800	16269
chr4_28778101_28778400	16270
chr9_38324701_38325000	16271
chr9_106887301_106887600	16272
chr17_51914101_51914400	16273
chr3_137107501_137107800	16274
chr5_73638001_73638300	16275
chr5_142743301_142743600	16276
chr3_150390601_150390900	16277
chr13_79132801_79133100	16278
chr3_176079901_176080200	16279
chr16_55798501_55798800	16280
chr3_166305601_166305900	16281
chr15_66537301_66537600	16282
chr13_60316501_60316800	16283
chr6_92745901_92746200	16284
chr13_80994001_80994300	16285
chr18_9458701_9459000	16286
chr19_16197301_16197600	16287
chr2_169268101_169268400	16288
chr2_75938701_75939000	16289
chr20_56382601_56382900	16290
chr15_55555201_55555500	16291
chr7_143325601_143325900	16292
chr13_28501801_28502100	16293
chr4_130589701_130590000	16294
chr2_181814101_181814400	16295
chr9_101064301_101064600	16296
chr12_21552601_21552900	16297
chr19_7928101_7928400	16298
chr9_118686901_118687200	16299
chr4_190235701_190236000	16300
chr5_98831101_98831400	16301
chr7_55287301_55287600	16302
chr2_228998401_228998700	16303
chr14_61169701_61170000	16304
chr10_20642401_20642700	16305
chr2_14526601_14526900	16306
chr6_7456801_7457100	16307
chr3_113966401_113966700	16308
chr11_59467201_59467500	16309
chr12_47693401_47693700	16310
chr12_92721601_92721900	16311
chr13_36871501_36871800	16312
chr8_57471301_57471600	16313
chr16_20140801_20141100	16314
chr4_48799501_48799800	16315
chr12_58938301_58938600	16316
chr12_92027701_92028000	16317
chr7_35761501_35761800	16318
chr7_105571801_105572100	16319
chr4_180827701_180828000	16320
chr2_66673501_66673800	16321
chr11_89798701_89799000	16322
chr10_133190101_133190400	16323
chr1_217309801_217310100	16324
chr5_167286301_167286600	16325
chr5_134316901_134317200	16326
chr6_168993901_168994200	16327
chr5_80874301_80874600	16328
chr6_91364101_91364400	16329
chr9_141021001_141021300	16330
chr2_67063801_67064100	16331
chr7_93507001_93507300	16332
chr10_89275801_89276100	16333
chr8_23596501_23596800	16334
chr1_94290001_94290300	16335
chr20_19061101_19061400	16336
chr8_1113601_1113900	16337
chr13_54604501_54604800	16338
chr17_3848101_3848400	16339
chr14_40621501_40621800	16340
chr14_20778301_20778600	16341
chr1_54924301_54924600	16342
chr14_41121601_41121900	16343
chr10_132909301_132909600	16344
chr6_68983201_68983500	16345
chr2_195452101_195452400	16346
chr5_31840501_31840800	16347
chr6_109878001_109878300	16348
chr17_39419401_39419700	16349
chr4_63080101_63080400	16350
chr21_10440001_10440300	16351
chr10_13791901_13792200	16352
chr8_98128201_98128500	16353
chr18_45706201_45706500	16354
chr5_93915901_93916200	16355
chr9_12203701_12204000	16356
chr11_95646901_95647200	16357
chr8_109614901_109615200	16358
chr5_172728001_172728300	16359
chr7_144947401_144947700	16360
chr11_21912301_21912600	16361
chr6_23712601_23712900	16362
chr8_144000601_144000900	16363
chr8_58609201_58609500	16364
chr20_44274301_44274600	16365
chr3_84540001_84540300	16366
chr3_42900301_42900600	16367
chr9_94325701_94326000	16368
chr17_18381301_18381600	16369
chr15_68305201_68305500	16370
chr2_205174201_205174500	16371
chr18_53816101_53816400	16372
chr12_72774601_72774900	16373
chr6_36306001_36306300	16374
chr16_32130901_32131200	16375
chr7_71952601_71952900	16376
chr16_32296201_32296500	16377
chr11_12652201_12652500	16378
chr21_25587001_25587300	16379
chr6_72571801_72572100	16380
chr7_143796001_143796300	16381
chr5_76208701_76209000	16382
chr7_155598601_155598900	16383
chr6_103739701_103740000	16384
chr12_9718201_9718500	16385
chr4_69428401_69428700	16386
chr16_78378601_78378900	16387
chr3_12796501_12796800	16388
chr9_129522601_129522900	16389
chr17_79610101_79610400	16390
chr1_74827201_74827500	16391
chr9_44272801_44273100	16392
chr15_52123801_52124100	16393
chr18_29994601_29994900	16394
chr5_124196701_124197000	16395
chr20_7116901_7117200	16396
chr4_171419701_171420000	16397
chr6_31191901_31192200	16398
chr21_44972101_44972400	16399
chr9_89185501_89185800	16400
chr14_39223801_39224100	16401
chr2_52783801_52784100	16402
chr3_1482901_1483200	16403
chr9_18984601_18984900	16404
chr3_149378701_149379000	16405
chr12_98383201_98383500	16406
chr5_119811001_119811300	16407
chr2_24690601_24690900	16408
chr4_74565301_74565600	16409
chr6_106805701_106806000	16410
chr13_61104001_61104300	16411
chr8_38757601_38757900	16412
chr9_133542601_133542900	16413
chr4_55137901_55138200	16414
chr6_130986601_130986900	16415
chr10_5345401_5345700	16416
chr10_114678901_114679200	16417
chr6_110550301_110550600	16418
chr5_143463601_143463900	16419
chr7_114678001_114678300	16420
chr3_193973101_193973400	16421
chr3_194955601_194955900	16422
chr1_66264301_66264600	16423
chr1_163436701_163437000	16424
chr12_55348501_55348800	16425
chr2_178568401_178568700	16426
chr3_55901101_55901400	16427
chr7_66330601_66330900	16428
chr3_4028401_4028700	16429
chr6_82753501_82753800	16430
chr1_19829101_19829400	16431
chr17_44582701_44583000	16432
chr10_26355601_26355900	16433
chr11_87985801_87986100	16434
chr2_85645501_85645800	16435
chr2_141082501_141082800	16436
chr17_31791301_31791600	16437
chr9_75088201_75088500	16438
chr3_165232501_165232800	16439
chr17_42719701_42720000	16440
chr3_63791101_63791400	16441
chr19_4327201_4327500	16442
chr3_115024501_115024800	16443
chr5_152753401_152753700	16444
chr16_1550101_1550400	16445
chr20_51227701_51228000	16446
chr7_108006901_108007200	16447
chr5_74227201_74227500	16448
chr8_32301601_32301900	16449
chr7_25258501_25258800	16450
chr9_32803801_32804100	16451
chr21_44011501_44011800	16452
chr8_51835501_51835800	16453
chr3_134386801_134387100	16454
chr18_37228501_37228800	16455
chr9_44515501_44515800	16456
chr14_86065801_86066100	16457
chr3_14259901_14260200	16458
chr20_38159401_38159700	16459
chr7_10406101_10406400	16460
chr11_84046201_84046500	16461
chr12_9697801_9698100	16462
chr11_119200801_119201100	16463
chr2_35216701_35217000	16464
chr10_110806201_110806500	16465
chr17_55116301_55116600	16466
chr3_44943901_44944200	16467
chr1_35627101_35627400	16468
chr1_80796901_80797200	16469
chr15_37425001_37425300	16470
chr3_127056901_127057200	16471
chr1_104792101_104792400	16472
chr13_48068101_48068400	16473
chr17_69909601_69909900	16474
chr4_159902101_159902400	16475
chr12_132880801_132881100	16476
chr3_121883401_121883700	16477
chr4_32526301_32526600	16478
chr2_225324301_225324600	16479
chr15_60424501_60424800	16480
chr18_77166001_77166300	16481
chr15_41675401_41675700	16482
chr8_8638801_8639100	16483
chr3_79966201_79966500	16484
chr12_85752601_85752900	16485
chr20_6213301_6213600	16486
chr5_28277701_28278000	16487
chr9_137765101_137765400	16488
chr16_88113001_88113300	16489
chr11_30634201_30634500	16490
chr3_161814001_161814300	16491
chr11_10680301_10680600	16492
chr21_47408101_47408400	16493
chr2_173533501_173533800	16494
chr6_53876401_53876700	16495
chr3_57534301_57534600	16496
chr12_61953001_61953300	16497
chr2_3421801_3422100	16498
chr9_115842001_115842300	16499
chr4_20422201_20422500	16500
chr9_84151501_84151800	16501
chr17_67044301_67044600	16502
chr12_69478801_69479100	16503
chr3_174069901_174070200	16504
chr10_44988901_44989200	16505
chr10_83489101_83489400	16506
chr17_63747001_63747300	16507
chr7_105677401_105677700	16508
chr19_7680001_7680300	16509
chr18_31440001_31440300	16510
chr17_61964101_61964400	16511
chr5_42265201_42265500	16512
chr3_69544201_69544500	16513
chr5_67608601_67608900	16514
chr17_60556201_60556500	16515
chr11_86130301_86130600	16516
chr7_32028601_32028900	16517
chr3_139970401_139970700	16518
chr7_52386301_52386600	16519
chr15_50774101_50774400	16520
chr7_96948301_96948600	16521
chr4_98259301_98259600	16522
chr9_2446201_2446500	16523
chr14_99133501_99133800	16524
chr1_83443201_83443500	16525
chr7_63626701_63627000	16526
chr7_144843901_144844200	16527
chr13_99759901_99760200	16528
chr1_69280201_69280500	16529
chr5_77223601_77223900	16530
chr15_76885501_76885800	16531
chr7_29598001_29598300	16532
chr2_219695701_219696000	16533
chr15_97813501_97813800	16534
chr2_126704101_126704400	16535
chr13_81937801_81938100	16536
chr12_18332401_18332700	16537
chr14_31365601_31365900	16538
chr19_45013801_45014100	16539
chr2_37729201_37729500	16540
chr4_102591901_102592200	16541
chr10_31673701_31674000	16542
chr2_88327201_88327500	16543
chr8_123308401_123308700	16544
chr12_20064301_20064600	16545
chr6_32330101_32330400	16546
chr3_79599001_79599300	16547
chr3_147820501_147820800	16548
chr19_21309301_21309600	16549
chr3_38932501_38932800	16550
chr1_215042401_215042700	16551
chr6_144453301_144453600	16552
chr5_85363801_85364100	16553
chr22_20779801_20780100	16554
chr8_65592601_65592900	16555
chr7_102858901_102859200	16556
chr5_110403601_110403900	16557
chr5_143653501_143653800	16558
chr6_10266601_10266900	16559
chr4_48800701_48801000	16560
chr14_64649701_64650000	16561
chr2_233055301_233055600	16562
chr2_156314401_156314700	16563
chr1_59750701_59751000	16564
chr9_29346601_29346900	16565
chr12_131481601_131481900	16566
chr1_190379101_190379400	16567
chr1_179428501_179428800	16568
chr19_28798201_28798500	16569
chr9_76742401_76742700	16570
chr4_95091301_95091600	16571
chr8_39331201_39331500	16572
chr5_30358801_30359100	16573
chr19_34623901_34624200	16574
chr2_51029401_51029700	16575
chr9_77408701_77409000	16576
chr7_103863601_103863900	16577
chr1_241726201_241726500	16578
chr3_112810201_112810500	16579
chr8_99006001_99006300	16580
chr10_26979001_26979300	16581
chr6_24381901_24382200	16582
chr2_63108301_63108600	16583
chr2_175574401_175574700	16584
chr15_56546401_56546700	16585
chr6_112236001_112236300	16586
chr16_60674101_60674400	16587
chr1_64426501_64426800	16588
chr17_36622801_36623100	16589
chr1_149148601_149148900	16590
chr8_28929001_28929300	16591
chr15_96260101_96260400	16592
chr16_47830201_47830500	16593
chr2_38418601_38418900	16594
chr9_23133001_23133300	16595
chr2_105793501_105793800	16596
chr11_60177001_60177300	16597
chr10_91266601_91266900	16598
chr11_120120601_120120900	16599
chr3_146310601_146310900	16600
chr5_44440501_44440800	16601
chr4_145424101_145424400	16602
chr2_112896901_112897200	16603
chr9_196201_196500	16604
chr12_86197201_86197500	16605
chr12_9393001_9393300	16606
chr6_2560201_2560500	16607
chr16_59492701_59493000	16608
chr1_78886501_78886800	16609
chr16_63210901_63211200	16610
chr7_15253801_15254100	16611
chr1_152475901_152476200	16612
chr4_42396901_42397200	16613
chr8_143695201_143695500	16614
chr18_48304501_48304800	16615
chr10_36824401_36824700	16616
chr20_15453301_15453600	16617
chr1_221678701_221679000	16618
chr17_81123001_81123300	16619
chr7_122610001_122610300	16620
chr2_202969501_202969800	16621
chr5_79713601_79713900	16622
chr3_70260001_70260300	16623
chr6_37312201_37312500	16624
chr2_238854901_238855200	16625
chr3_119578201_119578500	16626
chr2_10801_11100	16627
chr1_221222101_221222400	16628
chr17_75240301_75240600	16629
chr18_61391101_61391400	16630
chr5_156408001_156408300	16631
chr2_43913101_43913400	16632
chr13_63879901_63880200	16633
chr22_32434801_32435100	16634
chr6_44244001_44244300	16635
chr12_119893201_119893500	16636
chr6_106148701_106149000	16637
chr5_176559601_176559900	16638
chr9_134229901_134230200	16639
chr4_177985501_177985800	16640
chr6_117992701_117993000	16641
chr1_240138301_240138600	16642
chr8_113064001_113064300	16643
chr16_63205201_63205500	16644
chr5_1246201_1246500	16645
chr15_67233001_67233300	16646
chr14_50287801_50288100	16647
chr1_94839001_94839300	16648
chr16_7824901_7825200	16649
chr5_70821001_70821300	16650
chr3_62295301_62295600	16651
chr19_40401301_40401600	16652
chr14_53811001_53811300	16653
chr12_132401701_132402000	16654
chr8_111318301_111318600	16655
chr18_67368301_67368600	16656
chr5_172645201_172645500	16657
chr3_52815001_52815300	16658
chr2_188398501_188398800	16659
chr19_34535401_34535700	16660
chr5_143653801_143654100	16661
chr4_156550501_156550800	16662
chr5_145094101_145094400	16663
chr8_32124601_32124900	16664
chr20_30001801_30002100	16665
chr22_42404101_42404400	16666
chr1_153002401_153002700	16667
chr11_83204101_83204400	16668
chr1_229819501_229819800	16669
chr1_168972301_168972600	16670
chr6_63659101_63659400	16671
chr18_71107501_71107800	16672
chr9_88773001_88773300	16673
chr9_107375101_107375400	16674
chr3_144556501_144556800	16675
chr4_1188301_1188600	16676
chr9_126262501_126262800	16677
chr6_108463801_108464100	16678
chr3_121427701_121428000	16679
chr9_40060801_40061100	16680
chr1_75844201_75844500	16681
chr4_180413701_180414000	16682
chr2_62892301_62892600	16683
chr5_23055301_23055600	16684
chr5_180354601_180354900	16685
chr5_166328701_166329000	16686
chr12_58542601_58542900	16687
chr10_14760301_14760600	16688
chr1_189969601_189969900	16689
chr9_44814001_44814300	16690
chr1_48637801_48638100	16691
chr11_114891601_114891900	16692
chr1_194000701_194001000	16693
chr21_43285501_43285800	16694
chr11_111088801_111089100	16695
chr17_44461501_44461800	16696
chr3_168701101_168701400	16697
chr6_31943701_31944000	16698
chr8_76131301_76131600	16699
chr6_11838601_11838900	16700
chr12_113531101_113531400	16701
chr10_2386501_2386800	16702
chr20_56333401_56333700	16703
chr17_69525001_69525300	16704
chr7_35085301_35085600	16705
chr8_143323501_143323800	16706
chr5_97841701_97842000	16707
chr13_46446901_46447200	16708
chr7_76245901_76246200	16709
chr1_21828901_21829200	16710
chr1_239737801_239738100	16711
chr13_89186101_89186400	16712
chr5_178986601_178986900	16713
chr4_160172101_160172400	16714
chr3_7704001_7704300	16715
chr4_103764001_103764300	16716
chr3_82197901_82198200	16717
chr2_242949301_242949600	16718
chr14_59609101_59609400	16719
chr14_25866301_25866600	16720
chr4_74355001_74355300	16721
chr3_108787501_108787800	16722
chr2_181103401_181103700	16723
chr10_113750701_113751000	16724
chr1_93635701_93636000	16725
chr12_122016601_122016900	16726
chr20_2803201_2803500	16727
chr3_129778801_129779100	16728
chr13_49894501_49894800	16729
chr20_58919401_58919700	16730
chr19_47960401_47960700	16731
chr8_118473901_118474200	16732
chr19_41349601_41349900	16733
chr8_41445901_41446200	16734
chr7_11677501_11677800	16735
chr4_188047801_188048100	16736
chr5_115270801_115271100	16737
chr1_219790201_219790500	16738
chr6_32210101_32210400	16739
chr20_51876301_51876600	16740
chr12_102283201_102283500	16741
chr10_31208101_31208400	16742
chr10_87491401_87491700	16743
chr20_30002101_30002400	16744
chr2_41475301_41475600	16745
chr2_74106301_74106600	16746
chr4_184656901_184657200	16747
chr7_450901_451200	16748
chr8_3933301_3933600	16749
chr12_69509101_69509400	16750
chr10_71571601_71571900	16751
chr2_235557901_235558200	16752
chr16_18733801_18734100	16753
chr4_78820801_78821100	16754
chr3_97950301_97950600	16755
chr6_32229601_32229900	16756
chr5_108251401_108251700	16757
chr19_16038301_16038600	16758
chr9_86994301_86994600	16759
chr2_227950801_227951100	16760
chr9_122431201_122431500	16761
chr1_221978101_221978400	16762
chr14_106794901_106795200	16763
chr5_153285901_153286200	16764
chr19_48526501_48526800	16765
chr8_74019901_74020200	16766
chr3_182245801_182246100	16767
chr2_132523801_132524100	16768
chr22_22472701_22473000	16769
chr7_53894101_53894400	16770
chr2_10113901_10114200	16771
chr2_242932201_242932500	16772
chr11_78500401_78500700	16773
chr8_47946301_47946600	16774
chr3_128372101_128372400	16775
chr4_55137601_55137900	16776
chr12_31053601_31053900	16777
chr18_69192901_69193200	16778
chr19_43856701_43857000	16779
chr2_109141801_109142100	16780
chr17_9979201_9979500	16781
chr5_61391401_61391700	16782
chr7_146986201_146986500	16783
chr6_92852701_92853000	16784
chr3_65245801_65246100	16785
chr8_18383401_18383700	16786
chr2_165334801_165335100	16787
chr12_59542501_59542800	16788
chr3_56618101_56618400	16789
chr12_89086201_89086500	16790
chr4_63080401_63080700	16791
chr2_58148401_58148700	16792
chr7_70172101_70172400	16793
chr7_1553101_1553400	16794
chr4_187884301_187884600	16795
chr2_241721701_241722000	16796
chr11_112917301_112917600	16797
chr6_8574901_8575200	16798
chr1_101373301_101373600	16799
chr2_62848201_62848500	16800
chr10_65897701_65898000	16801
chr3_30800401_30800700	16802
chr11_132492001_132492300	16803
chr4_163312201_163312500	16804
chr10_8338801_8339100	16805
chr6_31177801_31178100	16806
chr7_109323601_109323900	16807
chr13_23290201_23290500	16808
chr19_21309601_21309900	16809
chr7_146643301_146643600	16810
chr19_55314601_55314900	16811
chr4_141921301_141921600	16812
chr6_6952801_6953100	16813
chr4_40034101_40034400	16814
chr5_33893701_33894000	16815
chr12_132641101_132641400	16816
chr4_144687901_144688200	16817
chr10_109457101_109457400	16818
chr15_90544201_90544500	16819
chr10_7084201_7084500	16820
chr20_5433601_5433900	16821
chr6_32706901_32707200	16822
chr11_95467801_95468100	16823
chr5_44852701_44853000	16824
chr14_62226301_62226600	16825
chr5_173985301_173985600	16826
chr21_26402401_26402700	16827
chr12_18252601_18252900	16828
chr1_210297301_210297600	16829
chr8_64637401_64637700	16830
chr6_82658101_82658400	16831
chr21_16838401_16838700	16832
chr1_103778701_103779000	16833
chr1_53192701_53193000	16834
chr14_89540101_89540400	16835
chr7_118949701_118950000	16836
chr17_5674801_5675100	16837
chr3_184471201_184471500	16838
chr9_76935901_76936200	16839
chr6_91708201_91708500	16840
chr1_110688301_110688600	16841
chr21_43161301_43161600	16842
chr11_134941501_134941800	16843
chr18_42786901_42787200	16844
chr8_136163401_136163700	16845
chr9_116873101_116873400	16846
chr11_23971501_23971800	16847
chr15_78261301_78261600	16848
chr7_158047201_158047500	16849
chr19_51560701_51561000	16850
chr9_124280701_124281000	16851
chr6_29895901_29896200	16852
chr3_87851101_87851400	16853
chr3_129765601_129765900	16854
chr15_25932001_25932300	16855
chr5_83456401_83456700	16856
chr7_25057201_25057500	16857
chr9_113655001_113655300	16858
chr10_102883201_102883500	16859
chr19_33691201_33691500	16860
chr22_23099101_23099400	16861
chr9_34211701_34212000	16862
chr12_109626301_109626600	16863
chr17_56220001_56220300	16864
chr1_249142201_249142500	16865
chr18_75822301_75822600	16866
chr2_8597401_8597700	16867
chr14_44668801_44669100	16868
chr10_26630401_26630700	16869
chr9_98224801_98225100	16870
chr14_75460801_75461100	16871
chr7_119120101_119120400	16872
chr14_85404301_85404600	16873
chr21_33332401_33332700	16874
chr20_3795301_3795600	16875
chr10_121713001_121713300	16876
chr11_2353801_2354100	16877
chr12_28214701_28215000	16878
chr14_47996701_47997000	16879
chr4_63696001_63696300	16880
chr11_10701901_10702200	16881
chr9_107301601_107301900	16882
chr12_114179401_114179700	16883
chr6_32534101_32534400	16884
chr17_66569401_66569700	16885
chr6_89226601_89226900	16886
chr5_167484901_167485200	16887
chr3_48651301_48651600	16888
chr3_165860401_165860700	16889
chr15_71399401_71399700	16890
chr7_21044401_21044700	16891
chr6_109913101_109913400	16892
chr7_152190901_152191200	16893
chr6_32247301_32247600	16894
chr3_174949801_174950100	16895
chr3_99807601_99807900	16896
chr1_248070001_248070300	16897
chr9_119037901_119038200	16898
chr5_152595301_152595600	16899
chr11_32391901_32392200	16900
chr4_69503701_69504000	16901
chr2_191699101_191699400	16902
chr6_58355101_58355400	16903
chr3_139428601_139428900	16904
chr10_116547301_116547600	16905
chr3_147388201_147388500	16906
chr14_105506701_105507000	16907
chr6_131704501_131704800	16908
chr2_190495801_190496100	16909
chr16_17019901_17020200	16910
chr11_80899201_80899500	16911
chr7_65973601_65973900	16912
chr9_121805101_121805400	16913
chr1_34800601_34800900	16914
chr20_23262601_23262900	16915
chr4_130590601_130590900	16916
chr11_32871601_32871900	16917
chr1_230803801_230804100	16918
chr4_55859701_55860000	16919
chr10_77168101_77168400	16920
chr18_48639601_48639900	16921
chr1_214929601_214929900	16922
chr6_28511701_28512000	16923
chr6_29824501_29824800	16924
chr10_53387701_53388000	16925
chr4_23165701_23166000	16926
chr15_57652501_57652800	16927
chr7_108536101_108536400	16928
chr11_72432601_72432900	16929
chr5_140399701_140400000	16930
chr12_12208801_12209100	16931
chr12_5846701_5847000	16932
chr13_23537401_23537700	16933
chr3_105797401_105797700	16934
chr1_1184401_1184700	16935
chr5_108027301_108027600	16936
chr1_167146201_167146500	16937
chr5_122465401_122465700	16938
chr4_90560401_90560700	16939
chr1_151571701_151572000	16940
chr3_40071601_40071900	16941
chr15_65341801_65342100	16942
chr16_90148501_90148800	16943
chr3_55516501_55516800	16944
chr10_9225301_9225600	16945
chr6_130986301_130986600	16946
chr18_30362101_30362400	16947
chr5_66927301_66927600	16948
chr5_23840701_23841000	16949
chr2_99752701_99753000	16950
chr2_206841901_206842200	16951
chr1_38596201_38596500	16952
chr2_12134101_12134400	16953
chr2_119952901_119953200	16954
chr5_95357101_95357400	16955
chr5_150221701_150222000	16956
chr2_78937801_78938100	16957
chr9_82559401_82559700	16958
chr10_108491701_108492000	16959
chr5_4363201_4363500	16960
chr20_1083301_1083600	16961
chr6_1476001_1476300	16962
chr16_67023001_67023300	16963
chr18_52453201_52453500	16964
chr10_8167801_8168100	16965
chr4_4151701_4152000	16966
chr4_190235401_190235700	16967
chr11_128064601_128064900	16968
chr8_60305401_60305700	16969
chr16_85337101_85337400	16970
chr8_25067701_25068000	16971
chr7_115291201_115291500	16972
chr3_37114201_37114500	16973
chr4_186978601_186978900	16974
chr10_3148501_3148800	16975
chr4_172136101_172136400	16976
chr3_64609801_64610100	16977
chr1_81442201_81442500	16978
chr12_6538201_6538500	16979
chr12_43239601_43239900	16980
chr7_119084401_119084700	16981
chr7_149856001_149856300	16982
chr1_933601_933900	16983
chr6_27467701_27468000	16984
chr16_56750101_56750400	16985
chr5_67965901_67966200	16986
chr6_164988301_164988600	16987
chr7_115887001_115887300	16988
chr19_53097301_53097600	16989
chr14_37845001_37845300	16990
chr3_9568501_9568800	16991
chr8_76378801_76379100	16992
chr9_113226001_113226300	16993
chr1_186370501_186370800	16994
chr15_63389701_63390000	16995
chr7_80802001_80802300	16996
chr17_54710701_54711000	16997
chr16_59811001_59811300	16998
chr5_40262701_40263000	16999
chr2_110970001_110970300	17000
chr19_41711101_41711400	17001
chr4_25056601_25056900	17002
chr6_133008001_133008300	17003
chr1_25629601_25629900	17004
chr4_140140801_140141100	17005
chr22_17266201_17266500	17006
chr8_141608401_141608700	17007
chr2_45531301_45531600	17008
chr15_62562001_62562300	17009
chr7_2573701_2574000	17010
chr8_11790901_11791200	17011
chr22_39373501_39373800	17012
chr22_23056501_23056800	17013
chr7_120841501_120841800	17014
chr17_63656101_63656400	17015
chr5_146072701_146073000	17016
chr2_110797201_110797500	17017
chr8_130108801_130109100	17018
chr9_114129001_114129300	17019
chr16_12642601_12642900	17020
chr8_112296901_112297200	17021
chr8_77652601_77652900	17022
chr6_121881001_121881300	17023
chr21_15387001_15387300	17024
chr7_71952901_71953200	17025
chr9_122307001_122307300	17026
chr3_187151101_187151400	17027
chr2_102195301_102195600	17028
chr9_23363701_23364000	17029
chr19_1877101_1877400	17030
chr3_20482501_20482800	17031
chr3_7484701_7485000	17032
chr2_171739201_171739500	17033
chr7_55340401_55340700	17034
chr15_59102701_59103000	17035
chr1_226387501_226387800	17036
chr10_81205501_81205800	17037
chr19_20174401_20174700	17038
chr2_30120601_30120900	17039
chr8_32356201_32356500	17040
chr2_13448701_13449000	17041
chr11_64875601_64875900	17042
chr21_22360501_22360800	17043
chr6_2366401_2366700	17044
chr1_175396801_175397100	17045
chr10_26615101_26615400	17046
chr11_134700601_134700900	17047
chr7_43462201_43462500	17048
chr3_105792901_105793200	17049
chr10_8541901_8542200	17050
chr7_44910901_44911200	17051
chr7_82587601_82587900	17052
chr1_13779901_13780200	17053
chr4_165892801_165893100	17054
chr4_130031701_130032000	17055
chr13_67372201_67372500	17056
chr13_71720401_71720700	17057
chr6_32712901_32713200	17058
chr4_111266401_111266700	17059
chr5_12006901_12007200	17060
chr2_113557801_113558100	17061
chr12_33417301_33417600	17062
chr17_55119901_55120200	17063
chr20_12790201_12790500	17064
chr17_3302401_3302700	17065
chr8_76708201_76708500	17066
chr9_122044801_122045100	17067
chr3_41882701_41883000	17068
chr2_66582901_66583200	17069
chr22_25896901_25897200	17070
chr6_10279501_10279800	17071
chr8_116741101_116741400	17072
chr5_28719901_28720200	17073
chr16_65423101_65423400	17074
chr5_112956001_112956300	17075
chr9_31267801_31268100	17076
chr10_82566001_82566300	17077
chr6_96591301_96591600	17078
chr14_84248401_84248700	17079
chr7_35624101_35624400	17080
chr1_105506701_105507000	17081
chr4_74411401_74411700	17082
chr4_38517901_38518200	17083
chr7_130867501_130867800	17084
chr3_66036301_66036600	17085
chr17_42626101_42626400	17086
chr19_43726201_43726500	17087
chr9_29541301_29541600	17088
chr5_153074101_153074400	17089
chr7_142656301_142656600	17090
chr12_114040801_114041100	17091
chr9_138216901_138217200	17092
chr4_21323701_21324000	17093
chr4_69445801_69446100	17094
chr4_148073401_148073700	17095
chr20_47019601_47019900	17096
chr1_13320601_13320900	17097
chr11_15504001_15504300	17098
chr3_156329701_156330000	17099
chr19_14097001_14097300	17100
chr2_44415901_44416200	17101
chr12_117316801_117317100	17102
chr5_115494001_115494300	17103
chr4_77024401_77024700	17104
chr1_11668801_11669100	17105
chr14_86439901_86440200	17106
chr12_57494401_57494700	17107
chr7_52829701_52830000	17108
chr12_110206201_110206500	17109
chr12_58646101_58646400	17110
chr1_111433201_111433500	17111
chr5_53068201_53068500	17112
chr4_163985401_163985700	17113
chr13_47587801_47588100	17114
chr10_127939801_127940100	17115
chr3_56397601_56397900	17116
chr2_132560101_132560400	17117
chr12_117642901_117643200	17118
chr11_11402701_11403000	17119
chr1_97583701_97584000	17120
chr16_16198201_16198500	17121
chr6_83008201_83008500	17122
chr11_116088001_116088300	17123
chr13_19567501_19567800	17124
chr14_106458301_106458600	17125
chr1_236060101_236060400	17126
chr1_173582401_173582700	17127
chr7_14788201_14788500	17128
chr7_11325301_11325600	17129
chr13_42802501_42802800	17130
chr7_38097601_38097900	17131
chr19_24270001_24270300	17132
chr17_11113801_11114100	17133
chr12_9640501_9640800	17134
chr14_54242401_54242700	17135
chr10_92464201_92464500	17136
chr5_39137401_39137700	17137
chr1_1224901_1225200	17138
chr4_31961401_31961700	17139
chr20_62467201_62467500	17140
chr15_26051401_26051700	17141
chr17_50160301_50160600	17142
chr17_62776801_62777100	17143
chr7_65116201_65116500	17144
chr1_156985201_156985500	17145
chr3_10578001_10578300	17146
chr4_45936001_45936300	17147
chr12_119298601_119298900	17148
chr10_30316501_30316800	17149
chr4_162684901_162685200	17150
chr2_76062301_76062600	17151
chr2_131916601_131916900	17152
chr15_72689101_72689400	17153
chr20_9939301_9939600	17154
chr10_47418601_47418900	17155
chr6_55504801_55505100	17156
chr16_28709101_28709400	17157
chr3_21635401_21635700	17158
chr13_68108701_68109000	17159
chr3_160524601_160524900	17160
chr6_120177601_120177900	17161
chr4_63695401_63695700	17162
chr15_93157801_93158100	17163
chr1_67096501_67096800	17164
chr1_191849701_191850000	17165
chr7_82533601_82533900	17166
chr14_89995501_89995800	17167
chr21_41391901_41392200	17168
chr8_129882601_129882900	17169
chr3_164525401_164525700	17170
chr2_241618801_241619100	17171
chr2_142624201_142624500	17172
chr16_53508601_53508900	17173
chr3_136022401_136022700	17174
chr20_31585201_31585500	17175
chr4_187097701_187098000	17176
chr14_105609001_105609300	17177
chr4_100942801_100943100	17178
chr9_78385501_78385800	17179
chr20_15556501_15556800	17180
chr20_13568701_13569000	17181
chr10_43418401_43418700	17182
chr14_73099801_73100100	17183
chr2_18604201_18604500	17184
chr6_103358401_103358700	17185
chr2_8535901_8536200	17186
chr7_146729701_146730000	17187
chr12_18749101_18749400	17188
chr2_140092801_140093100	17189
chr4_53429701_53430000	17190
chr2_82971601_82971900	17191
chr3_188330401_188330700	17192
chr11_88841401_88841700	17193
chr4_105503101_105503400	17194
chr12_104410501_104410800	17195
chr1_245205601_245205900	17196
chr6_44331301_44331600	17197
chr3_187722001_187722300	17198
chr2_71492101_71492400	17199
chr1_193265401_193265700	17200
chr10_48164401_48164700	17201
chr10_46897201_46897500	17202
chr8_24889501_24889800	17203
chr7_51894901_51895200	17204
chr14_25551301_25551600	17205
chr11_43038301_43038600	17206
chr6_31194301_31194600	17207
chr7_102961501_102961800	17208
chr3_89956201_89956500	17209
chr17_52092001_52092300	17210
chr5_45402601_45402900	17211
chr8_116686501_116686800	17212
chr3_89790901_89791200	17213
chr17_52904101_52904400	17214
chr8_37089001_37089300	17215
chr22_26712901_26713200	17216
chr6_148542901_148543200	17217
chr1_172864201_172864500	17218
chr17_11974201_11974500	17219
chr10_13258201_13258500	17220
chr6_170485801_170486100	17221
chr7_29749801_29750100	17222
chr6_157707301_157707600	17223
chr1_74827501_74827800	17224
chr8_60918001_60918300	17225
chr3_139934101_139934400	17226
chr11_430801_431100	17227
chr10_51730201_51730500	17228
chr10_130245601_130245900	17229
chr1_214892401_214892700	17230
chr6_148520701_148521000	17231
chr6_99582001_99582300	17232
chr18_588601_588900	17233
chr11_2812501_2812800	17234
chr1_22677901_22678200	17235
chr4_27556201_27556500	17236
chr9_29921701_29922000	17237
chr12_6290401_6290700	17238
chr9_115842301_115842600	17239
chr16_2166601_2166900	17240
chr3_13811701_13812000	17241
chr4_93542401_93542700	17242
chr3_152903701_152904000	17243
chr12_100213501_100213800	17244
chr11_114080701_114081000	17245
chr8_13494901_13495200	17246
chr9_129785401_129785700	17247
chr15_54947701_54948000	17248
chr1_13138201_13138500	17249
chr8_143997001_143997300	17250
chr5_159033601_159033900	17251
chr5_138448201_138448500	17252
chr1_10486501_10486800	17253
chr1_160539001_160539300	17254
chr9_124188301_124188600	17255
chr10_97638001_97638300	17256
chr5_96898501_96898800	17257
chr22_20096401_20096700	17258
chr6_29840701_29841000	17259
chr3_144850201_144850500	17260
chr12_40047001_40047300	17261
chr19_31495201_31495500	17262
chr1_34039201_34039500	17263
chr11_25222801_25223100	17264
chr6_164311801_164312100	17265
chr11_40617001_40617300	17266
chr11_59472301_59472600	17267
chr19_1082701_1083000	17268
chr5_18541201_18541500	17269
chr9_115830901_115831200	17270
chr1_223733101_223733400	17271
chr2_4644601_4644900	17272
chr3_147096301_147096600	17273
chr19_3973801_3974100	17274
chr8_146196901_146197200	17275
chr10_90421801_90422100	17276
chr1_10977601_10977900	17277
chr1_120333001_120333300	17278
chr10_61492201_61492500	17279
chr3_147820801_147821100	17280
chr14_59435701_59436000	17281
chr10_102599701_102600000	17282
chr20_54572101_54572400	17283
chr2_182177701_182178000	17284
chr14_37578301_37578600	17285
chr2_85518901_85519200	17286
chr9_44582101_44582400	17287
chr22_48249301_48249600	17288
chr5_139806601_139806900	17289
chr7_35424001_35424300	17290
chr21_43708801_43709100	17291
chr4_43825201_43825500	17292
chr7_115887301_115887600	17293
chr4_70214401_70214700	17294
chr9_109011901_109012200	17295
chr9_117633301_117633600	17296
chr1_196148101_196148400	17297
chr12_63172501_63172800	17298
chr1_14299501_14299800	17299
chr4_111733501_111733800	17300
chr4_146393101_146393400	17301
chr8_95095501_95095800	17302
chr21_44203801_44204100	17303
chr2_170518801_170519100	17304
chr10_29473501_29473800	17305
chr6_21299101_21299400	17306
chr7_35084701_35085000	17307
chr3_153106501_153106800	17308
chr5_22058701_22059000	17309
chr2_163882801_163883100	17310
chr4_63674401_63674700	17311
chr5_59351701_59352000	17312
chr9_136589101_136589400	17313
chr4_188281501_188281800	17314
chr8_11566201_11566500	17315
chr5_110508901_110509200	17316
chr6_32778901_32779200	17317
chr14_74013001_74013300	17318
chr12_106498201_106498500	17319
chr10_134941801_134942100	17320
chr8_1482601_1482900	17321
chr13_88718401_88718700	17322
chr8_59009701_59010000	17323
chr2_204507601_204507900	17324
chr10_78350401_78350700	17325
chr1_242995201_242995500	17326
chr16_52693801_52694100	17327
chr15_53197801_53198100	17328
chr4_116029801_116030100	17329
chr15_69176701_69177000	17330
chr4_144978901_144979200	17331
chr7_158538001_158538300	17332
chr12_132995101_132995400	17333
chr14_31943401_31943700	17334
chr2_68133601_68133900	17335
chr2_183223501_183223800	17336
chr12_30935401_30935700	17337
chr19_1854301_1854600	17338
chr11_89699701_89700000	17339
chr13_44851201_44851500	17340
chr12_121483201_121483500	17341
chr1_3463201_3463500	17342
chr6_104189101_104189400	17343
chr5_180383701_180384000	17344
chr2_131037301_131037600	17345
chr20_51926101_51926400	17346
chr7_63222601_63222900	17347
chr10_61607101_61607400	17348
chr18_2005801_2006100	17349
chr14_97988401_97988700	17350
chr4_67718701_67719000	17351
chr1_1224301_1224600	17352
chr16_64696501_64696800	17353
chr2_16793401_16793700	17354
chr8_77247901_77248200	17355
chr22_42403801_42404100	17356
chr7_40893901_40894200	17357
chr9_122431501_122431800	17358
chr2_231828901_231829200	17359
chr12_124586401_124586700	17360
chr6_115486501_115486800	17361
chr9_17326201_17326500	17362
chr9_43632001_43632300	17363
chr10_91727401_91727700	17364
chr17_41781001_41781300	17365
chr5_67467901_67468200	17366
chr12_66275701_66276000	17367
chr6_51255901_51256200	17368
chr5_117878101_117878400	17369
chr4_34375201_34375500	17370
chr2_1984501_1984800	17371
chr5_119670001_119670300	17372
chr6_39870001_39870300	17373
chr16_82005601_82005900	17374
chr14_48794701_48795000	17375
chr3_134601301_134601600	17376
chr4_105198601_105198900	17377
chr14_74020201_74020500	17378
chr8_131794801_131795100	17379
chr17_69297601_69297900	17380
chr20_38859301_38859600	17381
chr4_124939501_124939800	17382
chr9_125433001_125433300	17383
chr9_3910801_3911100	17384
chr9_38454601_38454900	17385
chr7_945601_945900	17386
chr9_40027201_40027500	17387
chr5_68162401_68162700	17388
chr9_43648801_43649100	17389
chr8_143494501_143494800	17390
chr8_118474201_118474500	17391
chr13_45256501_45256800	17392
chr7_152261401_152261700	17393
chr18_39161401_39161700	17394
chr3_31550701_31551000	17395
chr16_64182301_64182600	17396
chr14_106800301_106800600	17397
chr13_46411501_46411800	17398
chr13_27792001_27792300	17399
chr21_21594901_21595200	17400
chr9_36601_36900	17401
chr3_99807301_99807600	17402
chr8_123021301_123021600	17403
chr12_42039601_42039900	17404
chr2_82284301_82284600	17405
chr6_73209901_73210200	17406
chr18_65601001_65601300	17407
chr10_71298901_71299200	17408
chr5_116938501_116938800	17409
chr18_69615001_69615300	17410
chr10_79498501_79498800	17411
chr15_87944401_87944700	17412
chr10_23471101_23471400	17413
chr8_11539201_11539500	17414
chr13_108193501_108193800	17415
chr8_2585701_2586000	17416
chr7_101001901_101002200	17417
chr10_108126301_108126600	17418
chr9_124188001_124188300	17419
chr8_76833001_76833300	17420
chr6_158661601_158661900	17421
chr2_131961901_131962200	17422
chr1_237400801_237401100	17423
chr10_68025901_68026200	17424
chr12_55018501_55018800	17425
chr20_16133401_16133700	17426
chr10_16893901_16894200	17427
chr5_158635501_158635800	17428
chr21_18583801_18584100	17429
chr18_69129601_69129900	17430
chr1_177000301_177000600	17431
chr2_109311301_109311600	17432
chr5_45402901_45403200	17433
chr2_52212901_52213200	17434
chr8_22502701_22503000	17435
chr3_63378901_63379200	17436
chr5_1594201_1594500	17437
chr11_98366401_98366700	17438
chr12_7453801_7454100	17439
chr2_156314701_156315000	17440
chr3_70122901_70123200	17441
chr8_964501_964800	17442
chr20_42215101_42215400	17443
chr20_18921001_18921300	17444
chr12_76409401_76409700	17445
chr2_88835701_88836000	17446
chr5_106820701_106821000	17447
chr20_40546501_40546800	17448
chr12_115173601_115173900	17449
chr3_83377501_83377800	17450
chr5_51404101_51404400	17451
chr7_122233801_122234100	17452
chr19_43939801_43940100	17453
chr7_152184001_152184300	17454
chr4_92619601_92619900	17455
chr13_106260301_106260600	17456
chr10_44225101_44225400	17457
chr16_10708501_10708800	17458
chr4_28602001_28602300	17459
chr13_60061201_60061500	17460
chr6_1828201_1828500	17461
chr17_48566701_48567000	17462
chr11_101556001_101556300	17463
chr1_16081801_16082100	17464
chr21_41875801_41876100	17465
chr14_30099001_30099300	17466
chr15_77879701_77880000	17467
chr5_180396601_180396900	17468
chr19_11987701_11988000	17469
chr2_226262401_226262700	17470
chr5_51697501_51697800	17471
chr14_35607601_35607900	17472
chr10_19885801_19886100	17473
chr11_123871201_123871500	17474
chr19_7680301_7680600	17475
chr19_3531901_3532200	17476
chr10_134176501_134176800	17477
chr5_121836901_121837200	17478
chr8_31651501_31651800	17479
chr18_54852601_54852900	17480
chr7_116447101_116447400	17481
chr13_33290701_33291000	17482
chr16_26568301_26568600	17483
chr20_9498901_9499200	17484
chr2_3821401_3821700	17485
chr5_151272601_151272900	17486
chr2_195452401_195452700	17487
chr5_40972201_40972500	17488
chr9_94281901_94282200	17489
chr9_44798101_44798400	17490
chr8_98272201_98272500	17491
chr9_101043901_101044200	17492
chr9_1282501_1282800	17493
chr1_65997001_65997300	17494
chr16_7000501_7000800	17495
chr2_119949901_119950200	17496
chr20_9135001_9135300	17497
chr7_945901_946200	17498
chr14_82499101_82499400	17499
chr12_92808301_92808600	17500
chr7_57332701_57333000	17501
chr2_193176001_193176300	17502
chr18_42671701_42672000	17503
chr9_104894401_104894700	17504
chr6_72560401_72560700	17505
chr15_98158201_98158500	17506
chr12_110610901_110611200	17507
chr7_84720001_84720300	17508
chr21_29597401_29597700	17509
chr2_139322401_139322700	17510
chr5_127849501_127849800	17511
chr4_108141601_108141900	17512
chr11_5761801_5762100	17513
chr18_76517401_76517700	17514
chr2_167205601_167205900	17515
chr6_31414501_31414800	17516
chr6_86035801_86036100	17517
chr2_235013701_235014000	17518
chr10_131844301_131844600	17519
chr5_63771001_63771300	17520
chr4_81572101_81572400	17521
chr14_20553001_20553300	17522
chr4_189792301_189792600	17523
chr8_127208101_127208400	17524
chr20_7070401_7070700	17525
chr11_116219101_116219400	17526
chr8_55897501_55897800	17527
chr5_123001201_123001500	17528
chr15_31664401_31664700	17529
chr2_153420001_153420300	17530
chr9_119904601_119904900	17531
chr16_11004901_11005200	17532
chr3_89925901_89926200	17533
chr5_28237801_28238100	17534
chr2_134549701_134550000	17535
chr16_23888701_23889000	17536
chr11_116981101_116981400	17537
chr14_61312801_61313100	17538
chr2_111700501_111700800	17539
chr6_12671101_12671400	17540
chr5_158278501_158278800	17541
chr18_22569301_22569600	17542
chr7_38359201_38359500	17543
chr8_113064301_113064600	17544
chr8_102105001_102105300	17545
chr2_139694401_139694700	17546
chr7_71513701_71514000	17547
chr10_13259401_13259700	17548
chr6_29919901_29920200	17549
chr3_153462301_153462600	17550
chr1_222312001_222312300	17551
chr4_69482101_69482400	17552
chr1_37668601_37668900	17553
chr1_77218501_77218800	17554
chr19_2434801_2435100	17555
chr1_236817901_236818200	17556
chr7_29598301_29598600	17557
chr3_162539101_162539400	17558
chr2_116141701_116142000	17559
chr1_211819801_211820100	17560
chr20_11830501_11830800	17561
chr4_164348101_164348400	17562
chr17_31630801_31631100	17563
chr20_39122701_39123000	17564
chr10_91054501_91054800	17565
chr1_7421701_7422000	17566
chr11_88807801_88808100	17567
chr12_92796301_92796600	17568
chr10_113298001_113298300	17569
chr21_10888501_10888800	17570
chr4_22719301_22719600	17571
chr18_65601301_65601600	17572
chr2_181960501_181960800	17573
chr9_90441901_90442200	17574
chr17_12124501_12124800	17575
chr17_19572001_19572300	17576
chr9_18751501_18751800	17577
chr1_91043401_91043700	17578
chr13_111736201_111736500	17579
chr6_12921601_12921900	17580
chr14_43981801_43982100	17581
chr7_31374901_31375200	17582
chr11_33806401_33806700	17583
chr3_21981901_21982200	17584
chr11_93402001_93402300	17585
chr12_30016801_30017100	17586
chr16_60214201_60214500	17587
chr10_67849201_67849500	17588
chr2_72128701_72129000	17589
chr4_47021701_47022000	17590
chr17_53383801_53384100	17591
chr11_22290601_22290900	17592
chr3_13910101_13910400	17593
chr2_119448001_119448300	17594
chr1_231183301_231183600	17595
chr5_161940301_161940600	17596
chr1_234439501_234439800	17597
chr13_20789101_20789400	17598
chr7_147355201_147355500	17599
chr19_6910801_6911100	17600
chr5_175077901_175078200	17601
chr2_54249001_54249300	17602
chr11_1962901_1963200	17603
chr3_67136401_67136700	17604
chr21_28028101_28028400	17605
chr7_130754401_130754700	17606
chr10_9981601_9981900	17607
chr4_104498101_104498400	17608
chr14_46848301_46848600	17609
chr19_13504501_13504800	17610
chr8_19318801_19319100	17611
chr18_66161101_66161400	17612
chr1_203509201_203509500	17613
chr4_134253901_134254200	17614
chr6_12844801_12845100	17615
chr20_19291801_19292100	17616
chr2_23050801_23051100	17617
chr19_48526201_48526500	17618
chr21_38986501_38986800	17619
chr6_11012701_11013000	17620
chr3_177170101_177170400	17621
chr17_44409601_44409900	17622
chr4_164163301_164163600	17623
chr1_7539901_7540200	17624
chr11_11761201_11761500	17625
chr21_32457601_32457900	17626
chr5_180397801_180398100	17627
chr11_20650501_20650800	17628
chr13_43248301_43248600	17629
chr5_29106901_29107200	17630
chr3_48698701_48699000	17631
chr18_76407301_76407600	17632
chr4_70134601_70134900	17633
chr3_179213101_179213400	17634
chr11_82287601_82287900	17635
chr11_15494701_15495000	17636
chr5_89041801_89042100	17637
chr2_2823901_2824200	17638
chr8_52915201_52915500	17639
chr1_23422501_23422800	17640
chr2_116625601_116625900	17641
chr7_66834901_66835200	17642
chr1_39986701_39987000	17643
chr3_89283901_89284200	17644
chr8_6856501_6856800	17645
chr9_43649101_43649400	17646
chr3_150932101_150932400	17647
chr3_167243401_167243700	17648
chr17_65718601_65718900	17649
chr13_79674901_79675200	17650
chr13_60152401_60152700	17651
chr9_68291101_68291400	17652
chr10_7788601_7788900	17653
chr8_144829801_144830100	17654
chr10_51229801_51230100	17655
chr19_912001_912300	17656
chr12_128766001_128766300	17657
chr6_124698901_124699200	17658
chr1_84598501_84598800	17659
chr3_166352401_166352700	17660
chr2_88674001_88674300	17661
chr9_90373201_90373500	17662
chr5_128040601_128040900	17663
chr7_145614901_145615200	17664
chr7_51883801_51884100	17665
chr2_132523501_132523800	17666
chr10_116602801_116603100	17667
chr3_116525701_116526000	17668
chr4_43176001_43176300	17669
chr5_76431901_76432200	17670
chr3_191988601_191988900	17671
chr2_240981601_240981900	17672
chr15_54202801_54203100	17673
chr6_91389601_91389900	17674
chr7_1429801_1430100	17675
chr12_42550201_42550500	17676
chr7_13171501_13171800	17677
chr4_176547301_176547600	17678
chr4_71940301_71940600	17679
chr7_64220401_64220700	17680
chr1_31367101_31367400	17681
chr18_2296501_2296800	17682
chr7_50410501_50410800	17683
chr15_86643301_86643600	17684
chr6_7317001_7317300	17685
chr1_158036101_158036400	17686
chr4_187891201_187891500	17687
chr13_88235101_88235400	17688
chr3_195774301_195774600	17689
chr19_33863101_33863400	17690
chr11_85122301_85122600	17691
chr11_43904701_43905000	17692
chr9_5434201_5434500	17693
chr3_33143701_33144000	17694
chr16_54710401_54710700	17695
chr14_64496701_64497000	17696
chr8_1354801_1355100	17697
chr3_108690601_108690900	17698
chr3_5379001_5379300	17699
chr10_110607601_110607900	17700
chr8_133077001_133077300	17701
chr20_53400301_53400600	17702
chr3_163200301_163200600	17703
chr19_28960201_28960500	17704
chr12_79458001_79458300	17705
chr9_29488501_29488800	17706
chr5_170447401_170447700	17707
chr3_72822301_72822600	17708
chr11_128898301_128898600	17709
chr11_67038901_67039200	17710
chr7_27068701_27069000	17711
chr4_179766001_179766300	17712
chr12_30678001_30678300	17713
chr8_137849701_137850000	17714
chr11_118107001_118107300	17715
chr10_3049801_3050100	17716
chr10_51704701_51705000	17717
chr7_97398001_97398300	17718
chr5_144771901_144772200	17719
chr21_46238401_46238700	17720
chr15_86172301_86172600	17721
chr2_156069901_156070200	17722
chr4_47608501_47608800	17723
chr18_37858201_37858500	17724
chr14_49812901_49813200	17725
chr3_172271701_172272000	17726
chr4_45935701_45936000	17727
chr2_241827901_241828200	17728
chr7_119084101_119084400	17729
chr7_124066201_124066500	17730
chr3_95862601_95862900	17731
chr2_35979301_35979600	17732
chr12_44772901_44773200	17733
chr4_69441901_69442200	17734
chr8_74829901_74830200	17735
chr3_61451701_61452000	17736
chr6_34203001_34203300	17737
chr16_597901_598200	17738
chr7_45897301_45897600	17739
chr3_7484401_7484700	17740
chr11_9964501_9964800	17741
chr17_17360101_17360400	17742
chr20_21287101_21287400	17743
chr2_113878501_113878800	17744
chr13_90149401_90149700	17745
chr2_140333101_140333400	17746
chr9_78171901_78172200	17747
chr1_111451501_111451800	17748
chr10_28654501_28654800	17749
chr16_32131501_32131800	17750
chr9_13802701_13803000	17751
chr5_3638101_3638400	17752
chr3_87915901_87916200	17753
chr7_122428501_122428800	17754
chr9_11034001_11034300	17755
chr6_34080601_34080900	17756
chr4_69811201_69811500	17757
chr5_77909701_77910000	17758
chr2_158683501_158683800	17759
chr10_90918901_90919200	17760
chr7_66971701_66972000	17761
chr1_188947501_188947800	17762
chr7_73395601_73395900	17763
chr2_209470501_209470800	17764
chr6_165729601_165729900	17765
chr9_105767701_105768000	17766
chr10_47365801_47366100	17767
chr9_44402401_44402700	17768
chr8_137824501_137824800	17769
chr15_86232901_86233200	17770
chr16_89642701_89643000	17771
chr1_170886301_170886600	17772
chr16_57595801_57596100	17773
chr1_98913601_98913900	17774
chr10_90238501_90238800	17775
chr4_112909801_112910100	17776
chr8_145103701_145104000	17777
chr4_58166401_58166700	17778
chr6_73760101_73760400	17779
chr12_72350101_72350400	17780
chr19_853201_853500	17781
chr12_93060901_93061200	17782
chr1_197234401_197234700	17783
chr6_163690801_163691100	17784
chr4_90024901_90025200	17785
chr5_116307301_116307600	17786
chr19_58650601_58650900	17787
chr2_1154701_1155000	17788
chr6_154983901_154984200	17789
chr11_57719701_57720000	17790
chr9_120208501_120208800	17791
chr9_40368301_40368600	17792
chr3_6508501_6508800	17793
chr4_14562301_14562600	17794
chr12_63275101_63275400	17795
chr6_134649301_134649600	17796
chr2_193176301_193176600	17797
chr14_104394601_104394900	17798
chr12_42620401_42620700	17799
chr16_56773801_56774100	17800
chr1_20832001_20832300	17801
chr6_144453601_144453900	17802
chr19_3670801_3671100	17803
chr21_18195301_18195600	17804
chr6_134592001_134592300	17805
chr8_110172901_110173200	17806
chr12_8614801_8615100	17807
chr5_78683701_78684000	17808
chr5_26848801_26849100	17809
chr16_84267001_84267300	17810
chr9_84940801_84941100	17811
chr4_12661801_12662100	17812
chr19_50100001_50100300	17813
chr3_171259501_171259800	17814
chr7_64605601_64605900	17815
chr6_51838201_51838500	17816
chr17_44604001_44604300	17817
chr6_118124401_118124700	17818
chr4_45644701_45645000	17819
chr15_81295201_81295500	17820
chr4_171980101_171980400	17821
chr13_68930101_68930400	17822
chr13_28497301_28497600	17823
chr18_63103801_63104100	17824
chr3_133503601_133503900	17825
chr7_48501001_48501300	17826
chr1_73281001_73281300	17827
chr22_51130201_51130500	17828
chr8_24774601_24774900	17829
chr2_138267001_138267300	17830
chr2_132559201_132559500	17831
chr7_144100801_144101100	17832
chr3_74864101_74864400	17833
chr12_66078601_66078900	17834
chr10_122611201_122611500	17835
chr13_68784301_68784600	17836
chr4_22677001_22677300	17837
chr5_166706101_166706400	17838
chr7_64895101_64895400	17839
chr1_218278201_218278500	17840
chr4_69077401_69077700	17841
chr5_58379101_58379400	17842
chr6_30213901_30214200	17843
chr9_93550801_93551100	17844
chr11_21912601_21912900	17845
chr17_80332801_80333100	17846
chr11_131659201_131659500	17847
chr15_101723401_101723700	17848
chr4_4114201_4114500	17849
chr1_85828201_85828500	17850
chr2_196758601_196758900	17851
chr2_66659401_66659700	17852
chr7_117854401_117854700	17853
chr5_92084101_92084400	17854
chr10_64498801_64499100	17855
chr13_22889401_22889700	17856
chr9_78743701_78744000	17857
chr6_601501_601800	17858
chr3_34374001_34374300	17859
chr8_30604501_30604800	17860
chr8_22034401_22034700	17861
chr5_103854001_103854300	17862
chr6_92807701_92808000	17863
chr10_49301101_49301400	17864
chr10_3325201_3325500	17865
chr8_90501301_90501600	17866
chr6_165724501_165724800	17867
chr15_24096901_24097200	17868
chr12_63996001_63996300	17869
chr6_1097101_1097400	17870
chr19_806401_806700	17871
chr8_101742001_101742300	17872
chr7_44910601_44910900	17873
chr5_39212701_39213000	17874
chr16_57726601_57726900	17875
chr13_91221001_91221300	17876
chr9_44660701_44661000	17877
chr3_143967901_143968200	17878
chr20_61374301_61374600	17879
chr15_33152101_33152400	17880
chr7_103801_104100	17881
chr3_16431001_16431300	17882
chr6_70190701_70191000	17883
chr2_228058501_228058800	17884
chr9_115836301_115836600	17885
chr22_20709301_20709600	17886
chr8_114644401_114644700	17887
chr16_34257001_34257300	17888
chr12_128731801_128732100	17889
chr1_67749301_67749600	17890
chr7_113108101_113108400	17891
chr2_21273001_21273300	17892
chr8_81233401_81233700	17893
chr6_51420601_51420900	17894
chr7_104691001_104691300	17895
chr4_1039801_1040100	17896
chr18_39716101_39716400	17897
chr5_106938301_106938600	17898
chr13_19202401_19202700	17899
chr11_21969601_21969900	17900
chr1_83394001_83394300	17901
chr3_193973401_193973700	17902
chr7_54332701_54333000	17903
chr3_4019101_4019400	17904
chr5_74450101_74450400	17905
chr8_76270801_76271100	17906
chr6_6807001_6807300	17907
chr6_30086701_30087000	17908
chr3_60553501_60553800	17909
chr6_168758101_168758400	17910
chr7_44656201_44656500	17911
chr10_4777201_4777500	17912
chr6_9605401_9605700	17913
chr16_24106201_24106500	17914
chr1_39612901_39613200	17915
chr13_89976301_89976600	17916
chr6_3545401_3545700	17917
chr18_29076001_29076300	17918
chr7_86571001_86571300	17919
chr6_40024501_40024800	17920
chr15_84542701_84543000	17921
chr2_6400801_6401100	17922
chr2_124510501_124510800	17923
chr7_154997401_154997700	17924
chr18_46449301_46449600	17925
chr11_55373401_55373700	17926
chr4_25090201_25090500	17927
chr10_36813301_36813600	17928
chr3_105691801_105692100	17929
chr13_22889101_22889400	17930
chr2_186868201_186868500	17931
chr20_8615701_8616000	17932
chr2_4500001_4500300	17933
chr19_933001_933300	17934
chr1_72775801_72776100	17935
chr8_142275601_142275900	17936
chr11_123384001_123384300	17937
chr1_63456001_63456300	17938
chr2_169830901_169831200	17939
chr2_6156901_6157200	17940
chr1_207873001_207873300	17941
chr8_12235801_12236100	17942
chr3_31550401_31550700	17943
chr18_55481701_55482000	17944
chr10_93930301_93930600	17945
chr10_77165101_77165400	17946
chr16_61224301_61224600	17947
chr4_33694201_33694500	17948
chr3_32060401_32060700	17949
chr15_65247001_65247300	17950
chr21_25685401_25685700	17951
chr1_190378801_190379100	17952
chr8_49153801_49154100	17953
chr7_55774501_55774800	17954
chr8_12244501_12244800	17955
chr9_44836201_44836500	17956
chr15_79428001_79428300	17957
chr13_29084101_29084400	17958
chr6_31337101_31337400	17959
chr5_39815701_39816000	17960
chr3_171231001_171231300	17961
chr4_108184801_108185100	17962
chr2_12822601_12822900	17963
chr6_29474401_29474700	17964
chr1_41399701_41400000	17965
chr17_64738201_64738500	17966
chr15_85449601_85449900	17967
chr8_126774901_126775200	17968
chr7_44337001_44337300	17969
chr2_138265201_138265500	17970
chr5_40001101_40001400	17971
chr18_52978201_52978500	17972
chr1_219482401_219482700	17973
chr11_84045901_84046200	17974
chr11_119431501_119431800	17975
chr3_21931201_21931500	17976
chr8_98271901_98272200	17977
chr1_17655601_17655900	17978
chr7_121073701_121074000	17979
chr6_75468001_75468300	17980
chr7_37392901_37393200	17981
chr9_140255101_140255400	17982
chr8_110373001_110373300	17983
chr3_117581401_117581700	17984
chr7_107617201_107617500	17985
chr1_96670501_96670800	17986
chr4_174904801_174905100	17987
chr5_172625701_172626000	17988
chr1_165111901_165112200	17989
chr6_45616801_45617100	17990
chr7_114777901_114778200	17991
chr8_52446901_52447200	17992
chr8_112320901_112321200	17993
chr5_67928401_67928700	17994
chr4_164658901_164659200	17995
chr17_80533801_80534100	17996
chr7_52175401_52175700	17997
chr3_151365301_151365600	17998
chr18_7673401_7673700	17999
chr2_242706301_242706600	18000
chr6_31164301_31164600	18001
chr1_25631101_25631400	18002
chr10_36658201_36658500	18003
chr1_4126801_4127100	18004
chr18_36498901_36499200	18005
chr4_163485901_163486200	18006
chr3_105519001_105519300	18007
chr4_105368401_105368700	18008
chr1_149561101_149561400	18009
chr5_180428701_180429000	18010
chr1_26224501_26224800	18011
chr8_94066501_94066800	18012
chr6_128808001_128808300	18013
chr1_240122701_240123000	18014
chr22_16966801_16967100	18015
chr2_22364101_22364400	18016
chr11_125175601_125175900	18017
chr1_200004301_200004600	18018
chr4_146878801_146879100	18019
chr1_198339901_198340200	18020
chr5_180424201_180424500	18021
chr1_109574701_109575000	18022
chr1_85965601_85965900	18023
chr5_12897301_12897600	18024
chr20_6638401_6638700	18025
chr2_77193301_77193600	18026
chr6_30768901_30769200	18027
chr18_29009701_29010000	18028
chr3_20706601_20706900	18029
chr21_30183301_30183600	18030
chr18_54641401_54641700	18031
chr3_41643901_41644200	18032
chr6_57623701_57624000	18033
chr15_68265001_68265300	18034
chr1_55095001_55095300	18035
chr3_122870701_122871000	18036
chr4_57503101_57503400	18037
chr3_64869301_64869600	18038
chr15_97767601_97767900	18039
chr1_20829601_20829900	18040
chr8_132990601_132990900	18041
chr22_37474801_37475100	18042
chr12_48437101_48437400	18043
chr13_50202601_50202900	18044
chr14_30984601_30984900	18045
chr11_112763401_112763700	18046
chr8_11246101_11246400	18047
chr11_131582701_131583000	18048
chr21_38986801_38987100	18049
chr6_30486301_30486600	18050
chr11_34541701_34542000	18051
chr1_161494501_161494800	18052
chr6_22979701_22980000	18053
chr3_70260901_70261200	18054
chr11_81325201_81325500	18055
chr7_76167601_76167900	18056
chr10_9630001_9630300	18057
chr16_82293301_82293600	18058
chr3_75449401_75449700	18059
chr15_88578001_88578300	18060
chr10_132099001_132099300	18061
chr5_24240301_24240600	18062
chr10_33771001_33771300	18063
chr1_28720501_28720800	18064
chr3_181408201_181408500	18065
chr3_138187501_138187800	18066
chr6_99717001_99717300	18067
chr6_141003601_141003900	18068
chr7_121169401_121169700	18069
chr17_26712001_26712300	18070
chr10_12132301_12132600	18071
chr10_88840501_88840800	18072
chr2_3861601_3861900	18073
chr14_71754301_71754600	18074
chr15_27445201_27445500	18075
chr4_9480301_9480600	18076
chr19_31089601_31089900	18077
chr8_28740301_28740600	18078
chr17_61481701_61482000	18079
chr7_35155201_35155500	18080
chr1_231183601_231183900	18081
chr1_48919201_48919500	18082
chr3_149124301_149124600	18083
chr15_71302501_71302800	18084
chr3_194118001_194118300	18085
chr10_55328701_55329000	18086
chr3_129077701_129078000	18087
chr3_135671101_135671400	18088
chr2_34713301_34713600	18089
chr3_169190101_169190400	18090
chr4_130066201_130066500	18091
chr8_143625901_143626200	18092
chr1_152170201_152170500	18093
chr7_52061101_52061400	18094
chr3_169829101_169829400	18095
chr10_29185801_29186100	18096
chr12_127016401_127016700	18097
chr10_86748001_86748300	18098
chr20_45170401_45170700	18099
chr8_66980701_66981000	18100
chr4_83256301_83256600	18101
chr5_89724301_89724600	18102
chr15_56976601_56976900	18103
chr10_27636901_27637200	18104
chr2_147178501_147178800	18105
chr11_24186001_24186300	18106
chr20_62570701_62571000	18107
chr6_28925701_28926000	18108
chr6_127651501_127651800	18109
chr6_144490501_144490800	18110
chr10_8515501_8515800	18111
chr20_1083601_1083900	18112
chr9_106688701_106689000	18113
chr6_4742701_4743000	18114
chr6_22783501_22783800	18115
chr15_97910401_97910700	18116
chr20_11176801_11177100	18117
chr7_2617501_2617800	18118
chr2_7723201_7723500	18119
chr11_85945801_85946100	18120
chr17_55908901_55909200	18121
chr4_184674901_184675200	18122
chr10_104889601_104889900	18123
chr13_59236801_59237100	18124
chr2_88762801_88763100	18125
chr9_90767701_90768000	18126
chr13_114996601_114996900	18127
chr2_76777201_76777500	18128
chr18_1720201_1720500	18129
chr16_16612201_16612500	18130
chr18_9530401_9530700	18131
chr5_119607901_119608200	18132
chr11_49571101_49571400	18133
chr9_22500001_22500300	18134
chr5_162463801_162464100	18135
chr3_124860601_124860900	18136
chr6_26461801_26462100	18137
chr11_131975101_131975400	18138
chr18_9622201_9622500	18139
chr11_102684601_102684900	18140
chr10_15523801_15524100	18141
chr11_111807301_111807600	18142
chr5_135116101_135116400	18143
chr21_29548801_29549100	18144
chr16_6834301_6834600	18145
chr1_68238601_68238900	18146
chr21_41991601_41991900	18147
chr4_1522801_1523100	18148
chr10_124578001_124578300	18149
chr21_10389901_10390200	18150
chr12_114241801_114242100	18151
chr22_36880801_36881100	18152
chr2_114034801_114035100	18153
chr5_87995401_87995700	18154
chr11_13198201_13198500	18155
chr7_143186701_143187000	18156
chr20_30225601_30225900	18157
chr2_59282101_59282400	18158
chr3_87565501_87565800	18159
chr6_48338701_48339000	18160
chr13_91973101_91973400	18161
chr8_87103801_87104100	18162
chr18_69681001_69681300	18163
chr1_211861801_211862100	18164
chr4_166993501_166993800	18165
chr11_123154801_123155100	18166
chr20_57360601_57360900	18167
chr3_150035401_150035700	18168
chr2_217090801_217091100	18169
chr5_180397501_180397800	18170
chr16_16713001_16713300	18171
chr5_11592001_11592300	18172
chr19_53926501_53926800	18173
chr17_66631801_66632100	18174
chr4_163125001_163125300	18175
chr1_85820401_85820700	18176
chr15_101285401_101285700	18177
chr12_96708301_96708600	18178
chr2_233924701_233925000	18179
chr11_57390601_57390900	18180
chr6_110454601_110454900	18181
chr3_69942001_69942300	18182
chr5_88987501_88987800	18183
chr4_25554901_25555200	18184
chr1_72108001_72108300	18185
chr1_173410201_173410500	18186
chr18_51195001_51195300	18187
chr20_8081401_8081700	18188
chr12_22374001_22374300	18189
chr11_110171701_110172000	18190
chr4_11632501_11632800	18191
chr4_91793401_91793700	18192
chr6_69996001_69996300	18193
chr6_125679301_125679600	18194
chr8_8066401_8066700	18195
chr8_80246701_80247000	18196
chr4_47366101_47366400	18197
chr13_29955001_29955300	18198
chr8_69139801_69140100	18199
chr21_44418601_44418900	18200
chr4_12325501_12325800	18201
chr8_102946501_102946800	18202
chr8_134754601_134754900	18203
chr8_94246801_94247100	18204
chr5_139010401_139010700	18205
chr11_35113801_35114100	18206
chr10_95047201_95047500	18207
chr1_207702301_207702600	18208
chr14_74001301_74001600	18209
chr3_80160001_80160300	18210
chr7_72072601_72072900	18211
chr13_92119801_92120100	18212
chr12_101399401_101399700	18213
chr6_22063201_22063500	18214
chr4_58194001_58194300	18215
chr1_119862601_119862900	18216
chr7_6006301_6006600	18217
chr13_19697101_19697400	18218
chr7_18061201_18061500	18219
chr5_56550901_56551200	18220
chr12_6296401_6296700	18221
chr3_167949901_167950200	18222
chr20_30015001_30015300	18223
chr10_30788401_30788700	18224
chr17_39409201_39409500	18225
chr4_176481301_176481600	18226
chr10_5908801_5909100	18227
chr1_35052601_35052900	18228
chr8_84296701_84297000	18229
chr6_156991501_156991800	18230
chr6_63514201_63514500	18231
chr8_70364101_70364400	18232
chr20_13222501_13222800	18233
chr7_73443901_73444200	18234
chr6_29748301_29748600	18235
chr8_53853001_53853300	18236
chr18_56769601_56769900	18237
chr22_29025001_29025300	18238
chr12_132881101_132881400	18239
chr3_182821501_182821800	18240
chr3_123359701_123360000	18241
chr4_117885001_117885300	18242
chr17_44627401_44627700	18243
chr19_13207201_13207500	18244
chr6_93970201_93970500	18245
chr8_39880201_39880500	18246
chr7_12967501_12967800	18247
chr1_73281301_73281600	18248
chr7_102491701_102492000	18249
chr12_72487201_72487500	18250
chr4_161698801_161699100	18251
chr14_45147001_45147300	18252
chr12_112904701_112905000	18253
chr4_104178301_104178600	18254
chr12_64461601_64461900	18255
chr8_12250201_12250500	18256
chr20_42274201_42274500	18257
chr8_125877301_125877600	18258
chr5_7371901_7372200	18259
chr16_80858401_80858700	18260
chr2_219142501_219142800	18261
chr6_31209601_31209900	18262
chr4_10531501_10531800	18263
chr7_56728201_56728500	18264
chr9_115841701_115842000	18265
chr1_16639801_16640100	18266
chr6_30858901_30859200	18267
chr8_105290401_105290700	18268
chr7_83078401_83078700	18269
chr1_177919801_177920100	18270
chr1_101750401_101750700	18271
chr18_38956501_38956800	18272
chr13_110905501_110905800	18273
chr11_48662401_48662700	18274
chr11_40373701_40374000	18275
chr6_8439001_8439300	18276
chr7_54556501_54556800	18277
chr17_67044601_67044900	18278
chr2_103052701_103053000	18279
chr2_240566401_240566700	18280
chr13_61271401_61271700	18281
chr3_33892201_33892500	18282
chr2_204927301_204927600	18283
chr1_245838901_245839200	18284
chr17_43198201_43198500	18285
chr4_67610701_67611000	18286
chr14_46104601_46104900	18287
chr10_125622301_125622600	18288
chr4_91792201_91792500	18289
chr1_75869701_75870000	18290
chr11_17634601_17634900	18291
chr15_90387301_90387600	18292
chr2_230668801_230669100	18293
chr21_9442501_9442800	18294
chr10_86646601_86646900	18295
chr1_152583601_152583900	18296
chr2_213767401_213767700	18297
chr4_61453801_61454100	18298
chr4_121809301_121809600	18299
chr8_102389101_102389400	18300
chr19_58003201_58003500	18301
chr10_51652501_51652800	18302
chr4_179956501_179956800	18303
chr20_20276701_20277000	18304
chr10_72586501_72586800	18305
chr19_50305201_50305500	18306
chr14_35612401_35612700	18307
chr7_92683201_92683500	18308
chr2_220052401_220052700	18309
chr11_112273501_112273800	18310
chr5_172644901_172645200	18311
chr1_88334701_88335000	18312
chr6_29648701_29649000	18313
chr2_16437901_16438200	18314
chr17_1593001_1593300	18315
chr19_8344201_8344500	18316
chr1_216742501_216742800	18317
chr13_92456101_92456400	18318
chr17_74651701_74652000	18319
chr20_10711501_10711800	18320
chr21_43353601_43353900	18321
chr21_26184901_26185200	18322
chr3_97950601_97950900	18323
chr4_168378901_168379200	18324
chr7_134651401_134651700	18325
chr2_231108001_231108300	18326
chr12_94208701_94209000	18327
chr4_166972201_166972500	18328
chr3_155339401_155339700	18329
chr12_9394801_9395100	18330
chr14_26849401_26849700	18331
chr19_31495501_31495800	18332
chr4_63775801_63776100	18333
chr9_108995701_108996000	18334
chr4_19308901_19309200	18335
chr4_71940001_71940300	18336
chr3_32620501_32620800	18337
chr2_203903701_203904000	18338
chr19_31307401_31307700	18339
chr18_48485101_48485400	18340
chr12_81446701_81447000	18341
chr4_74354701_74355000	18342
chr4_112963201_112963500	18343
chr4_125184001_125184300	18344
chr13_40138501_40138800	18345
chr2_27502801_27503100	18346
chr6_140953201_140953500	18347
chr16_67008301_67008600	18348
chr1_176606701_176607000	18349
chr11_96182101_96182400	18350
chr7_45373501_45373800	18351
chr1_202129201_202129500	18352
chr2_1219801_1220100	18353
chr1_99693601_99693900	18354
chr8_27711301_27711600	18355
chr5_173985601_173985900	18356
chr4_178114201_178114500	18357
chr22_26687701_26688000	18358
chr6_75468301_75468600	18359
chr17_31950001_31950300	18360
chr17_10152301_10152600	18361
chr7_52381201_52381500	18362
chr6_56405101_56405400	18363
chr10_13884001_13884300	18364
chr10_21516301_21516600	18365
chr4_162900901_162901200	18366
chr2_117659101_117659400	18367
chr17_57144001_57144300	18368
chr16_62401_62700	18369
chr18_38184301_38184600	18370
chr13_28496401_28496700	18371
chr6_112289101_112289400	18372
chr8_36235801_36236100	18373
chr8_79533601_79533900	18374
chr5_180400501_180400800	18375
chr15_48996301_48996600	18376
chr2_196338901_196339200	18377
chr6_32478001_32478300	18378
chr4_85556701_85557000	18379
chr17_44328001_44328300	18380
chr9_40349401_40349700	18381
chr6_85813201_85813500	18382
chr11_125178901_125179200	18383
chr6_30842401_30842700	18384
chr5_18924301_18924600	18385
chr8_117497101_117497400	18386
chr1_157395301_157395600	18387
chr7_95485201_95485500	18388
chr10_14057401_14057700	18389
chr11_55407301_55407600	18390
chr1_173344801_173345100	18391
chr6_13993501_13993800	18392
chr11_81911401_81911700	18393
chr9_97159801_97160100	18394
chr20_23796601_23796900	18395
chr7_114776701_114777000	18396
chr8_104767801_104768100	18397
chr4_111905401_111905700	18398
chr15_66546001_66546300	18399
chr5_750601_750900	18400
chr4_149728801_149729100	18401
chr8_110372401_110372700	18402
chr14_75322801_75323100	18403
chr8_34476601_34476900	18404
chr12_26669101_26669400	18405
chr14_71661301_71661600	18406
chr19_567901_568200	18407
chr2_166135501_166135800	18408
chr8_23565901_23566200	18409
chr3_96906601_96906900	18410
chr2_62702401_62702700	18411
chr14_79416601_79416900	18412
chr17_21232801_21233100	18413
chr1_186918301_186918600	18414
chr10_99873601_99873900	18415
chr8_13612501_13612800	18416
chr5_123670501_123670800	18417
chr2_49109401_49109700	18418
chr15_60005101_60005400	18419
chr16_32294401_32294700	18420
chr16_23248201_23248500	18421
chr2_116786401_116786700	18422
chr1_100703401_100703700	18423
chr12_54293101_54293400	18424
chr22_17654701_17655000	18425
chr2_98234101_98234400	18426
chr2_131368501_131368800	18427
chr11_101567101_101567400	18428
chr1_24163501_24163800	18429
chr8_2148301_2148600	18430
chr2_146948401_146948700	18431
chr10_102036901_102037200	18432
chr3_180592501_180592800	18433
chr17_18430801_18431100	18434
chr14_74015401_74015700	18435
chr11_78199801_78200100	18436
chr8_23762701_23763000	18437
chr5_150916801_150917100	18438
chr7_7108501_7108800	18439
chr1_223798501_223798800	18440
chr4_148831801_148832100	18441
chr1_231798601_231798900	18442
chr8_24795601_24795900	18443
chr4_43951201_43951500	18444
chr12_62404501_62404800	18445
chr22_36522301_36522600	18446
chr17_21232501_21232800	18447
chr10_7690801_7691100	18448
chr22_35832901_35833200	18449
chr22_28597501_28597800	18450
chr12_94380001_94380300	18451
chr19_35159101_35159400	18452
chr11_81468001_81468300	18453
chr7_64885201_64885500	18454
chr1_178491601_178491900	18455
chr2_3364501_3364800	18456
chr15_98865301_98865600	18457
chr3_17068501_17068800	18458
chr8_29264701_29265000	18459
chr22_39384601_39384900	18460
chr21_29276701_29277000	18461
chr1_41024701_41025000	18462
chr18_65005201_65005500	18463
chr10_25395601_25395900	18464
chr8_33721801_33722100	18465
chr14_57510901_57511200	18466
chr1_28143601_28143900	18467
chr4_22881901_22882200	18468
chr1_51838801_51839100	18469
chr11_134253601_134253900	18470
chr3_176508901_176509200	18471
chr8_124435501_124435800	18472
chr6_30074101_30074400	18473
chr3_157798801_157799100	18474
chr3_121088101_121088400	18475
chr14_65946301_65946600	18476
chr1_202098601_202098900	18477
chr13_104757601_104757900	18478
chr1_3077701_3078000	18479
chr2_10749001_10749300	18480
chr9_29555101_29555400	18481
chr19_18134701_18135000	18482
chr3_39544201_39544500	18483
chr9_75851101_75851400	18484
chr8_93744601_93744900	18485
chr1_56547601_56547900	18486
chr4_101079301_101079600	18487
chr3_129770701_129771000	18488
chr6_51136201_51136500	18489
chr9_118686601_118686900	18490
chr8_135155101_135155400	18491
chr14_53776801_53777100	18492
chr2_174440401_174440700	18493
chr18_41047201_41047500	18494
chr8_128685001_128685300	18495
chr3_183959401_183959700	18496
chr10_47599801_47600100	18497
chr13_51693901_51694200	18498
chr19_30957301_30957600	18499
chr1_84906001_84906300	18500
chr9_90441601_90441900	18501
chr3_133168501_133168800	18502
chr14_65472001_65472300	18503
chr6_10226101_10226400	18504
chr9_40368901_40369200	18505
chr12_105031801_105032100	18506
chr15_53432101_53432400	18507
chr11_15382501_15382800	18508
chr3_70651501_70651800	18509
chr12_402001_402300	18510
chr7_124351801_124352100	18511
chr3_177592201_177592500	18512
chr13_29416201_29416500	18513
chr3_87725701_87726000	18514
chr6_164962501_164962800	18515
chr8_107540101_107540400	18516
chr7_140291401_140291700	18517
chr8_94005301_94005600	18518
chr12_70330801_70331100	18519
chr8_21136801_21137100	18520
chr14_49706701_49707000	18521
chr2_221190901_221191200	18522
chr17_73749901_73750200	18523
chr7_32526901_32527200	18524
chr12_132818101_132818400	18525
chr9_39583801_39584100	18526
chr13_31833001_31833300	18527
chr3_55056301_55056600	18528
chr4_68539501_68539800	18529
chr8_14101801_14102100	18530
chr7_11011201_11011500	18531
chr8_97065601_97065900	18532
chr12_9634501_9634800	18533
chr1_170778301_170778600	18534
chr7_143633701_143634000	18535
chr21_29600101_29600400	18536
chr7_3993901_3994200	18537
chr17_45772501_45772800	18538
chr15_53133301_53133600	18539
chr1_108784201_108784500	18540
chr7_140063101_140063400	18541
chr18_35740501_35740800	18542
chr1_149149501_149149800	18543
chr13_63869401_63869700	18544
chr8_64637101_64637400	18545
chr8_131228401_131228700	18546
chr15_65991901_65992200	18547
chr3_185240101_185240400	18548
chr7_9119101_9119400	18549
chr7_111287701_111288000	18550
chr16_32133001_32133300	18551
chr1_55093201_55093500	18552
chr6_76981501_76981800	18553
chr5_8578801_8579100	18554
chr2_14526301_14526600	18555
chr9_115757701_115758000	18556
chr10_36954601_36954900	18557
chr12_97206601_97206900	18558
chr14_33313801_33314100	18559
chr6_29863201_29863500	18560
chr9_29417701_29418000	18561
chr5_150215401_150215700	18562
chr14_93612901_93613200	18563
chr1_244426501_244426800	18564
chr3_29366101_29366400	18565
chr4_82426501_82426800	18566
chr2_120934801_120935100	18567
chr5_83895901_83896200	18568
chr8_13827301_13827600	18569
chr10_97710901_97711200	18570
chr7_75581101_75581400	18571
chr3_69577201_69577500	18572
chr12_118892101_118892400	18573
chr3_67495201_67495500	18574
chr2_54907201_54907500	18575
chr12_94407601_94407900	18576
chr20_33243901_33244200	18577
chr6_33320101_33320400	18578
chr17_34097101_34097400	18579
chr12_69247201_69247500	18580
chr1_5796001_5796300	18581
chr4_80538901_80539200	18582
chr10_14057101_14057400	18583
chr10_36149701_36150000	18584
chr8_6010201_6010500	18585
chr21_29599801_29600100	18586
chr8_43141801_43142100	18587
chr13_36050101_36050400	18588
chr5_120454201_120454500	18589
chr2_184704601_184704900	18590
chr5_58438801_58439100	18591
chr5_50268901_50269200	18592
chr7_83492401_83492700	18593
chr18_24658801_24659100	18594
chr2_66214201_66214500	18595
chr20_1295701_1296000	18596
chr6_110454301_110454600	18597
chr8_116703001_116703300	18598
chr1_236703301_236703600	18599
chr22_17305501_17305800	18600
chr1_74429401_74429700	18601
chr14_99388201_99388500	18602
chr10_111184201_111184500	18603
chr17_13176001_13176300	18604
chr4_108229501_108229800	18605
chr5_29192101_29192400	18606
chr10_10928101_10928400	18607
chr19_56217301_56217600	18608
chr2_114906001_114906300	18609
chr3_130072801_130073100	18610
chr18_2451301_2451600	18611
chr6_127448701_127449000	18612
chr10_75229801_75230100	18613
chr13_74075101_74075400	18614
chr12_118044301_118044600	18615
chr3_165215701_165216000	18616
chr3_115658101_115658400	18617
chr7_54612901_54613200	18618
chr1_184320901_184321200	18619
chr1_146342701_146343000	18620
chr2_208977301_208977600	18621
chr7_64750501_64750800	18622
chr13_43427401_43427700	18623
chr9_43665001_43665300	18624
chr2_50729101_50729400	18625
chr10_47203501_47203800	18626
chr15_96909301_96909600	18627
chr1_191409001_191409300	18628
chr2_38190901_38191200	18629
chr20_54651301_54651600	18630
chr6_166585801_166586100	18631
chr14_52396201_52396500	18632
chr5_4363501_4363800	18633
chr4_168636601_168636900	18634
chr4_45186601_45186900	18635
chr4_26361301_26361600	18636
chr16_13510501_13510800	18637
chr1_12943801_12944100	18638
chr2_71125801_71126100	18639
chr1_20460601_20460900	18640
chr2_106695601_106695900	18641
chr10_16398001_16398300	18642
chr11_110463001_110463300	18643
chr21_14583601_14583900	18644
chr16_53901001_53901300	18645
chr7_64605301_64605600	18646
chr4_104208001_104208300	18647
chr4_66870601_66870900	18648
chr19_15705301_15705600	18649
chr19_46746301_46746600	18650
chr13_33185101_33185400	18651
chr1_83102701_83103000	18652
chr17_80106601_80106900	18653
chr16_6954301_6954600	18654
chr7_76169101_76169400	18655
chr10_69611401_69611700	18656
chr2_17724901_17725200	18657
chr6_91578901_91579200	18658
chr21_26020501_26020800	18659
chr6_33027301_33027600	18660
chr7_31315801_31316100	18661
chr8_71331601_71331900	18662
chr7_11518201_11518500	18663
chr2_79027801_79028100	18664
chr6_161268601_161268900	18665
chr5_120946201_120946500	18666
chr4_70503601_70503900	18667
chr14_38643901_38644200	18668
chr2_123452401_123452700	18669
chr8_57810001_57810300	18670
chr7_18060901_18061200	18671
chr11_104328601_104328900	18672
chr7_154997101_154997400	18673
chr6_165727501_165727800	18674
chr7_1377301_1377600	18675
chr15_86772901_86773200	18676
chr2_58027501_58027800	18677
chr7_97684801_97685100	18678
chr3_29272201_29272500	18679
chr20_17290201_17290500	18680
chr4_62723401_62723700	18681
chr1_55284001_55284300	18682
chr11_83382901_83383200	18683
chr2_168751201_168751500	18684
chr4_21088201_21088500	18685
chr13_81812401_81812700	18686
chr8_128684701_128685000	18687
chr11_69983101_69983400	18688
chr21_10990501_10990800	18689
chr1_55285501_55285800	18690
chr1_199054801_199055100	18691
chr3_96939301_96939600	18692
chr7_144947701_144948000	18693
chr5_64470901_64471200	18694
chr8_70752601_70752900	18695
chr2_236579701_236580000	18696
chr2_75334501_75334800	18697
chr1_199531501_199531800	18698
chr18_43751101_43751400	18699
chr5_126685801_126686100	18700
chr18_61350001_61350300	18701
chr8_83617501_83617800	18702
chr2_224148901_224149200	18703
chr12_86457601_86457900	18704
chr4_30064501_30064800	18705
chr16_1219501_1219800	18706
chr22_37075201_37075500	18707
chr15_46515901_46516200	18708
chr19_53926201_53926500	18709
chr17_18371701_18372000	18710
chr14_42486001_42486300	18711
chr13_76820701_76821000	18712
chr2_46982401_46982700	18713
chr1_162798901_162799200	18714
chr3_56788801_56789100	18715
chr4_16583401_16583700	18716
chr22_48645301_48645600	18717
chr1_110355601_110355900	18718
chr20_1357201_1357500	18719
chr6_29852401_29852700	18720
chr10_70078801_70079100	18721
chr19_4618501_4618800	18722
chr6_122998801_122999100	18723
chr1_187174501_187174800	18724
chr17_37683301_37683600	18725
chr9_20974801_20975100	18726
chr1_242546401_242546700	18727
chr4_187096501_187096800	18728
chr2_106568701_106569000	18729
chr1_96868801_96869100	18730
chr8_128429701_128430000	18731
chr1_57820501_57820800	18732
chr2_78110101_78110400	18733
chr5_57651301_57651600	18734
chr3_82283101_82283400	18735
chr17_18430501_18430800	18736
chr18_24378001_24378300	18737
chr6_29648101_29648400	18738
chr15_89096101_89096400	18739
chr17_17628001_17628300	18740
chr3_45167401_45167700	18741
chr8_136852201_136852500	18742
chr3_145676101_145676400	18743
chr13_82425301_82425600	18744
chr20_41629501_41629800	18745
chr13_39846901_39847200	18746
chr1_241838101_241838400	18747
chr3_108953401_108953700	18748
chr18_47200801_47201100	18749
chr5_30929101_30929400	18750
chr20_35609701_35610000	18751
chr14_54695401_54695700	18752
chr3_182481901_182482200	18753
chr15_23133601_23133900	18754
chr9_17075401_17075700	18755
chr11_15134401_15134700	18756
chr3_194868301_194868600	18757
chr2_129807001_129807300	18758
chr5_31114801_31115100	18759
chr4_77066401_77066700	18760
chr5_81549001_81549300	18761
chr20_2802901_2803200	18762
chr8_74031001_74031300	18763
chr1_198340201_198340500	18764
chr2_102195001_102195300	18765
chr18_24659101_24659400	18766
chr13_37674601_37674900	18767
chr20_15757801_15758100	18768
chr11_2076001_2076300	18769
chr20_49785001_49785300	18770
chr2_240628501_240628800	18771
chr8_12234601_12234900	18772
chr22_49467001_49467300	18773
chr3_46599901_46600200	18774
chr13_34287301_34287600	18775
chr11_74102101_74102400	18776
chr14_72289801_72290100	18777
chr9_7565101_7565400	18778
chr5_3701401_3701700	18779
chr4_139135201_139135500	18780
chr17_44465401_44465700	18781
chr7_100396801_100397100	18782
chr1_17649001_17649300	18783
chr4_13827601_13827900	18784
chr4_75476701_75477000	18785
chr19_14073901_14074200	18786
chr5_123618901_123619200	18787
chr14_48240901_48241200	18788
chr6_135957001_135957300	18789
chr7_154873201_154873500	18790
chr5_12147901_12148200	18791
chr6_66403201_66403500	18792
chr15_85483501_85483800	18793
chr2_1221001_1221300	18794
chr2_153687601_153687900	18795
chr8_80223901_80224200	18796
chr5_7704001_7704300	18797
chr8_52938601_52938900	18798
chr8_130509301_130509600	18799
chr3_160672501_160672800	18800
chr5_172700401_172700700	18801
chr2_234699001_234699300	18802
chr7_53969101_53969400	18803
chr3_68169001_68169300	18804
chr10_80308201_80308500	18805
chr2_126064501_126064800	18806
chr13_31497901_31498200	18807
chr8_138200401_138200700	18808
chr12_105773401_105773700	18809
chr2_192711301_192711600	18810
chr13_34073701_34074000	18811
chr20_42788401_42788700	18812
chr2_109311601_109311900	18813
chr16_33576601_33576900	18814
chr3_118444501_118444800	18815
chr2_130358701_130359000	18816
chr21_36072901_36073200	18817
chr11_81198601_81198900	18818
chr11_394201_394500	18819
chr19_38379601_38379900	18820
chr5_161259601_161259900	18821
chr17_70112101_70112400	18822
chr2_47333101_47333400	18823
chr5_110866201_110866500	18824
chr7_52390801_52391100	18825
chr4_83019901_83020200	18826
chr14_49464601_49464900	18827
chr3_96246901_96247200	18828
chr13_39169201_39169500	18829
chr1_5454601_5454900	18830
chr2_4499401_4499700	18831
chr1_164850601_164850900	18832
chr9_44746801_44747100	18833
chr3_8257201_8257500	18834
chr2_226377001_226377300	18835
chr1_38338801_38339100	18836
chr2_53541301_53541600	18837
chr7_156137701_156138000	18838
chr19_15046201_15046500	18839
chr5_54531301_54531600	18840
chr11_63166501_63166800	18841
chr6_31417501_31417800	18842
chr7_75701101_75701400	18843
chr1_25211401_25211700	18844
chr7_19534201_19534500	18845
chr13_24711001_24711300	18846
chr19_22816501_22816800	18847
chr2_1956601_1956900	18848
chr3_74753701_74754000	18849
chr2_47035201_47035500	18850
chr2_129558001_129558300	18851
chr3_126318001_126318300	18852
chr6_21235501_21235800	18853
chr7_73552201_73552500	18854
chr8_47946001_47946300	18855
chr7_158362201_158362500	18856
chr15_50406601_50406900	18857
chr16_23748901_23749200	18858
chr12_96502501_96502800	18859
chr11_114194701_114195000	18860
chr1_170896501_170896800	18861
chr12_71046001_71046300	18862
chr2_8785801_8786100	18863
chr18_37314001_37314300	18864
chr1_32085901_32086200	18865
chr10_135035101_135035400	18866
chr6_116895901_116896200	18867
chr2_139846801_139847100	18868
chr9_25756201_25756500	18869
chr8_69536701_69537000	18870
chr13_110904901_110905200	18871
chr17_10588201_10588500	18872
chr8_17732701_17733000	18873
chr19_29784001_29784300	18874
chr4_96015601_96015900	18875
chr3_58253701_58254000	18876
chr19_49002001_49002300	18877
chr6_16906801_16907100	18878
chr2_45074701_45075000	18879
chr18_41181301_41181600	18880
chr8_64184401_64184700	18881
chr6_27107401_27107700	18882
chr4_23473501_23473800	18883
chr13_44742901_44743200	18884
chr4_188699101_188699400	18885
chr11_121233901_121234200	18886
chr4_188008801_188009100	18887
chr15_92142601_92142900	18888
chr6_49111801_49112100	18889
chr5_137590801_137591100	18890
chr4_183049501_183049800	18891
chr1_113918701_113919000	18892
chr5_151272901_151273200	18893
chr6_121257301_121257600	18894
chr13_46474201_46474500	18895
chr22_46918501_46918800	18896
chr16_56600101_56600400	18897
chr1_50113801_50114100	18898
chr12_127686601_127686900	18899
chr12_9612601_9612900	18900
chr3_22451401_22451700	18901
chr11_27927901_27928200	18902
chr20_47523301_47523600	18903
chr14_96504301_96504600	18904
chr6_6764701_6765000	18905
chr17_44658301_44658600	18906
chr16_10575001_10575300	18907
chr14_104796001_104796300	18908
chr19_28616701_28617000	18909
chr3_120899701_120900000	18910
chr17_9231301_9231600	18911
chr8_82862401_82862700	18912
chr2_51948901_51949200	18913
chr21_15164701_15165000	18914
chr13_43437301_43437600	18915
chr12_54170701_54171000	18916
chr19_43485301_43485600	18917
chr7_63386701_63387000	18918
chr20_14529001_14529300	18919
chr7_23090101_23090400	18920
chr19_6212701_6213000	18921
chr9_32657101_32657400	18922
chr17_38794501_38794800	18923
chr14_42999901_43000200	18924
chr7_130035901_130036200	18925
chr11_99892501_99892800	18926
chr8_121694101_121694400	18927
chr3_163431901_163432200	18928
chr2_51564601_51564900	18929
chr5_19253701_19254000	18930
chr9_115846501_115846800	18931
chr12_71432701_71433000	18932
chr2_27764401_27764700	18933
chr18_37228801_37229100	18934
chr10_48785701_48786000	18935
chr17_72648901_72649200	18936
chr12_75690901_75691200	18937
chr1_196389001_196389300	18938
chr2_96401701_96402000	18939
chr19_1226701_1227000	18940
chr1_10845001_10845300	18941
chr4_91569301_91569600	18942
chr2_242951101_242951400	18943
chr8_139950901_139951200	18944
chr3_136442401_136442700	18945
chr14_81350401_81350700	18946
chr13_105746401_105746700	18947
chr2_153581101_153581400	18948
chr15_45130501_45130800	18949
chr1_110227501_110227800	18950
chr6_122440201_122440500	18951
chr1_147416101_147416400	18952
chr6_4992901_4993200	18953
chr21_22354201_22354500	18954
chr4_73342501_73342800	18955
chr19_29881801_29882100	18956
chr5_4063201_4063500	18957
chr13_59806801_59807100	18958
chr5_104264701_104265000	18959
chr10_116659201_116659500	18960
chr8_134453401_134453700	18961
chr9_10060501_10060800	18962
chr5_106522201_106522500	18963
chr9_121890601_121890900	18964
chr4_66016501_66016800	18965
chr16_15051301_15051600	18966
chr5_150792001_150792300	18967
chr10_101277901_101278200	18968
chr1_34818301_34818600	18969
chr8_49000201_49000500	18970
chr11_72168901_72169200	18971
chr8_136051201_136051500	18972
chr8_77247601_77247900	18973
chr3_21764701_21765000	18974
chr4_4110601_4110900	18975
chr9_19873501_19873800	18976
chr7_38397301_38397600	18977
chr4_117430501_117430800	18978
chr22_31294501_31294800	18979
chr17_81125701_81126000	18980
chr1_22677601_22677900	18981
chr1_98670901_98671200	18982
chr1_248633101_248633400	18983
chr11_43029301_43029600	18984
chr11_18348301_18348600	18985
chr4_178510801_178511100	18986
chr4_108221401_108221700	18987
chr5_13554601_13554900	18988
chr21_41497801_41498100	18989
chr9_44779201_44779500	18990
chr20_59751901_59752200	18991
chr2_196295401_196295700	18992
chr1_170388301_170388600	18993
chr4_18838501_18838800	18994
chr11_102546001_102546300	18995
chr13_89219101_89219400	18996
chr3_99948001_99948300	18997
chr4_145504801_145505100	18998
chr7_17083801_17084100	18999
chr7_75779701_75780000	19000
chr12_28299301_28299600	19001
chr14_101923201_101923500	19002
chr19_16598101_16598400	19003
chr3_90116401_90116700	19004
chr2_79484701_79485000	19005
chr4_78885601_78885900	19006
chr5_21344401_21344700	19007
chr19_45817201_45817500	19008
chr3_34302301_34302600	19009
chr1_114838201_114838500	19010
chr3_73203901_73204200	19011
chr1_71279401_71279700	19012
chr2_118902001_118902300	19013
chr10_24074701_24075000	19014
chr20_9969001_9969300	19015
chr1_164990401_164990700	19016
chr7_23090401_23090700	19017
chr1_153075001_153075300	19018
chr2_41886901_41887200	19019
chr4_84500101_84500400	19020
chr4_41868901_41869200	19021
chr13_90721801_90722100	19022
chr9_35262301_35262600	19023
chr10_87648601_87648900	19024
chr6_51837901_51838200	19025
chr5_167401201_167401500	19026
chr19_52900501_52900800	19027
chr17_44482201_44482500	19028
chr12_68926501_68926800	19029
chr10_47897101_47897400	19030
chr2_103483201_103483500	19031
chr16_64595101_64595400	19032
chr11_67518601_67518900	19033
chr13_99617401_99617700	19034
chr1_68487001_68487300	19035
chr2_71995801_71996100	19036
chr19_58147801_58148100	19037
chr16_29010301_29010600	19038
chr9_14719201_14719500	19039
chr2_149011801_149012100	19040
chr13_104030101_104030400	19041
chr19_8243701_8244000	19042
chr15_100468801_100469100	19043
chr20_24772201_24772500	19044
chr15_69152401_69152700	19045
chr1_221693701_221694000	19046
chr1_69280501_69280800	19047
chr16_65888701_65889000	19048
chr10_38620201_38620500	19049
chr10_68745301_68745600	19050
chr6_161271901_161272200	19051
chr17_1960501_1960800	19052
chr6_78879901_78880200	19053
chr15_45919501_45919800	19054
chr12_59571601_59571900	19055
chr8_100057801_100058100	19056
chr14_106800601_106800900	19057
chr2_15214201_15214500	19058
chr13_49894801_49895100	19059
chr6_29175601_29175900	19060
chr12_114139501_114139800	19061
chr10_67135201_67135500	19062
chr9_4900501_4900800	19063
chr17_14232601_14232900	19064
chr4_36325501_36325800	19065
chr13_113655901_113656200	19066
chr2_111877201_111877500	19067
chr22_24249601_24249900	19068
chr2_23571901_23572200	19069
chr20_59434501_59434800	19070
chr1_51124801_51125100	19071
chr1_6514501_6514800	19072
chr7_52386601_52386900	19073
chr12_13141501_13141800	19074
chr11_115818001_115818300	19075
chr1_89505601_89505900	19076
chr8_120718801_120719100	19077
chr6_113525701_113526000	19078
chr5_132444301_132444600	19079
chr5_156290101_156290400	19080
chr11_1293301_1293600	19081
chr11_1464301_1464600	19082
chr13_66922201_66922500	19083
chr2_221411101_221411400	19084
chr14_55923001_55923300	19085
chr4_19614901_19615200	19086
chr18_39395101_39395400	19087
chr3_185920501_185920800	19088
chr4_124664101_124664400	19089
chr3_30774901_30775200	19090
chr15_40043701_40044000	19091
chr20_62573401_62573700	19092
chr19_35634001_35634300	19093
chr8_125441401_125441700	19094
chr10_110806501_110806800	19095
chr20_11854201_11854500	19096
chr21_28869301_28869600	19097
chr3_121642201_121642500	19098
chr6_135957301_135957600	19099
chr17_8250601_8250900	19100
chr22_24364801_24365100	19101
chr4_182150101_182150400	19102
chr4_23978401_23978700	19103
chr16_77996401_77996700	19104
chr10_17341201_17341500	19105
chr9_133413001_133413300	19106
chr9_106887001_106887300	19107
chr1_171987901_171988200	19108
chr8_72699601_72699900	19109
chr8_65101801_65102100	19110
chr7_102989401_102989700	19111
chr4_86118001_86118300	19112
chr10_23758801_23759100	19113
chr5_9642901_9643200	19114
chr3_124157701_124158000	19115
chr8_2427601_2427900	19116
chr6_30933901_30934200	19117
chr2_137111401_137111700	19118
chr15_39803101_39803400	19119
chr12_105114301_105114600	19120
chr1_95745901_95746200	19121
chr4_23829301_23829600	19122
chr9_114585901_114586200	19123
chr2_112154401_112154700	19124
chr18_56555101_56555400	19125
chr1_95745601_95745900	19126
chr10_122714401_122714700	19127
chr1_190920001_190920300	19128
chr4_9171601_9171900	19129
chr11_1865701_1866000	19130
chr3_55516201_55516500	19131
chr1_12234001_12234300	19132
chr6_49112101_49112400	19133
chr19_3649801_3650100	19134
chr1_53742601_53742900	19135
chr14_28558501_28558800	19136
chr10_135006901_135007200	19137
chr6_29907901_29908200	19138
chr1_98602201_98602500	19139
chr16_58782601_58782900	19140
chr12_128224501_128224800	19141
chr13_29583001_29583300	19142
chr4_61538701_61539000	19143
chr17_3302701_3303000	19144
chr3_129082201_129082500	19145
chr13_104030401_104030700	19146
chr5_180394501_180394800	19147
chr11_127300501_127300800	19148
chr15_87351901_87352200	19149
chr1_67005901_67006200	19150
chr19_19836901_19837200	19151
chr1_111609901_111610200	19152
chr8_54051601_54051900	19153
chr5_154097701_154098000	19154
chr13_76455601_76455900	19155
chr20_15854401_15854700	19156
chr14_27668401_27668700	19157
chr14_28314301_28314600	19158
chr1_227625301_227625600	19159
chr19_5375401_5375700	19160
chr10_65517301_65517600	19161
chr12_98396401_98396700	19162
chr12_27589501_27589800	19163
chr4_9466501_9466800	19164
chr10_59423101_59423400	19165
chr2_45422401_45422700	19166
chr2_7723501_7723800	19167
chr5_77259301_77259600	19168
chr7_99137101_99137400	19169
chr2_109864801_109865100	19170
chr4_54746101_54746400	19171
chr13_59853601_59853900	19172
chr3_53554801_53555100	19173
chr3_113069101_113069400	19174
chr8_117188701_117189000	19175
chr13_22549201_22549500	19176
chr7_36526801_36527100	19177
chr9_116888101_116888400	19178
chr4_33321601_33321900	19179
chr7_20510401_20510700	19180
chr2_80023501_80023800	19181
chr2_225298801_225299100	19182
chr10_91266301_91266600	19183
chr17_44636701_44637000	19184
chr4_117700801_117701100	19185
chr11_12113101_12113400	19186
chr8_134079901_134080200	19187
chr16_60461101_60461400	19188
chr7_155595601_155595900	19189
chr2_156069601_156069900	19190
chr19_39226201_39226500	19191
chr3_197282401_197282700	19192
chr9_78921301_78921600	19193
chr2_60230101_60230400	19194
chr5_177523501_177523800	19195
chr14_61308001_61308300	19196
chr8_87066001_87066300	19197
chr16_84502801_84503100	19198
chr14_103830301_103830600	19199
chr11_39285001_39285300	19200
chr5_115978201_115978500	19201
chr6_52587901_52588200	19202
chr6_169424101_169424400	19203
chr1_108383401_108383700	19204
chr22_39341701_39342000	19205
chr12_126093601_126093900	19206
chr12_57780001_57780300	19207
chr2_19781701_19782000	19208
chr5_95255401_95255700	19209
chr7_133814401_133814700	19210
chr2_186187801_186188100	19211
chr6_32541301_32541600	19212
chr1_24280801_24281100	19213
chr9_121678201_121678500	19214
chr6_22312201_22312500	19215
chr19_381301_381600	19216
chr11_111689401_111689700	19217
chr8_33729601_33729900	19218
chr6_80315701_80316000	19219
chr3_169051501_169051800	19220
chr13_77559901_77560200	19221
chr8_5926201_5926500	19222
chr9_10060801_10061100	19223
chr7_142945201_142945500	19224
chr11_26934001_26934300	19225
chr8_63639001_63639300	19226
chr15_90082501_90082800	19227
chr9_127591501_127591800	19228
chr1_120326101_120326400	19229
chr16_65256901_65257200	19230
chr6_27546001_27546300	19231
chr14_56113201_56113500	19232
chr5_146280001_146280300	19233
chr1_240147901_240148200	19234
chr1_243502201_243502500	19235
chr19_1466401_1466700	19236
chr18_47696701_47697000	19237
chr9_115826101_115826400	19238
chr7_71810101_71810400	19239
chr1_94838701_94839000	19240
chr2_58205701_58206000	19241
chr3_25983601_25983900	19242
chr18_40193101_40193400	19243
chr20_1566601_1566900	19244
chr19_33519001_33519300	19245
chr7_157226101_157226400	19246
chr15_94390801_94391100	19247
chr6_113735101_113735400	19248
chr18_41268601_41268900	19249
chr10_51253201_51253500	19250
chr6_9204001_9204300	19251
chr12_60480301_60480600	19252
chr16_26814301_26814600	19253
chr17_52506301_52506600	19254
chr13_34713601_34713900	19255
chr5_102417901_102418200	19256
chr10_86529301_86529600	19257
chr10_104528101_104528400	19258
chr4_186441601_186441900	19259
chr2_169674601_169674900	19260
chr6_132249901_132250200	19261
chr19_14709001_14709300	19262
chr3_64869001_64869300	19263
chr15_70772101_70772400	19264
chr12_13141801_13142100	19265
chr1_209568901_209569200	19266
chr10_7077001_7077300	19267
chr6_29896201_29896500	19268
chr13_20927401_20927700	19269
chr18_4893901_4894200	19270
chr8_41202001_41202300	19271
chr22_18930301_18930600	19272
chr22_23206201_23206500	19273
chr1_70273501_70273800	19274
chr1_119597701_119598000	19275
chr2_16839601_16839900	19276
chr7_76118101_76118400	19277
chr1_90869101_90869400	19278
chr5_180417301_180417600	19279
chr15_29269501_29269800	19280
chr16_16460101_16460400	19281
chr6_31113901_31114200	19282
chr21_18464101_18464400	19283
chr3_3639301_3639600	19284
chr9_84151201_84151500	19285
chr1_217481401_217481700	19286
chr4_127922701_127923000	19287
chr14_33349501_33349800	19288
chr3_70651801_70652100	19289
chr21_33441301_33441600	19290
chr5_54496801_54497100	19291
chr10_66972301_66972600	19292
chr1_60312001_60312300	19293
chr7_36383101_36383400	19294
chr9_9029101_9029400	19295
chr8_19908901_19909200	19296
chr5_125061601_125061900	19297
chr2_79006501_79006800	19298
chr4_147008101_147008400	19299
chr2_187226101_187226400	19300
chr19_47366401_47366700	19301
chr2_40136101_40136400	19302
chr4_117218401_117218700	19303
chr18_44043301_44043600	19304
chr8_139414501_139414800	19305
chr16_53631901_53632200	19306
chr3_189390301_189390600	19307
chr12_84630001_84630300	19308
chr2_12299701_12300000	19309
chr14_43982101_43982400	19310
chr17_14661901_14662200	19311
chr5_176526901_176527200	19312
chr12_103075501_103075800	19313
chr8_129253201_129253500	19314
chr10_18069901_18070200	19315
chr7_303601_303900	19316
chr9_7198201_7198500	19317
chr18_11089501_11089800	19318
chr1_100530901_100531200	19319
chr7_68461801_68462100	19320
chr4_53035201_53035500	19321
chr8_12249901_12250200	19322
chr22_24278401_24278700	19323
chr6_45232201_45232500	19324
chr10_50215201_50215500	19325
chr5_141454801_141455100	19326
chr17_74253901_74254200	19327
chr19_56813701_56814000	19328
chr15_49490701_49491000	19329
chr10_5073901_5074200	19330
chr6_163690501_163690800	19331
chr3_29016001_29016300	19332
chr3_112371901_112372200	19333
chr17_18452101_18452400	19334
chr11_94248901_94249200	19335
chr17_35289601_35289900	19336
chr2_132559801_132560100	19337
chr9_32764501_32764800	19338
chr16_59492401_59492700	19339
chr2_235037401_235037700	19340
chr2_20429101_20429400	19341
chr6_46484101_46484400	19342
chr7_138378001_138378300	19343
chr12_71683201_71683500	19344
chr1_13423501_13423800	19345
chr4_122909401_122909700	19346
chr4_2667001_2667300	19347
chr8_129155401_129155700	19348
chr18_19648801_19649100	19349
chr3_165232201_165232500	19350
chr2_59649601_59649900	19351
chr3_12924601_12924900	19352
chr13_68682001_68682300	19353
chr10_4189801_4190100	19354
chr9_96516901_96517200	19355
chr4_961801_962100	19356
chr6_29379301_29379600	19357
chr4_165180301_165180600	19358
chr1_163343701_163344000	19359
chr19_125701_126000	19360
chr4_58193701_58194000	19361
chr21_32457901_32458200	19362
chr16_11383201_11383500	19363
chr2_8330701_8331000	19364
chr3_191417401_191417700	19365
chr11_19412401_19412700	19366
chr8_113382301_113382600	19367
chr13_25282801_25283100	19368
chr7_70801501_70801800	19369
chr16_78785701_78786000	19370
chr4_58569301_58569600	19371
chr6_130498501_130498800	19372
chr13_108649201_108649500	19373
chr20_3504901_3505200	19374
chr9_36309001_36309300	19375
chr3_158316301_158316600	19376
chr6_145284601_145284900	19377
chr13_90536101_90536400	19378
chr22_50473201_50473500	19379
chr7_19714201_19714500	19380
chr8_63653701_63654000	19381
chr15_69506401_69506700	19382
chr16_89258701_89259000	19383
chr3_157353301_157353600	19384
chr14_44809801_44810100	19385
chr2_64504801_64505100	19386
chr13_91973401_91973700	19387
chr9_90336001_90336300	19388
chr16_20729401_20729700	19389
chr11_29139901_29140200	19390
chr9_90767401_90767700	19391
chr2_40208101_40208400	19392
chr2_126096301_126096600	19393
chr12_127492801_127493100	19394
chr6_41109301_41109600	19395
chr14_21482101_21482400	19396
chr14_71098201_71098500	19397
chr10_24213901_24214200	19398
chr15_27430201_27430500	19399
chr10_25939801_25940100	19400
chr7_13242301_13242600	19401
chr16_20001601_20001900	19402
chr2_4499701_4500000	19403
chr13_109466701_109467000	19404
chr5_52693201_52693500	19405
chr12_5004301_5004600	19406
chr1_84910201_84910500	19407
chr8_75854101_75854400	19408
chr20_40470001_40470300	19409
chr6_33292501_33292800	19410
chr6_103738201_103738500	19411
chr9_115841101_115841400	19412
chr5_157382701_157383000	19413
chr8_24899701_24900000	19414
chr3_166352701_166353000	19415
chr2_78292501_78292800	19416
chr1_152600401_152600700	19417
chr1_96546001_96546300	19418
chr5_30776701_30777000	19419
chr4_116124301_116124600	19420
chr1_159777601_159777900	19421
chr4_119523001_119523300	19422
chr2_195041101_195041400	19423
chr15_69151801_69152100	19424
chr7_144634201_144634500	19425
chr17_63381301_63381600	19426
chr7_94665601_94665900	19427
chr6_50646001_50646300	19428
chr10_54494701_54495000	19429
chr14_94260301_94260600	19430
chr6_6379201_6379500	19431
chr2_30843301_30843600	19432
chr2_242705701_242706000	19433
chr8_597301_597600	19434
chr11_4692001_4692300	19435
chr6_74932801_74933100	19436
chr19_55328701_55329000	19437
chr17_67063801_67064100	19438
chr2_5221801_5222100	19439
chr15_48229801_48230100	19440
chr1_236702701_236703000	19441
chr7_81580801_81581100	19442
chr11_134253901_134254200	19443
chr22_17305201_17305500	19444
chr6_72500101_72500400	19445
chr10_125217901_125218200	19446
chr18_14998501_14998800	19447
chr6_11296501_11296800	19448
chr10_91563601_91563900	19449
chr4_161699101_161699400	19450
chr1_94290601_94290900	19451
chr3_175337101_175337400	19452
chr19_43739401_43739700	19453
chr1_211738201_211738500	19454
chr2_111100201_111100500	19455
chr2_194319301_194319600	19456
chr4_177598801_177599100	19457
chr10_35202601_35202900	19458
chr9_76891201_76891500	19459
chr1_25617901_25618200	19460
chr4_33381001_33381300	19461
chr3_34302601_34302900	19462
chr3_2329201_2329500	19463
chr8_77360101_77360400	19464
chr12_15666001_15666300	19465
chr8_142917001_142917300	19466
chr2_238855201_238855500	19467
chr12_107753401_107753700	19468
chr6_123437101_123437400	19469
chr7_135482101_135482400	19470
chr18_30216601_30216900	19471
chr16_78377701_78378000	19472
chr12_64599301_64599600	19473
chr18_62830201_62830500	19474
chr12_63650701_63651000	19475
chr17_7756801_7757100	19476
chr7_21586201_21586500	19477
chr1_169244101_169244400	19478
chr11_30114301_30114600	19479
chr2_184929601_184929900	19480
chr3_142766401_142766700	19481
chr4_31594801_31595100	19482
chr2_216552001_216552300	19483
chr2_36397501_36397800	19484
chr3_157907401_157907700	19485
chr1_170832301_170832600	19486
chr7_43374901_43375200	19487
chr1_55110001_55110300	19488
chr5_171895501_171895800	19489
chr10_113318401_113318700	19490
chr1_103661401_103661700	19491
chr10_58094701_58095000	19492
chr4_164448901_164449200	19493
chr3_56517601_56517900	19494
chr11_129133201_129133500	19495
chr17_2595901_2596200	19496
chr1_40338301_40338600	19497
chr6_12285001_12285300	19498
chr4_100566001_100566300	19499
chr18_67141501_67141800	19500
chr3_132531001_132531300	19501
chr12_111454501_111454800	19502
chr2_3392101_3392400	19503
chr8_60218101_60218400	19504
chr9_44802901_44803200	19505
chr9_44779801_44780100	19506
chr17_60414001_60414300	19507
chr4_18757201_18757500	19508
chr6_97329901_97330200	19509
chr5_30216601_30216900	19510
chr1_217169701_217170000	19511
chr12_4778701_4779000	19512
chr12_75030301_75030600	19513
chr12_113148601_113148900	19514
chr18_49493101_49493400	19515
chr9_90998101_90998400	19516
chr12_100634401_100634700	19517
chr11_19523101_19523400	19518
chr12_92822401_92822700	19519
chr9_555601_555900	19520
chr6_29664901_29665200	19521
chr14_93945301_93945600	19522
chr6_159805501_159805800	19523
chr6_98916301_98916600	19524
chr15_57666001_57666300	19525
chr11_57673801_57674100	19526
chr11_13468201_13468500	19527
chr21_44009401_44009700	19528
chr8_128662801_128663100	19529
chr1_161251201_161251500	19530
chr5_93215101_93215400	19531
chr18_31123501_31123800	19532
chr14_86753401_86753700	19533
chr9_35262001_35262300	19534
chr1_90909901_90910200	19535
chr4_101566501_101566800	19536
chr1_182042401_182042700	19537
chr20_15029701_15030000	19538
chr6_30086401_30086700	19539
chr1_65135101_65135400	19540
chr5_5200801_5201100	19541
chr2_157308001_157308300	19542
chr1_175539601_175539900	19543
chr15_50418601_50418900	19544
chr20_32739301_32739600	19545
chr5_136413601_136413900	19546
chr12_95957101_95957400	19547
chr2_129156301_129156600	19548
chr18_19784101_19784400	19549
chr12_98061001_98061300	19550
chr5_93666901_93667200	19551
chr1_176274001_176274300	19552
chr17_39301201_39301500	19553
chr8_126843601_126843900	19554
chr20_20233801_20234100	19555
chr4_89360401_89360700	19556
chr12_88703401_88703700	19557
chr10_88354201_88354500	19558
chr3_40338301_40338600	19559
chr12_87717901_87718200	19560
chr6_156227701_156228000	19561
chr21_21299701_21300000	19562
chr8_144714001_144714300	19563
chr7_38463901_38464200	19564
chr15_39169501_39169800	19565
chr8_47710201_47710500	19566
chr19_1275001_1275300	19567
chr3_105797701_105798000	19568
chr21_37869301_37869600	19569
chr10_16223401_16223700	19570
chr3_157798501_157798800	19571
chr2_241215901_241216200	19572
chr18_24860701_24861000	19573
chr5_29815201_29815500	19574
chr2_183453901_183454200	19575
chr10_55866001_55866300	19576
chr3_131720401_131720700	19577
chr12_71976901_71977200	19578
chr7_94665301_94665600	19579
chr6_63513901_63514200	19580
chr1_52387201_52387500	19581
chr6_30432301_30432600	19582
chr13_27198301_27198600	19583
chr3_56397901_56398200	19584
chr6_31359901_31360200	19585
chr17_18314401_18314700	19586
chr19_35865001_35865300	19587
chr11_11363101_11363400	19588
chr6_56380801_56381100	19589
chr18_19784401_19784700	19590
chr15_35609401_35609700	19591
chr18_72887101_72887400	19592
chr3_118360801_118361100	19593
chr8_139056901_139057200	19594
chr5_3701101_3701400	19595
chr3_141053101_141053400	19596
chr7_114368701_114369000	19597
chr8_25952401_25952700	19598
chr20_62806501_62806800	19599
chr1_31230301_31230600	19600
chr3_156094201_156094500	19601
chr9_12627301_12627600	19602
chr18_14717701_14718000	19603
chr4_65696101_65696400	19604
chr8_23755501_23755800	19605
chr18_32761801_32762100	19606
chr9_71805001_71805300	19607
chr16_59474401_59474700	19608
chr9_138938101_138938400	19609
chr8_34725601_34725900	19610
chr3_195906601_195906900	19611
chr5_364501_364800	19612
chr20_37524601_37524900	19613
chr8_60917701_60918000	19614
chr22_39883501_39883800	19615
chr7_95729701_95730000	19616
chr5_37744501_37744800	19617
chr10_367801_368100	19618
chr2_174602401_174602700	19619
chr1_46818001_46818300	19620
chr2_17118301_17118600	19621
chr17_37655101_37655400	19622
chr1_236139601_236139900	19623
chr1_39190201_39190500	19624
chr1_246246001_246246300	19625
chr3_53261401_53261700	19626
chr2_181960801_181961100	19627
chr12_4711501_4711800	19628
chr1_182324401_182324700	19629
chr6_32002201_32002500	19630
chr6_94440301_94440600	19631
chr3_75483301_75483600	19632
chr4_102289501_102289800	19633
chr15_39378901_39379200	19634
chr21_33335701_33336000	19635
chr3_162567001_162567300	19636
chr14_22590601_22590900	19637
chr19_32692501_32692800	19638
chr7_106261201_106261500	19639
chr21_35839501_35839800	19640
chr8_53852701_53853000	19641
chr14_77334001_77334300	19642
chr2_98501701_98502000	19643
chr13_68140801_68141100	19644
chr13_81540001_81540300	19645
chr8_11989501_11989800	19646
chr3_144850501_144850800	19647
chr10_65366101_65366400	19648
chr7_6673801_6674100	19649
chr4_37575601_37575900	19650
chr4_92965501_92965800	19651
chr8_94410001_94410300	19652
chr10_87159301_87159600	19653
chr6_92398201_92398500	19654
chr21_32931901_32932200	19655
chr17_28723801_28724100	19656
chr7_43287301_43287600	19657
chr8_40265401_40265700	19658
chr8_69685201_69685500	19659
chr8_25453801_25454100	19660
chr17_52506601_52506900	19661
chr7_98317801_98318100	19662
chr14_105506401_105506700	19663
chr15_37883401_37883700	19664
chr3_104416201_104416500	19665
chr13_66509401_66509700	19666
chr12_80569201_80569500	19667
chr3_7610401_7610700	19668
chr10_61222501_61222800	19669
chr14_65366701_65367000	19670
chr9_118743901_118744200	19671
chr19_58868701_58869000	19672
chr18_53899501_53899800	19673
chr18_36376501_36376800	19674
chr6_65222401_65222700	19675
chr8_598501_598800	19676
chr5_52470001_52470300	19677
chr7_101007301_101007600	19678
chr16_25060201_25060500	19679
chr17_59914501_59914800	19680
chr4_125617501_125617800	19681
chr2_206694001_206694300	19682
chr5_66162001_66162300	19683
chr4_11755801_11756100	19684
chr16_6898201_6898500	19685
chr3_975301_975600	19686
chr4_75457201_75457500	19687
chr6_44973901_44974200	19688
chr7_157263001_157263300	19689
chr4_542101_542400	19690
chr4_83575501_83575800	19691
chr16_13359301_13359600	19692
chr18_34098901_34099200	19693
chr6_169825801_169826100	19694
chr22_47337001_47337300	19695
chr5_23722801_23723100	19696
chr5_20000701_20001000	19697
chr10_87137101_87137400	19698
chr1_56579101_56579400	19699
chr2_3834001_3834300	19700
chr17_72848101_72848400	19701
chr7_126462301_126462600	19702
chr9_44783401_44783700	19703
chr2_71570701_71571000	19704
chr5_102597001_102597300	19705
chr1_248754901_248755200	19706
chr9_34372201_34372500	19707
chr1_103407901_103408200	19708
chr17_2904601_2904900	19709
chr19_15047401_15047700	19710
chr16_17020201_17020500	19711
chr10_54292501_54292800	19712
chr10_25117501_25117800	19713
chr19_32679901_32680200	19714
chr11_87228901_87229200	19715
chr11_7276501_7276800	19716
chr8_139210201_139210500	19717
chr3_194118301_194118600	19718
chr9_14388301_14388600	19719
chr4_162067201_162067500	19720
chr4_26494201_26494500	19721
chr8_142560601_142560900	19722
chr1_9340801_9341100	19723
chr10_79198501_79198800	19724
chr1_229819801_229820100	19725
chr5_116427901_116428200	19726
chr12_43905301_43905600	19727
chr6_1496401_1496700	19728
chr10_105532201_105532500	19729
chr5_179310301_179310600	19730
chr3_162534001_162534300	19731
chr1_192219901_192220200	19732
chr11_60239401_60239700	19733
chr2_194160901_194161200	19734
chr2_126096001_126096300	19735
chr4_30975901_30976200	19736
chr2_49146901_49147200	19737
chr18_64647301_64647600	19738
chr6_114575101_114575400	19739
chr2_230422201_230422500	19740
chr8_15731401_15731700	19741
chr15_101095501_101095800	19742
chr22_19713301_19713600	19743
chr8_50147101_50147400	19744
chr11_6535801_6536100	19745
chr6_30768601_30768900	19746
chr19_14417101_14417400	19747
chr2_107282701_107283000	19748
chr4_114315601_114315900	19749
chr20_54651001_54651300	19750
chr8_42026701_42027000	19751
chr13_80270101_80270400	19752
chr14_39851701_39852000	19753
chr6_29700601_29700900	19754
chr18_23600701_23601000	19755
chr21_44009101_44009400	19756
chr16_46670401_46670700	19757
chr14_45549901_45550200	19758
chr19_10098001_10098300	19759
chr9_107012401_107012700	19760
chr12_9685801_9686100	19761
chr5_60659401_60659700	19762
chr2_226510201_226510500	19763
chr10_35110501_35110800	19764
chr12_75372001_75372300	19765
chr6_103633201_103633500	19766
chr8_129306301_129306600	19767
chr15_100418701_100419000	19768
chr6_153555601_153555900	19769
chr7_129781201_129781500	19770
chr10_50162401_50162700	19771
chr1_55094401_55094700	19772
chr5_87722101_87722400	19773
chr3_83759101_83759400	19774
chr3_133440601_133440900	19775
chr6_32452201_32452500	19776
chr13_86232001_86232300	19777
chr10_81304201_81304500	19778
chr7_144995701_144996000	19779
chr4_90411001_90411300	19780
chr6_10018801_10019100	19781
chr14_89346001_89346300	19782
chr20_55422301_55422600	19783
chr9_91364101_91364400	19784
chr2_207546901_207547200	19785
chr1_73719301_73719600	19786
chr15_60963001_60963300	19787
chr7_948601_948900	19788
chr1_117221401_117221700	19789
chr6_92397901_92398200	19790
chr16_87220801_87221100	19791
chr19_12597301_12597600	19792
chr3_145371901_145372200	19793
chr5_95966401_95966700	19794
chr11_39388501_39388800	19795
chr3_31116601_31116900	19796
chr3_192884101_192884400	19797
chr12_126248701_126249000	19798
chr13_76711501_76711800	19799
chr1_176638501_176638800	19800
chr1_72584101_72584400	19801
chr19_35956201_35956500	19802
chr16_10040701_10041000	19803
chr8_52533301_52533600	19804
chr4_18838801_18839100	19805
chr21_18770101_18770400	19806
chr12_119134501_119134800	19807
chr6_75409801_75410100	19808
chr9_74100901_74101200	19809
chr8_115900201_115900500	19810
chr4_85987201_85987500	19811
chr8_135572701_135573000	19812
chr22_31711501_31711800	19813
chr5_149963101_149963400	19814
chr3_105519301_105519600	19815
chr4_112692001_112692300	19816
chr9_15999001_15999300	19817
chr1_159798001_159798300	19818
chr15_37889401_37889700	19819
chr3_95359201_95359500	19820
chr12_66528601_66528900	19821
chr1_88341901_88342200	19822
chr1_10379701_10380000	19823
chr3_51799501_51799800	19824
chr6_35296201_35296500	19825
chr8_30808501_30808800	19826
chr10_71922001_71922300	19827
chr18_27872401_27872700	19828
chr8_115044601_115044900	19829
chr16_55035901_55036200	19830
chr13_110867401_110867700	19831
chr1_81922501_81922800	19832
chr2_135791101_135791400	19833
chr3_187586401_187586700	19834
chr6_75388501_75388800	19835
chr12_132111901_132112200	19836
chr6_110958001_110958300	19837
chr12_113010301_113010600	19838
chr20_18191101_18191400	19839
chr8_145329901_145330200	19840
chr6_39573601_39573900	19841
chr11_102717301_102717600	19842
chr10_53464801_53465100	19843
chr6_170380501_170380800	19844
chr3_32060101_32060400	19845
chr7_136102801_136103100	19846
chr4_88255501_88255800	19847
chr1_21809701_21810000	19848
chr19_56687701_56688000	19849
chr3_169202101_169202400	19850
chr2_154976401_154976700	19851
chr22_39753601_39753900	19852
chr14_54759901_54760200	19853
chr11_130664401_130664700	19854
chr11_79152301_79152600	19855
chr20_58508101_58508400	19856
chr1_199889401_199889700	19857
chr3_145224601_145224900	19858
chr4_150981001_150981300	19859
chr19_23506201_23506500	19860
chr6_66969901_66970200	19861
chr11_67507201_67507500	19862
chr4_69473101_69473400	19863
chr9_115831201_115831500	19864
chr9_6939901_6940200	19865
chr6_41462101_41462400	19866
chr14_22598701_22599000	19867
chr8_75829801_75830100	19868
chr14_97980601_97980900	19869
chr1_1302001_1302300	19870
chr6_96459301_96459600	19871
chr13_40437601_40437900	19872
chr20_17876401_17876700	19873
chr1_164289601_164289900	19874
chr6_17906401_17906700	19875
chr9_28902901_28903200	19876
chr6_155951701_155952000	19877
chr6_31194901_31195200	19878
chr2_117573601_117573900	19879
chr2_3340801_3341100	19880
chr1_236261701_236262000	19881
chr8_50433901_50434200	19882
chr13_105116101_105116400	19883
chr9_7256401_7256700	19884
chr2_66666601_66666900	19885
chr5_31777501_31777800	19886
chr8_92798101_92798400	19887
chr12_9120301_9120600	19888
chr5_176232901_176233200	19889
chr16_18399301_18399600	19890
chr17_14903401_14903700	19891
chr13_73950901_73951200	19892
chr4_15980401_15980700	19893
chr12_3681001_3681300	19894
chr2_221346601_221346900	19895
chr6_152685601_152685900	19896
chr10_90749101_90749400	19897
chr1_159272701_159273000	19898
chr17_51746101_51746400	19899
chr21_18826801_18827100	19900
chr3_112810501_112810800	19901
chr3_2638801_2639100	19902
chr8_27122701_27123000	19903
chr4_114336601_114336900	19904
chr2_118500601_118500900	19905
chr3_117131401_117131700	19906
chr15_67614001_67614300	19907
chr20_7939801_7940100	19908
chr3_54381901_54382200	19909
chr8_57471601_57471900	19910
chr13_94987201_94987500	19911
chr8_924001_924300	19912
chr18_37905901_37906200	19913
chr19_21734101_21734400	19914
chr6_136778101_136778400	19915
chr1_104784301_104784600	19916
chr4_112963501_112963800	19917
chr8_87180301_87180600	19918
chr11_92771701_92772000	19919
chr14_97495501_97495800	19920
chr7_36093601_36093900	19921
chr19_17439901_17440200	19922
chr1_179009701_179010000	19923
chr5_101703301_101703600	19924
chr11_121672201_121672500	19925
chr12_81480901_81481200	19926
chr14_38893201_38893500	19927
chr20_13209601_13209900	19928
chr10_79924201_79924500	19929
chr6_32416501_32416800	19930
chr11_122423401_122423700	19931
chr6_31136401_31136700	19932
chr12_106384801_106385100	19933
chr1_240123301_240123600	19934
chr4_68696401_68696700	19935
chr4_41316001_41316300	19936
chr14_81173101_81173400	19937
chr13_75016501_75016800	19938
chr9_90552301_90552600	19939
chr4_123973201_123973500	19940
chr12_65477401_65477700	19941
chr6_101835301_101835600	19942
chr2_15357301_15357600	19943
chr4_9166201_9166500	19944
chr5_3392401_3392700	19945
chr8_134697301_134697600	19946
chr13_78792001_78792300	19947
chr5_55556701_55557000	19948
chr4_11645701_11646000	19949
chr3_37114501_37114800	19950
chr4_57504301_57504600	19951
chr21_28193401_28193700	19952
chr7_74595601_74595900	19953
chr22_41940901_41941200	19954
chr7_155596201_155596500	19955
chr1_247685401_247685700	19956
chr12_101422201_101422500	19957
chr4_84964201_84964500	19958
chr18_21195901_21196200	19959
chr4_103278901_103279200	19960
chr8_48342901_48343200	19961
chr9_78921601_78921900	19962
chr9_118963201_118963500	19963
chr4_121518601_121518900	19964
chr1_32061001_32061300	19965
chr3_141276601_141276900	19966
chr2_133533601_133533900	19967
chr15_98843401_98843700	19968
chr8_91186201_91186500	19969
chr6_123439501_123439800	19970
chr2_399001_399300	19971
chr5_107946001_107946300	19972
chr11_61930801_61931100	19973
chr9_22032001_22032300	19974
chr1_1476001_1476300	19975
chr10_134218501_134218800	19976
chr9_75060301_75060600	19977
chr21_34352101_34352400	19978
chr1_175094401_175094700	19979
chr3_47336701_47337000	19980
chr2_30453301_30453600	19981
chr17_10662301_10662600	19982
chr8_80664601_80664900	19983
chr9_44833501_44833800	19984
chr6_77100601_77100900	19985
chr3_132540601_132540900	19986
chr18_6000301_6000600	19987
chr5_17283001_17283300	19988
chr6_12544501_12544800	19989
chr6_29911501_29911800	19990
chr7_117225301_117225600	19991
chr6_165725701_165726000	19992
chr1_102840001_102840300	19993
chr5_162655501_162655800	19994
chr2_69643201_69643500	19995
chr14_48161101_48161400	19996
chr7_79658401_79658700	19997
chr12_69340501_69340800	19998
chr9_86064901_86065200	19999
chr2_223012501_223012800	20000
