cfDNA	PBL	rho_model20k	cf_pair_index	pbl_pair_index	matched_pair
cfDNA_control_1	PBL_control_1	0.486550745339819	1	1	TRUE
cfDNA_control_1	PBL_control_2	0.434340162831086	1	2	FALSE
cfDNA_control_1	PBL_control_3	0.468333608613329	1	3	FALSE
cfDNA_control_1	PBL_control_4	0.455428853415396	1	4	FALSE
cfDNA_control_1	PBL_control_5	0.744923315204091	1	5	FALSE
cfDNA_control_1	PBL_control_6	0.458946320446401	1	6	FALSE
cfDNA_control_1	PBL_control_7	0.461985563741821	1	7	FALSE
cfDNA_control_1	PBL_control_8	0.45004212819124	1	8	FALSE
cfDNA_control_1	PBL_control_9	0.511762864057933	1	9	FALSE
cfDNA_control_1	PBL_control_10	0.472685056884056	1	10	FALSE
cfDNA_control_1	PBL_control_11	0.489923870726274	1	11	FALSE
cfDNA_control_1	PBL_control_12	0.481087695646051	1	12	FALSE
cfDNA_control_1	PBL_control_13	0.466352981731776	1	13	FALSE
cfDNA_control_1	PBL_control_14	0.465194030641	1	14	FALSE
cfDNA_control_1	PBL_control_15	0.457540000154415	1	15	FALSE
cfDNA_control_1	PBL_control_16	0.469285672544	1	16	FALSE
cfDNA_control_1	PBL_control_17	0.447287222483124	1	17	FALSE
cfDNA_control_1	PBL_control_18	0.484747277965913	1	18	FALSE
cfDNA_control_1	PBL_control_19	0.471590701331721	1	19	FALSE
cfDNA_control_1	PBL_patient_1_diagnosis	0.344341535307596	1	20	FALSE
cfDNA_control_1	PBL_patient_2_diagnosis	0.344550347125559	1	21	FALSE
cfDNA_control_1	PBL_patient_4_diagnosis	0.354101736231899	1	22	FALSE
cfDNA_control_1	PBL_patient_5_diagnosis	0.44353759533327	1	23	FALSE
cfDNA_control_1	PBL_patient_6_diagnosis	0.472895117926884	1	24	FALSE
cfDNA_control_1	PBL_patient_7_diagnosis	0.47020361145372	1	25	FALSE
cfDNA_control_1	PBL_patient_8_diagnosis	0.352238434706865	1	26	FALSE
cfDNA_control_1	PBL_patient_9_diagnosis	0.351783867268789	1	27	FALSE
cfDNA_control_1	PBL_patient_10_diagnosis	0.431674316202596	1	28	FALSE
cfDNA_control_1	PBL_patient_11_diagnosis	0.495731947350405	1	29	FALSE
cfDNA_control_1	PBL_patient_12_diagnosis	0.45986377588898	1	30	FALSE
cfDNA_control_1	PBL_patient_13_diagnosis	0.475354198934663	1	31	FALSE
cfDNA_control_1	PBL_patient_14_diagnosis	0.513156448696034	1	32	FALSE
cfDNA_control_1	PBL_patient_15_diagnosis	0.470933375843774	1	33	FALSE
cfDNA_control_1	PBL_patient_16_diagnosis	0.479894589088386	1	34	FALSE
cfDNA_control_1	PBL_patient_17_diagnosis	0.466313782036742	1	35	FALSE
cfDNA_control_1	PBL_patient_18_diagnosis	0.509035291050809	1	36	FALSE
cfDNA_control_1	PBL_patient_19_diagnosis	0.51405151547473	1	37	FALSE
cfDNA_control_1	PBL_patient_20_diagnosis	0.484120257798081	1	38	FALSE
cfDNA_control_1	PBL_patient_21_diagnosis	0.466279987082534	1	39	FALSE
cfDNA_control_1	PBL_patient_22_diagnosis	0.443422548345758	1	40	FALSE
cfDNA_control_1	PBL_patient_23_diagnosis	0.494551559092543	1	41	FALSE
cfDNA_control_1	PBL_patient_24_diagnosis	0.491672550090614	1	42	FALSE
cfDNA_control_1	PBL_patient_25_diagnosis	0.471975454158245	1	43	FALSE
cfDNA_control_1	PBL_patient_26_diagnosis	0.449170604844608	1	44	FALSE
cfDNA_control_1	PBL_patient_27_diagnosis	0.481825322393104	1	45	FALSE
cfDNA_control_1	PBL_patient_28_diagnosis	0.479936356832235	1	46	FALSE
cfDNA_control_1	PBL_patient_29_diagnosis	0.470079291617793	1	47	FALSE
cfDNA_control_1	PBL_patient_30_diagnosis	0.488447515568204	1	48	FALSE
cfDNA_control_2	PBL_control_1	0.512662708914688	2	1	FALSE
cfDNA_control_2	PBL_control_2	0.665102077991118	2	2	TRUE
cfDNA_control_2	PBL_control_3	0.469583144988235	2	3	FALSE
cfDNA_control_2	PBL_control_4	0.447633642205971	2	4	FALSE
cfDNA_control_2	PBL_control_5	0.508396030270733	2	5	FALSE
cfDNA_control_2	PBL_control_6	0.536399355726696	2	6	FALSE
cfDNA_control_2	PBL_control_7	0.468405639264083	2	7	FALSE
cfDNA_control_2	PBL_control_8	0.475210166867934	2	8	FALSE
cfDNA_control_2	PBL_control_9	0.538634334846578	2	9	FALSE
cfDNA_control_2	PBL_control_10	0.500151764541925	2	10	FALSE
cfDNA_control_2	PBL_control_11	0.525186184670477	2	11	FALSE
cfDNA_control_2	PBL_control_12	0.511245906396607	2	12	FALSE
cfDNA_control_2	PBL_control_13	0.489290124746318	2	13	FALSE
cfDNA_control_2	PBL_control_14	0.519304198281705	2	14	FALSE
cfDNA_control_2	PBL_control_15	0.516914064329068	2	15	FALSE
cfDNA_control_2	PBL_control_16	0.511834516777087	2	16	FALSE
cfDNA_control_2	PBL_control_17	0.492902612723608	2	17	FALSE
cfDNA_control_2	PBL_control_18	0.531113133641125	2	18	FALSE
cfDNA_control_2	PBL_control_19	0.530463621158852	2	19	FALSE
cfDNA_control_2	PBL_patient_1_diagnosis	0.335799571656376	2	20	FALSE
cfDNA_control_2	PBL_patient_2_diagnosis	0.322243994530215	2	21	FALSE
cfDNA_control_2	PBL_patient_4_diagnosis	0.362213681834183	2	22	FALSE
cfDNA_control_2	PBL_patient_5_diagnosis	0.461071256027974	2	23	FALSE
cfDNA_control_2	PBL_patient_6_diagnosis	0.523723759889595	2	24	FALSE
cfDNA_control_2	PBL_patient_7_diagnosis	0.508637235286917	2	25	FALSE
cfDNA_control_2	PBL_patient_8_diagnosis	0.352403052469047	2	26	FALSE
cfDNA_control_2	PBL_patient_9_diagnosis	0.344628718647296	2	27	FALSE
cfDNA_control_2	PBL_patient_10_diagnosis	0.457753210678526	2	28	FALSE
cfDNA_control_2	PBL_patient_11_diagnosis	0.502438019036208	2	29	FALSE
cfDNA_control_2	PBL_patient_12_diagnosis	0.462292750024506	2	30	FALSE
cfDNA_control_2	PBL_patient_13_diagnosis	0.538315698314279	2	31	FALSE
cfDNA_control_2	PBL_patient_14_diagnosis	0.508292220017311	2	32	FALSE
cfDNA_control_2	PBL_patient_15_diagnosis	0.503794921023347	2	33	FALSE
cfDNA_control_2	PBL_patient_16_diagnosis	0.491875156050422	2	34	FALSE
cfDNA_control_2	PBL_patient_17_diagnosis	0.510492111105882	2	35	FALSE
cfDNA_control_2	PBL_patient_18_diagnosis	0.520681373809334	2	36	FALSE
cfDNA_control_2	PBL_patient_19_diagnosis	0.525950080589723	2	37	FALSE
cfDNA_control_2	PBL_patient_20_diagnosis	0.480277463827154	2	38	FALSE
cfDNA_control_2	PBL_patient_21_diagnosis	0.489156753007281	2	39	FALSE
cfDNA_control_2	PBL_patient_22_diagnosis	0.467077767758791	2	40	FALSE
cfDNA_control_2	PBL_patient_23_diagnosis	0.488352953097207	2	41	FALSE
cfDNA_control_2	PBL_patient_24_diagnosis	0.496300613985747	2	42	FALSE
cfDNA_control_2	PBL_patient_25_diagnosis	0.48589929035031	2	43	FALSE
cfDNA_control_2	PBL_patient_26_diagnosis	0.480049048104621	2	44	FALSE
cfDNA_control_2	PBL_patient_27_diagnosis	0.538537820352328	2	45	FALSE
cfDNA_control_2	PBL_patient_28_diagnosis	0.513229085487033	2	46	FALSE
cfDNA_control_2	PBL_patient_29_diagnosis	0.541969745844236	2	47	FALSE
cfDNA_control_2	PBL_patient_30_diagnosis	0.487677153321118	2	48	FALSE
cfDNA_control_3	PBL_control_1	0.514978401185859	3	1	FALSE
cfDNA_control_3	PBL_control_2	0.345418577206812	3	2	FALSE
cfDNA_control_3	PBL_control_3	0.766486367588476	3	3	TRUE
cfDNA_control_3	PBL_control_4	0.445177883806973	3	4	FALSE
cfDNA_control_3	PBL_control_5	0.470979697497964	3	5	FALSE
cfDNA_control_3	PBL_control_6	0.483449724226503	3	6	FALSE
cfDNA_control_3	PBL_control_7	0.440777279720446	3	7	FALSE
cfDNA_control_3	PBL_control_8	0.40088705874919	3	8	FALSE
cfDNA_control_3	PBL_control_9	0.49363173289843	3	9	FALSE
cfDNA_control_3	PBL_control_10	0.468534410392847	3	10	FALSE
cfDNA_control_3	PBL_control_11	0.487529277824269	3	11	FALSE
cfDNA_control_3	PBL_control_12	0.488073119914683	3	12	FALSE
cfDNA_control_3	PBL_control_13	0.452196138330744	3	13	FALSE
cfDNA_control_3	PBL_control_14	0.483447610319109	3	14	FALSE
cfDNA_control_3	PBL_control_15	0.476951144128906	3	15	FALSE
cfDNA_control_3	PBL_control_16	0.45470170518461	3	16	FALSE
cfDNA_control_3	PBL_control_17	0.424939518542023	3	17	FALSE
cfDNA_control_3	PBL_control_18	0.512286614039775	3	18	FALSE
cfDNA_control_3	PBL_control_19	0.495731463975276	3	19	FALSE
cfDNA_control_3	PBL_patient_1_diagnosis	0.236503566442768	3	20	FALSE
cfDNA_control_3	PBL_patient_2_diagnosis	0.2568521977307	3	21	FALSE
cfDNA_control_3	PBL_patient_4_diagnosis	0.264862698597766	3	22	FALSE
cfDNA_control_3	PBL_patient_5_diagnosis	0.466223532256146	3	23	FALSE
cfDNA_control_3	PBL_patient_6_diagnosis	0.4781215552285	3	24	FALSE
cfDNA_control_3	PBL_patient_7_diagnosis	0.480526288607274	3	25	FALSE
cfDNA_control_3	PBL_patient_8_diagnosis	0.286517690818612	3	26	FALSE
cfDNA_control_3	PBL_patient_9_diagnosis	0.253396690284865	3	27	FALSE
cfDNA_control_3	PBL_patient_10_diagnosis	0.37716866270104	3	28	FALSE
cfDNA_control_3	PBL_patient_11_diagnosis	0.473880332717445	3	29	FALSE
cfDNA_control_3	PBL_patient_12_diagnosis	0.492825634237455	3	30	FALSE
cfDNA_control_3	PBL_patient_13_diagnosis	0.468379605903749	3	31	FALSE
cfDNA_control_3	PBL_patient_14_diagnosis	0.491595105185295	3	32	FALSE
cfDNA_control_3	PBL_patient_15_diagnosis	0.470470502974115	3	33	FALSE
cfDNA_control_3	PBL_patient_16_diagnosis	0.506964476603966	3	34	FALSE
cfDNA_control_3	PBL_patient_17_diagnosis	0.530105234686749	3	35	FALSE
cfDNA_control_3	PBL_patient_18_diagnosis	0.510743097281257	3	36	FALSE
cfDNA_control_3	PBL_patient_19_diagnosis	0.504643971762603	3	37	FALSE
cfDNA_control_3	PBL_patient_20_diagnosis	0.472006014928735	3	38	FALSE
cfDNA_control_3	PBL_patient_21_diagnosis	0.46912465531371	3	39	FALSE
cfDNA_control_3	PBL_patient_22_diagnosis	0.45452888306044	3	40	FALSE
cfDNA_control_3	PBL_patient_23_diagnosis	0.47751736098245	3	41	FALSE
cfDNA_control_3	PBL_patient_24_diagnosis	0.51057980739366	3	42	FALSE
cfDNA_control_3	PBL_patient_25_diagnosis	0.508015424401875	3	43	FALSE
cfDNA_control_3	PBL_patient_26_diagnosis	0.400609898365155	3	44	FALSE
cfDNA_control_3	PBL_patient_27_diagnosis	0.496301080351785	3	45	FALSE
cfDNA_control_3	PBL_patient_28_diagnosis	0.479096735936995	3	46	FALSE
cfDNA_control_3	PBL_patient_29_diagnosis	0.500342975551494	3	47	FALSE
cfDNA_control_3	PBL_patient_30_diagnosis	0.473851616254009	3	48	FALSE
cfDNA_control_4	PBL_control_1	0.47717432996578	4	1	FALSE
cfDNA_control_4	PBL_control_2	0.36405636392419	4	2	FALSE
cfDNA_control_4	PBL_control_3	0.46630670559672	4	3	FALSE
cfDNA_control_4	PBL_control_4	0.635524737325356	4	4	TRUE
cfDNA_control_4	PBL_control_5	0.489101926544047	4	5	FALSE
cfDNA_control_4	PBL_control_6	0.497134115222755	4	6	FALSE
cfDNA_control_4	PBL_control_7	0.456871286053446	4	7	FALSE
cfDNA_control_4	PBL_control_8	0.42187853514814	4	8	FALSE
cfDNA_control_4	PBL_control_9	0.490622209300122	4	9	FALSE
cfDNA_control_4	PBL_control_10	0.452681796258083	4	10	FALSE
cfDNA_control_4	PBL_control_11	0.499916700886141	4	11	FALSE
cfDNA_control_4	PBL_control_12	0.478206363294964	4	12	FALSE
cfDNA_control_4	PBL_control_13	0.469412523135929	4	13	FALSE
cfDNA_control_4	PBL_control_14	0.464488085808161	4	14	FALSE
cfDNA_control_4	PBL_control_15	0.463524189008893	4	15	FALSE
cfDNA_control_4	PBL_control_16	0.463411548701352	4	16	FALSE
cfDNA_control_4	PBL_control_17	0.432562423839141	4	17	FALSE
cfDNA_control_4	PBL_control_18	0.503938082669838	4	18	FALSE
cfDNA_control_4	PBL_control_19	0.505624099978069	4	19	FALSE
cfDNA_control_4	PBL_patient_1_diagnosis	0.261351704921233	4	20	FALSE
cfDNA_control_4	PBL_patient_2_diagnosis	0.260942392822443	4	21	FALSE
cfDNA_control_4	PBL_patient_4_diagnosis	0.292285911793679	4	22	FALSE
cfDNA_control_4	PBL_patient_5_diagnosis	0.425004998631612	4	23	FALSE
cfDNA_control_4	PBL_patient_6_diagnosis	0.462915020951497	4	24	FALSE
cfDNA_control_4	PBL_patient_7_diagnosis	0.465842601238614	4	25	FALSE
cfDNA_control_4	PBL_patient_8_diagnosis	0.293529145121495	4	26	FALSE
cfDNA_control_4	PBL_patient_9_diagnosis	0.272681221404241	4	27	FALSE
cfDNA_control_4	PBL_patient_10_diagnosis	0.384041598068495	4	28	FALSE
cfDNA_control_4	PBL_patient_11_diagnosis	0.477070604380161	4	29	FALSE
cfDNA_control_4	PBL_patient_12_diagnosis	0.448211483128599	4	30	FALSE
cfDNA_control_4	PBL_patient_13_diagnosis	0.489639979857727	4	31	FALSE
cfDNA_control_4	PBL_patient_14_diagnosis	0.486102364727652	4	32	FALSE
cfDNA_control_4	PBL_patient_15_diagnosis	0.45437916511399	4	33	FALSE
cfDNA_control_4	PBL_patient_16_diagnosis	0.490439351700272	4	34	FALSE
cfDNA_control_4	PBL_patient_17_diagnosis	0.486545517701694	4	35	FALSE
cfDNA_control_4	PBL_patient_18_diagnosis	0.506070979540025	4	36	FALSE
cfDNA_control_4	PBL_patient_19_diagnosis	0.492851531048441	4	37	FALSE
cfDNA_control_4	PBL_patient_20_diagnosis	0.467890431803212	4	38	FALSE
cfDNA_control_4	PBL_patient_21_diagnosis	0.463897735324244	4	39	FALSE
cfDNA_control_4	PBL_patient_22_diagnosis	0.472980658793191	4	40	FALSE
cfDNA_control_4	PBL_patient_23_diagnosis	0.494002714554073	4	41	FALSE
cfDNA_control_4	PBL_patient_24_diagnosis	0.478124715605387	4	42	FALSE
cfDNA_control_4	PBL_patient_25_diagnosis	0.473372579238115	4	43	FALSE
cfDNA_control_4	PBL_patient_26_diagnosis	0.423491099189245	4	44	FALSE
cfDNA_control_4	PBL_patient_27_diagnosis	0.511169545430834	4	45	FALSE
cfDNA_control_4	PBL_patient_28_diagnosis	0.47345522072129	4	46	FALSE
cfDNA_control_4	PBL_patient_29_diagnosis	0.498885560761153	4	47	FALSE
cfDNA_control_4	PBL_patient_30_diagnosis	0.489545205805177	4	48	FALSE
cfDNA_control_5	PBL_control_1	0.485107319737422	5	1	FALSE
cfDNA_control_5	PBL_control_2	0.370588714089041	5	2	FALSE
cfDNA_control_5	PBL_control_3	0.456960242267367	5	3	FALSE
cfDNA_control_5	PBL_control_4	0.451355535493289	5	4	FALSE
cfDNA_control_5	PBL_control_5	0.740947303470839	5	5	TRUE
cfDNA_control_5	PBL_control_6	0.462703728127017	5	6	FALSE
cfDNA_control_5	PBL_control_7	0.445003077154879	5	7	FALSE
cfDNA_control_5	PBL_control_8	0.405165227678294	5	8	FALSE
cfDNA_control_5	PBL_control_9	0.505028038472981	5	9	FALSE
cfDNA_control_5	PBL_control_10	0.451644906698705	5	10	FALSE
cfDNA_control_5	PBL_control_11	0.486183117342388	5	11	FALSE
cfDNA_control_5	PBL_control_12	0.468892987242287	5	12	FALSE
cfDNA_control_5	PBL_control_13	0.467564360883378	5	13	FALSE
cfDNA_control_5	PBL_control_14	0.471431477505274	5	14	FALSE
cfDNA_control_5	PBL_control_15	0.452478187790383	5	15	FALSE
cfDNA_control_5	PBL_control_16	0.460961205922213	5	16	FALSE
cfDNA_control_5	PBL_control_17	0.434718276250378	5	17	FALSE
cfDNA_control_5	PBL_control_18	0.492103293817341	5	18	FALSE
cfDNA_control_5	PBL_control_19	0.478165832872067	5	19	FALSE
cfDNA_control_5	PBL_patient_1_diagnosis	0.273305900899198	5	20	FALSE
cfDNA_control_5	PBL_patient_2_diagnosis	0.262901383706756	5	21	FALSE
cfDNA_control_5	PBL_patient_4_diagnosis	0.277837248108106	5	22	FALSE
cfDNA_control_5	PBL_patient_5_diagnosis	0.417977750076315	5	23	FALSE
cfDNA_control_5	PBL_patient_6_diagnosis	0.45497725797767	5	24	FALSE
cfDNA_control_5	PBL_patient_7_diagnosis	0.463729744199318	5	25	FALSE
cfDNA_control_5	PBL_patient_8_diagnosis	0.282936909446876	5	26	FALSE
cfDNA_control_5	PBL_patient_9_diagnosis	0.283015967887177	5	27	FALSE
cfDNA_control_5	PBL_patient_10_diagnosis	0.380624315325003	5	28	FALSE
cfDNA_control_5	PBL_patient_11_diagnosis	0.480872741721885	5	29	FALSE
cfDNA_control_5	PBL_patient_12_diagnosis	0.461192789779686	5	30	FALSE
cfDNA_control_5	PBL_patient_13_diagnosis	0.474853458827599	5	31	FALSE
cfDNA_control_5	PBL_patient_14_diagnosis	0.501408564284818	5	32	FALSE
cfDNA_control_5	PBL_patient_15_diagnosis	0.458033836795513	5	33	FALSE
cfDNA_control_5	PBL_patient_16_diagnosis	0.483204256259477	5	34	FALSE
cfDNA_control_5	PBL_patient_17_diagnosis	0.476322322043172	5	35	FALSE
cfDNA_control_5	PBL_patient_18_diagnosis	0.52044784174955	5	36	FALSE
cfDNA_control_5	PBL_patient_19_diagnosis	0.515536625730545	5	37	FALSE
cfDNA_control_5	PBL_patient_20_diagnosis	0.472857500735374	5	38	FALSE
cfDNA_control_5	PBL_patient_21_diagnosis	0.455887189292902	5	39	FALSE
cfDNA_control_5	PBL_patient_22_diagnosis	0.446405066834463	5	40	FALSE
cfDNA_control_5	PBL_patient_23_diagnosis	0.475008775622119	5	41	FALSE
cfDNA_control_5	PBL_patient_24_diagnosis	0.47163725907552	5	42	FALSE
cfDNA_control_5	PBL_patient_25_diagnosis	0.484143534193521	5	43	FALSE
cfDNA_control_5	PBL_patient_26_diagnosis	0.412293498022957	5	44	FALSE
cfDNA_control_5	PBL_patient_27_diagnosis	0.500937930436426	5	45	FALSE
cfDNA_control_5	PBL_patient_28_diagnosis	0.480917345015663	5	46	FALSE
cfDNA_control_5	PBL_patient_29_diagnosis	0.486999340846273	5	47	FALSE
cfDNA_control_5	PBL_patient_30_diagnosis	0.480505453694419	5	48	FALSE
cfDNA_control_6	PBL_control_1	0.443087189949862	6	1	FALSE
cfDNA_control_6	PBL_control_2	0.396745235179803	6	2	FALSE
cfDNA_control_6	PBL_control_3	0.428657730001491	6	3	FALSE
cfDNA_control_6	PBL_control_4	0.422080806666214	6	4	FALSE
cfDNA_control_6	PBL_control_5	0.434304128870911	6	5	FALSE
cfDNA_control_6	PBL_control_6	0.709992215344517	6	6	TRUE
cfDNA_control_6	PBL_control_7	0.457290472291066	6	7	FALSE
cfDNA_control_6	PBL_control_8	0.422553932880454	6	8	FALSE
cfDNA_control_6	PBL_control_9	0.464862908225502	6	9	FALSE
cfDNA_control_6	PBL_control_10	0.434184515099909	6	10	FALSE
cfDNA_control_6	PBL_control_11	0.465512340758469	6	11	FALSE
cfDNA_control_6	PBL_control_12	0.464347675157456	6	12	FALSE
cfDNA_control_6	PBL_control_13	0.449425321436865	6	13	FALSE
cfDNA_control_6	PBL_control_14	0.449086113173612	6	14	FALSE
cfDNA_control_6	PBL_control_15	0.474792889366199	6	15	FALSE
cfDNA_control_6	PBL_control_16	0.465281669637698	6	16	FALSE
cfDNA_control_6	PBL_control_17	0.423514563871394	6	17	FALSE
cfDNA_control_6	PBL_control_18	0.474838539677765	6	18	FALSE
cfDNA_control_6	PBL_control_19	0.474819464905932	6	19	FALSE
cfDNA_control_6	PBL_patient_1_diagnosis	0.338637237142491	6	20	FALSE
cfDNA_control_6	PBL_patient_2_diagnosis	0.310158645150473	6	21	FALSE
cfDNA_control_6	PBL_patient_4_diagnosis	0.342879758281791	6	22	FALSE
cfDNA_control_6	PBL_patient_5_diagnosis	0.416620025603989	6	23	FALSE
cfDNA_control_6	PBL_patient_6_diagnosis	0.48565575934848	6	24	FALSE
cfDNA_control_6	PBL_patient_7_diagnosis	0.455865228704457	6	25	FALSE
cfDNA_control_6	PBL_patient_8_diagnosis	0.35866181127847	6	26	FALSE
cfDNA_control_6	PBL_patient_9_diagnosis	0.340567673750585	6	27	FALSE
cfDNA_control_6	PBL_patient_10_diagnosis	0.416907292942914	6	28	FALSE
cfDNA_control_6	PBL_patient_11_diagnosis	0.437662477839672	6	29	FALSE
cfDNA_control_6	PBL_patient_12_diagnosis	0.394857760298613	6	30	FALSE
cfDNA_control_6	PBL_patient_13_diagnosis	0.484816949466072	6	31	FALSE
cfDNA_control_6	PBL_patient_14_diagnosis	0.449308638103371	6	32	FALSE
cfDNA_control_6	PBL_patient_15_diagnosis	0.447704412562068	6	33	FALSE
cfDNA_control_6	PBL_patient_16_diagnosis	0.443923005665582	6	34	FALSE
cfDNA_control_6	PBL_patient_17_diagnosis	0.46415700363272	6	35	FALSE
cfDNA_control_6	PBL_patient_18_diagnosis	0.470528695777609	6	36	FALSE
cfDNA_control_6	PBL_patient_19_diagnosis	0.447615190587446	6	37	FALSE
cfDNA_control_6	PBL_patient_20_diagnosis	0.432927023335182	6	38	FALSE
cfDNA_control_6	PBL_patient_21_diagnosis	0.432725455134944	6	39	FALSE
cfDNA_control_6	PBL_patient_22_diagnosis	0.448591972226203	6	40	FALSE
cfDNA_control_6	PBL_patient_23_diagnosis	0.475295854109107	6	41	FALSE
cfDNA_control_6	PBL_patient_24_diagnosis	0.443825428736065	6	42	FALSE
cfDNA_control_6	PBL_patient_25_diagnosis	0.460442291899709	6	43	FALSE
cfDNA_control_6	PBL_patient_26_diagnosis	0.428673106085909	6	44	FALSE
cfDNA_control_6	PBL_patient_27_diagnosis	0.497003241190115	6	45	FALSE
cfDNA_control_6	PBL_patient_28_diagnosis	0.46126602657196	6	46	FALSE
cfDNA_control_6	PBL_patient_29_diagnosis	0.481270599021558	6	47	FALSE
cfDNA_control_6	PBL_patient_30_diagnosis	0.44676491685519	6	48	FALSE
cfDNA_control_7	PBL_control_1	0.489218249607935	7	1	FALSE
cfDNA_control_7	PBL_control_2	0.377963300093155	7	2	FALSE
cfDNA_control_7	PBL_control_3	0.460754493325896	7	3	FALSE
cfDNA_control_7	PBL_control_4	0.438922406266857	7	4	FALSE
cfDNA_control_7	PBL_control_5	0.478000135581994	7	5	FALSE
cfDNA_control_7	PBL_control_6	0.50914822432318	7	6	FALSE
cfDNA_control_7	PBL_control_7	0.735370121090366	7	7	TRUE
cfDNA_control_7	PBL_control_8	0.4054070170806	7	8	FALSE
cfDNA_control_7	PBL_control_9	0.521065012136263	7	9	FALSE
cfDNA_control_7	PBL_control_10	0.458037463937327	7	10	FALSE
cfDNA_control_7	PBL_control_11	0.495130479699213	7	11	FALSE
cfDNA_control_7	PBL_control_12	0.449937971588025	7	12	FALSE
cfDNA_control_7	PBL_control_13	0.510259627002078	7	13	FALSE
cfDNA_control_7	PBL_control_14	0.462667037583512	7	14	FALSE
cfDNA_control_7	PBL_control_15	0.458203759413956	7	15	FALSE
cfDNA_control_7	PBL_control_16	0.460067011865446	7	16	FALSE
cfDNA_control_7	PBL_control_17	0.456809068786979	7	17	FALSE
cfDNA_control_7	PBL_control_18	0.486260451341992	7	18	FALSE
cfDNA_control_7	PBL_control_19	0.477813560358021	7	19	FALSE
cfDNA_control_7	PBL_patient_1_diagnosis	0.310354583158281	7	20	FALSE
cfDNA_control_7	PBL_patient_2_diagnosis	0.281429735881077	7	21	FALSE
cfDNA_control_7	PBL_patient_4_diagnosis	0.300500137041001	7	22	FALSE
cfDNA_control_7	PBL_patient_5_diagnosis	0.430380461345887	7	23	FALSE
cfDNA_control_7	PBL_patient_6_diagnosis	0.496353661945475	7	24	FALSE
cfDNA_control_7	PBL_patient_7_diagnosis	0.438327332290746	7	25	FALSE
cfDNA_control_7	PBL_patient_8_diagnosis	0.33400247901484	7	26	FALSE
cfDNA_control_7	PBL_patient_9_diagnosis	0.314387657310154	7	27	FALSE
cfDNA_control_7	PBL_patient_10_diagnosis	0.389303556490318	7	28	FALSE
cfDNA_control_7	PBL_patient_11_diagnosis	0.482775296423311	7	29	FALSE
cfDNA_control_7	PBL_patient_12_diagnosis	0.420945214397626	7	30	FALSE
cfDNA_control_7	PBL_patient_13_diagnosis	0.47922984102289	7	31	FALSE
cfDNA_control_7	PBL_patient_14_diagnosis	0.490270724708083	7	32	FALSE
cfDNA_control_7	PBL_patient_15_diagnosis	0.462839370340728	7	33	FALSE
cfDNA_control_7	PBL_patient_16_diagnosis	0.482709201202592	7	34	FALSE
cfDNA_control_7	PBL_patient_17_diagnosis	0.478304562069354	7	35	FALSE
cfDNA_control_7	PBL_patient_18_diagnosis	0.501331681976313	7	36	FALSE
cfDNA_control_7	PBL_patient_19_diagnosis	0.486756583405645	7	37	FALSE
cfDNA_control_7	PBL_patient_20_diagnosis	0.453169610748435	7	38	FALSE
cfDNA_control_7	PBL_patient_21_diagnosis	0.450310422528374	7	39	FALSE
cfDNA_control_7	PBL_patient_22_diagnosis	0.475431647869855	7	40	FALSE
cfDNA_control_7	PBL_patient_23_diagnosis	0.493356794490006	7	41	FALSE
cfDNA_control_7	PBL_patient_24_diagnosis	0.482441612334659	7	42	FALSE
cfDNA_control_7	PBL_patient_25_diagnosis	0.47334251854016	7	43	FALSE
cfDNA_control_7	PBL_patient_26_diagnosis	0.430072699090919	7	44	FALSE
cfDNA_control_7	PBL_patient_27_diagnosis	0.477217369362739	7	45	FALSE
cfDNA_control_7	PBL_patient_28_diagnosis	0.467783544520479	7	46	FALSE
cfDNA_control_7	PBL_patient_29_diagnosis	0.464977619470768	7	47	FALSE
cfDNA_control_7	PBL_patient_30_diagnosis	0.459561718558064	7	48	FALSE
cfDNA_control_8	PBL_control_1	0.525668359854828	8	1	FALSE
cfDNA_control_8	PBL_control_2	0.44651955121004	8	2	FALSE
cfDNA_control_8	PBL_control_3	0.488982268275172	8	3	FALSE
cfDNA_control_8	PBL_control_4	0.46873075373675	8	4	FALSE
cfDNA_control_8	PBL_control_5	0.513121460010099	8	5	FALSE
cfDNA_control_8	PBL_control_6	0.533353937306913	8	6	FALSE
cfDNA_control_8	PBL_control_7	0.459476441262381	8	7	FALSE
cfDNA_control_8	PBL_control_8	0.733693815465808	8	8	TRUE
cfDNA_control_8	PBL_control_9	0.530356238544084	8	9	FALSE
cfDNA_control_8	PBL_control_10	0.507792350296976	8	10	FALSE
cfDNA_control_8	PBL_control_11	0.50598874333754	8	11	FALSE
cfDNA_control_8	PBL_control_12	0.529688560091428	8	12	FALSE
cfDNA_control_8	PBL_control_13	0.495881537891319	8	13	FALSE
cfDNA_control_8	PBL_control_14	0.528958075181042	8	14	FALSE
cfDNA_control_8	PBL_control_15	0.498751892901028	8	15	FALSE
cfDNA_control_8	PBL_control_16	0.526423308540174	8	16	FALSE
cfDNA_control_8	PBL_control_17	0.483577576265756	8	17	FALSE
cfDNA_control_8	PBL_control_18	0.570776560506709	8	18	FALSE
cfDNA_control_8	PBL_control_19	0.539793281065237	8	19	FALSE
cfDNA_control_8	PBL_patient_1_diagnosis	0.329603505782064	8	20	FALSE
cfDNA_control_8	PBL_patient_2_diagnosis	0.315905428581855	8	21	FALSE
cfDNA_control_8	PBL_patient_4_diagnosis	0.35621207243634	8	22	FALSE
cfDNA_control_8	PBL_patient_5_diagnosis	0.461662266786751	8	23	FALSE
cfDNA_control_8	PBL_patient_6_diagnosis	0.535284946664135	8	24	FALSE
cfDNA_control_8	PBL_patient_7_diagnosis	0.523415254177124	8	25	FALSE
cfDNA_control_8	PBL_patient_8_diagnosis	0.349247320719938	8	26	FALSE
cfDNA_control_8	PBL_patient_9_diagnosis	0.34339550447392	8	27	FALSE
cfDNA_control_8	PBL_patient_10_diagnosis	0.45289031609654	8	28	FALSE
cfDNA_control_8	PBL_patient_11_diagnosis	0.508019684643051	8	29	FALSE
cfDNA_control_8	PBL_patient_12_diagnosis	0.485479619682428	8	30	FALSE
cfDNA_control_8	PBL_patient_13_diagnosis	0.54987695566783	8	31	FALSE
cfDNA_control_8	PBL_patient_14_diagnosis	0.548051164251324	8	32	FALSE
cfDNA_control_8	PBL_patient_15_diagnosis	0.506222020943207	8	33	FALSE
cfDNA_control_8	PBL_patient_16_diagnosis	0.512847651648018	8	34	FALSE
cfDNA_control_8	PBL_patient_17_diagnosis	0.497039751804097	8	35	FALSE
cfDNA_control_8	PBL_patient_18_diagnosis	0.514436100747343	8	36	FALSE
cfDNA_control_8	PBL_patient_19_diagnosis	0.527595811814127	8	37	FALSE
cfDNA_control_8	PBL_patient_20_diagnosis	0.490927233357095	8	38	FALSE
cfDNA_control_8	PBL_patient_21_diagnosis	0.523630216817283	8	39	FALSE
cfDNA_control_8	PBL_patient_22_diagnosis	0.472227634623325	8	40	FALSE
cfDNA_control_8	PBL_patient_23_diagnosis	0.521549203427744	8	41	FALSE
cfDNA_control_8	PBL_patient_24_diagnosis	0.522382441499413	8	42	FALSE
cfDNA_control_8	PBL_patient_25_diagnosis	0.497161180032241	8	43	FALSE
cfDNA_control_8	PBL_patient_26_diagnosis	0.478167870087333	8	44	FALSE
cfDNA_control_8	PBL_patient_27_diagnosis	0.552940215993371	8	45	FALSE
cfDNA_control_8	PBL_patient_28_diagnosis	0.499957171353276	8	46	FALSE
cfDNA_control_8	PBL_patient_29_diagnosis	0.556385223880958	8	47	FALSE
cfDNA_control_8	PBL_patient_30_diagnosis	0.522134642538884	8	48	FALSE
cfDNA_control_9	PBL_control_1	0.524374707030324	9	1	FALSE
cfDNA_control_9	PBL_control_2	0.40073352472749	9	2	FALSE
cfDNA_control_9	PBL_control_3	0.477197952698911	9	3	FALSE
cfDNA_control_9	PBL_control_4	0.459340373949356	9	4	FALSE
cfDNA_control_9	PBL_control_5	0.4977643414402	9	5	FALSE
cfDNA_control_9	PBL_control_6	0.511108959668169	9	6	FALSE
cfDNA_control_9	PBL_control_7	0.46368256409309	9	7	FALSE
cfDNA_control_9	PBL_control_8	0.432319773243352	9	8	FALSE
cfDNA_control_9	PBL_control_9	0.776916619649993	9	9	TRUE
cfDNA_control_9	PBL_control_10	0.473117868383352	9	10	FALSE
cfDNA_control_9	PBL_control_11	0.520386879129174	9	11	FALSE
cfDNA_control_9	PBL_control_12	0.498310253987804	9	12	FALSE
cfDNA_control_9	PBL_control_13	0.477773628946641	9	13	FALSE
cfDNA_control_9	PBL_control_14	0.507796064075826	9	14	FALSE
cfDNA_control_9	PBL_control_15	0.482693260490495	9	15	FALSE
cfDNA_control_9	PBL_control_16	0.475210999015881	9	16	FALSE
cfDNA_control_9	PBL_control_17	0.437521566170891	9	17	FALSE
cfDNA_control_9	PBL_control_18	0.51559492279924	9	18	FALSE
cfDNA_control_9	PBL_control_19	0.525519549457879	9	19	FALSE
cfDNA_control_9	PBL_patient_1_diagnosis	0.252473994709183	9	20	FALSE
cfDNA_control_9	PBL_patient_2_diagnosis	0.252445482616443	9	21	FALSE
cfDNA_control_9	PBL_patient_4_diagnosis	0.277969612103506	9	22	FALSE
cfDNA_control_9	PBL_patient_5_diagnosis	0.430635095451342	9	23	FALSE
cfDNA_control_9	PBL_patient_6_diagnosis	0.482236097643601	9	24	FALSE
cfDNA_control_9	PBL_patient_7_diagnosis	0.485670864531317	9	25	FALSE
cfDNA_control_9	PBL_patient_8_diagnosis	0.276939436143647	9	26	FALSE
cfDNA_control_9	PBL_patient_9_diagnosis	0.264734301484619	9	27	FALSE
cfDNA_control_9	PBL_patient_10_diagnosis	0.378324114738258	9	28	FALSE
cfDNA_control_9	PBL_patient_11_diagnosis	0.498016383235962	9	29	FALSE
cfDNA_control_9	PBL_patient_12_diagnosis	0.463554420570868	9	30	FALSE
cfDNA_control_9	PBL_patient_13_diagnosis	0.511568998068183	9	31	FALSE
cfDNA_control_9	PBL_patient_14_diagnosis	0.492010769585088	9	32	FALSE
cfDNA_control_9	PBL_patient_15_diagnosis	0.45894028826436	9	33	FALSE
cfDNA_control_9	PBL_patient_16_diagnosis	0.509250144231301	9	34	FALSE
cfDNA_control_9	PBL_patient_17_diagnosis	0.503791411652858	9	35	FALSE
cfDNA_control_9	PBL_patient_18_diagnosis	0.519792275384472	9	36	FALSE
cfDNA_control_9	PBL_patient_19_diagnosis	0.528410590385064	9	37	FALSE
cfDNA_control_9	PBL_patient_20_diagnosis	0.461590410809248	9	38	FALSE
cfDNA_control_9	PBL_patient_21_diagnosis	0.499167493547078	9	39	FALSE
cfDNA_control_9	PBL_patient_22_diagnosis	0.458404929597534	9	40	FALSE
cfDNA_control_9	PBL_patient_23_diagnosis	0.497368925833373	9	41	FALSE
cfDNA_control_9	PBL_patient_24_diagnosis	0.504517392330133	9	42	FALSE
cfDNA_control_9	PBL_patient_25_diagnosis	0.502643827320127	9	43	FALSE
cfDNA_control_9	PBL_patient_26_diagnosis	0.456970709922968	9	44	FALSE
cfDNA_control_9	PBL_patient_27_diagnosis	0.519498326508299	9	45	FALSE
cfDNA_control_9	PBL_patient_28_diagnosis	0.495561855095187	9	46	FALSE
cfDNA_control_9	PBL_patient_29_diagnosis	0.506215999844924	9	47	FALSE
cfDNA_control_9	PBL_patient_30_diagnosis	0.457786085816904	9	48	FALSE
cfDNA_control_10	PBL_control_1	0.48303942735707	10	1	FALSE
cfDNA_control_10	PBL_control_2	0.355230772781597	10	2	FALSE
cfDNA_control_10	PBL_control_3	0.468100686260347	10	3	FALSE
cfDNA_control_10	PBL_control_4	0.425433375699608	10	4	FALSE
cfDNA_control_10	PBL_control_5	0.466978401467724	10	5	FALSE
cfDNA_control_10	PBL_control_6	0.475275595210677	10	6	FALSE
cfDNA_control_10	PBL_control_7	0.435024973329899	10	7	FALSE
cfDNA_control_10	PBL_control_8	0.399572444322787	10	8	FALSE
cfDNA_control_10	PBL_control_9	0.486711576954459	10	9	FALSE
cfDNA_control_10	PBL_control_10	0.684176753102343	10	10	TRUE
cfDNA_control_10	PBL_control_11	0.487129184605824	10	11	FALSE
cfDNA_control_10	PBL_control_12	0.473675339838815	10	12	FALSE
cfDNA_control_10	PBL_control_13	0.462356775169285	10	13	FALSE
cfDNA_control_10	PBL_control_14	0.489158409492028	10	14	FALSE
cfDNA_control_10	PBL_control_15	0.469782890371527	10	15	FALSE
cfDNA_control_10	PBL_control_16	0.465458808167393	10	16	FALSE
cfDNA_control_10	PBL_control_17	0.433750231198584	10	17	FALSE
cfDNA_control_10	PBL_control_18	0.521910897619749	10	18	FALSE
cfDNA_control_10	PBL_control_19	0.484779503373888	10	19	FALSE
cfDNA_control_10	PBL_patient_1_diagnosis	0.232625327332037	10	20	FALSE
cfDNA_control_10	PBL_patient_2_diagnosis	0.220661707280661	10	21	FALSE
cfDNA_control_10	PBL_patient_4_diagnosis	0.254000061047159	10	22	FALSE
cfDNA_control_10	PBL_patient_5_diagnosis	0.432211502528842	10	23	FALSE
cfDNA_control_10	PBL_patient_6_diagnosis	0.452028120501072	10	24	FALSE
cfDNA_control_10	PBL_patient_7_diagnosis	0.457820216358075	10	25	FALSE
cfDNA_control_10	PBL_patient_8_diagnosis	0.265179731937577	10	26	FALSE
cfDNA_control_10	PBL_patient_9_diagnosis	0.266251755998349	10	27	FALSE
cfDNA_control_10	PBL_patient_10_diagnosis	0.373531633389507	10	28	FALSE
cfDNA_control_10	PBL_patient_11_diagnosis	0.471417657103904	10	29	FALSE
cfDNA_control_10	PBL_patient_12_diagnosis	0.448803986953177	10	30	FALSE
cfDNA_control_10	PBL_patient_13_diagnosis	0.48083330861215	10	31	FALSE
cfDNA_control_10	PBL_patient_14_diagnosis	0.500424400331548	10	32	FALSE
cfDNA_control_10	PBL_patient_15_diagnosis	0.448792759854682	10	33	FALSE
cfDNA_control_10	PBL_patient_16_diagnosis	0.476512517136381	10	34	FALSE
cfDNA_control_10	PBL_patient_17_diagnosis	0.483813187280713	10	35	FALSE
cfDNA_control_10	PBL_patient_18_diagnosis	0.49497432588093	10	36	FALSE
cfDNA_control_10	PBL_patient_19_diagnosis	0.505807562414892	10	37	FALSE
cfDNA_control_10	PBL_patient_20_diagnosis	0.466862928299475	10	38	FALSE
cfDNA_control_10	PBL_patient_21_diagnosis	0.452780439876315	10	39	FALSE
cfDNA_control_10	PBL_patient_22_diagnosis	0.462835045691363	10	40	FALSE
cfDNA_control_10	PBL_patient_23_diagnosis	0.484602974440603	10	41	FALSE
cfDNA_control_10	PBL_patient_24_diagnosis	0.470775433741483	10	42	FALSE
cfDNA_control_10	PBL_patient_25_diagnosis	0.495585024312401	10	43	FALSE
cfDNA_control_10	PBL_patient_26_diagnosis	0.393210981989549	10	44	FALSE
cfDNA_control_10	PBL_patient_27_diagnosis	0.508856401446594	10	45	FALSE
cfDNA_control_10	PBL_patient_28_diagnosis	0.471836170184658	10	46	FALSE
cfDNA_control_10	PBL_patient_29_diagnosis	0.512786247354151	10	47	FALSE
cfDNA_control_10	PBL_patient_30_diagnosis	0.478368594915447	10	48	FALSE
cfDNA_control_11	PBL_control_1	0.542956911647376	11	1	FALSE
cfDNA_control_11	PBL_control_2	0.474182622430448	11	2	FALSE
cfDNA_control_11	PBL_control_3	0.514642035506732	11	3	FALSE
cfDNA_control_11	PBL_control_4	0.48079293230849	11	4	FALSE
cfDNA_control_11	PBL_control_5	0.533489294421763	11	5	FALSE
cfDNA_control_11	PBL_control_6	0.528254001469821	11	6	FALSE
cfDNA_control_11	PBL_control_7	0.512186167426632	11	7	FALSE
cfDNA_control_11	PBL_control_8	0.472726179687058	11	8	FALSE
cfDNA_control_11	PBL_control_9	0.57676336526529	11	9	FALSE
cfDNA_control_11	PBL_control_10	0.517359062373116	11	10	FALSE
cfDNA_control_11	PBL_control_11	0.79501652759638	11	11	TRUE
cfDNA_control_11	PBL_control_12	0.521613348324562	11	12	FALSE
cfDNA_control_11	PBL_control_13	0.516695558549741	11	13	FALSE
cfDNA_control_11	PBL_control_14	0.532841052880205	11	14	FALSE
cfDNA_control_11	PBL_control_15	0.505641859486186	11	15	FALSE
cfDNA_control_11	PBL_control_16	0.523106295406202	11	16	FALSE
cfDNA_control_11	PBL_control_17	0.482628749439349	11	17	FALSE
cfDNA_control_11	PBL_control_18	0.528157770637473	11	18	FALSE
cfDNA_control_11	PBL_control_19	0.551148403138701	11	19	FALSE
cfDNA_control_11	PBL_patient_1_diagnosis	0.381318752838963	11	20	FALSE
cfDNA_control_11	PBL_patient_2_diagnosis	0.375067860367371	11	21	FALSE
cfDNA_control_11	PBL_patient_4_diagnosis	0.381411277476035	11	22	FALSE
cfDNA_control_11	PBL_patient_5_diagnosis	0.501626269341289	11	23	FALSE
cfDNA_control_11	PBL_patient_6_diagnosis	0.513877324138438	11	24	FALSE
cfDNA_control_11	PBL_patient_7_diagnosis	0.519559964377309	11	25	FALSE
cfDNA_control_11	PBL_patient_8_diagnosis	0.408616444990775	11	26	FALSE
cfDNA_control_11	PBL_patient_9_diagnosis	0.390640187335218	11	27	FALSE
cfDNA_control_11	PBL_patient_10_diagnosis	0.480033871348327	11	28	FALSE
cfDNA_control_11	PBL_patient_11_diagnosis	0.529167828030392	11	29	FALSE
cfDNA_control_11	PBL_patient_12_diagnosis	0.494041832147236	11	30	FALSE
cfDNA_control_11	PBL_patient_13_diagnosis	0.530594226486644	11	31	FALSE
cfDNA_control_11	PBL_patient_14_diagnosis	0.529535851694231	11	32	FALSE
cfDNA_control_11	PBL_patient_15_diagnosis	0.51577337960555	11	33	FALSE
cfDNA_control_11	PBL_patient_16_diagnosis	0.531495563810177	11	34	FALSE
cfDNA_control_11	PBL_patient_17_diagnosis	0.538868146724994	11	35	FALSE
cfDNA_control_11	PBL_patient_18_diagnosis	0.555727554899561	11	36	FALSE
cfDNA_control_11	PBL_patient_19_diagnosis	0.559430510335375	11	37	FALSE
cfDNA_control_11	PBL_patient_20_diagnosis	0.508832787180454	11	38	FALSE
cfDNA_control_11	PBL_patient_21_diagnosis	0.512140982636137	11	39	FALSE
cfDNA_control_11	PBL_patient_22_diagnosis	0.494206959853126	11	40	FALSE
cfDNA_control_11	PBL_patient_23_diagnosis	0.532789106974115	11	41	FALSE
cfDNA_control_11	PBL_patient_24_diagnosis	0.539496058015125	11	42	FALSE
cfDNA_control_11	PBL_patient_25_diagnosis	0.512844426054425	11	43	FALSE
cfDNA_control_11	PBL_patient_26_diagnosis	0.483287453954157	11	44	FALSE
cfDNA_control_11	PBL_patient_27_diagnosis	0.544221220078318	11	45	FALSE
cfDNA_control_11	PBL_patient_28_diagnosis	0.536631150685943	11	46	FALSE
cfDNA_control_11	PBL_patient_29_diagnosis	0.531604173347056	11	47	FALSE
cfDNA_control_11	PBL_patient_30_diagnosis	0.50659423677885	11	48	FALSE
cfDNA_control_12	PBL_control_1	0.527538285532451	12	1	FALSE
cfDNA_control_12	PBL_control_2	0.434464320822977	12	2	FALSE
cfDNA_control_12	PBL_control_3	0.49694382687141	12	3	FALSE
cfDNA_control_12	PBL_control_4	0.451840139002621	12	4	FALSE
cfDNA_control_12	PBL_control_5	0.502845647224203	12	5	FALSE
cfDNA_control_12	PBL_control_6	0.517387722616602	12	6	FALSE
cfDNA_control_12	PBL_control_7	0.455723110096192	12	7	FALSE
cfDNA_control_12	PBL_control_8	0.471569047484261	12	8	FALSE
cfDNA_control_12	PBL_control_9	0.520603211138341	12	9	FALSE
cfDNA_control_12	PBL_control_10	0.478819310207077	12	10	FALSE
cfDNA_control_12	PBL_control_11	0.501224962056359	12	11	FALSE
cfDNA_control_12	PBL_control_12	0.778753141446108	12	12	TRUE
cfDNA_control_12	PBL_control_13	0.481662823604858	12	13	FALSE
cfDNA_control_12	PBL_control_14	0.5101996729154	12	14	FALSE
cfDNA_control_12	PBL_control_15	0.508934131980893	12	15	FALSE
cfDNA_control_12	PBL_control_16	0.483962083898014	12	16	FALSE
cfDNA_control_12	PBL_control_17	0.448139986650088	12	17	FALSE
cfDNA_control_12	PBL_control_18	0.531585129502658	12	18	FALSE
cfDNA_control_12	PBL_control_19	0.518753242246957	12	19	FALSE
cfDNA_control_12	PBL_patient_1_diagnosis	0.305488369108853	12	20	FALSE
cfDNA_control_12	PBL_patient_2_diagnosis	0.299594659215296	12	21	FALSE
cfDNA_control_12	PBL_patient_4_diagnosis	0.314771377334001	12	22	FALSE
cfDNA_control_12	PBL_patient_5_diagnosis	0.458181403510086	12	23	FALSE
cfDNA_control_12	PBL_patient_6_diagnosis	0.495403476049334	12	24	FALSE
cfDNA_control_12	PBL_patient_7_diagnosis	0.52095970845471	12	25	FALSE
cfDNA_control_12	PBL_patient_8_diagnosis	0.328692829449164	12	26	FALSE
cfDNA_control_12	PBL_patient_9_diagnosis	0.329935497197517	12	27	FALSE
cfDNA_control_12	PBL_patient_10_diagnosis	0.408712054667467	12	28	FALSE
cfDNA_control_12	PBL_patient_11_diagnosis	0.513392303741525	12	29	FALSE
cfDNA_control_12	PBL_patient_12_diagnosis	0.472667085689665	12	30	FALSE
cfDNA_control_12	PBL_patient_13_diagnosis	0.526505829446171	12	31	FALSE
cfDNA_control_12	PBL_patient_14_diagnosis	0.495392895642432	12	32	FALSE
cfDNA_control_12	PBL_patient_15_diagnosis	0.483846362041907	12	33	FALSE
cfDNA_control_12	PBL_patient_16_diagnosis	0.515230868515399	12	34	FALSE
cfDNA_control_12	PBL_patient_17_diagnosis	0.483739598829556	12	35	FALSE
cfDNA_control_12	PBL_patient_18_diagnosis	0.526700668192686	12	36	FALSE
cfDNA_control_12	PBL_patient_19_diagnosis	0.518929494730981	12	37	FALSE
cfDNA_control_12	PBL_patient_20_diagnosis	0.485180896925904	12	38	FALSE
cfDNA_control_12	PBL_patient_21_diagnosis	0.517896413592417	12	39	FALSE
cfDNA_control_12	PBL_patient_22_diagnosis	0.473807507082267	12	40	FALSE
cfDNA_control_12	PBL_patient_23_diagnosis	0.508845113407478	12	41	FALSE
cfDNA_control_12	PBL_patient_24_diagnosis	0.536469292143923	12	42	FALSE
cfDNA_control_12	PBL_patient_25_diagnosis	0.501805844184407	12	43	FALSE
cfDNA_control_12	PBL_patient_26_diagnosis	0.462802253289854	12	44	FALSE
cfDNA_control_12	PBL_patient_27_diagnosis	0.529613482315052	12	45	FALSE
cfDNA_control_12	PBL_patient_28_diagnosis	0.484064373353864	12	46	FALSE
cfDNA_control_12	PBL_patient_29_diagnosis	0.517167784897129	12	47	FALSE
cfDNA_control_12	PBL_patient_30_diagnosis	0.486635166653	12	48	FALSE
cfDNA_control_13	PBL_control_1	0.508942183971753	13	1	FALSE
cfDNA_control_13	PBL_control_2	0.399376351594972	13	2	FALSE
cfDNA_control_13	PBL_control_3	0.46010004199703	13	3	FALSE
cfDNA_control_13	PBL_control_4	0.449171328699011	13	4	FALSE
cfDNA_control_13	PBL_control_5	0.493076221021298	13	5	FALSE
cfDNA_control_13	PBL_control_6	0.501686100349056	13	6	FALSE
cfDNA_control_13	PBL_control_7	0.503322297472485	13	7	FALSE
cfDNA_control_13	PBL_control_8	0.437579750226116	13	8	FALSE
cfDNA_control_13	PBL_control_9	0.521198963296359	13	9	FALSE
cfDNA_control_13	PBL_control_10	0.476785717169843	13	10	FALSE
cfDNA_control_13	PBL_control_11	0.503913738145224	13	11	FALSE
cfDNA_control_13	PBL_control_12	0.480159215742039	13	12	FALSE
cfDNA_control_13	PBL_control_13	0.754858484561321	13	13	TRUE
cfDNA_control_13	PBL_control_14	0.484039326391426	13	14	FALSE
cfDNA_control_13	PBL_control_15	0.482899193080827	13	15	FALSE
cfDNA_control_13	PBL_control_16	0.468437690885753	13	16	FALSE
cfDNA_control_13	PBL_control_17	0.456447541672557	13	17	FALSE
cfDNA_control_13	PBL_control_18	0.511583397788262	13	18	FALSE
cfDNA_control_13	PBL_control_19	0.482859072041892	13	19	FALSE
cfDNA_control_13	PBL_patient_1_diagnosis	0.326326422211211	13	20	FALSE
cfDNA_control_13	PBL_patient_2_diagnosis	0.308119413251791	13	21	FALSE
cfDNA_control_13	PBL_patient_4_diagnosis	0.326887689865724	13	22	FALSE
cfDNA_control_13	PBL_patient_5_diagnosis	0.44726029151952	13	23	FALSE
cfDNA_control_13	PBL_patient_6_diagnosis	0.497179321470398	13	24	FALSE
cfDNA_control_13	PBL_patient_7_diagnosis	0.472140246183634	13	25	FALSE
cfDNA_control_13	PBL_patient_8_diagnosis	0.352130111191893	13	26	FALSE
cfDNA_control_13	PBL_patient_9_diagnosis	0.347524317201366	13	27	FALSE
cfDNA_control_13	PBL_patient_10_diagnosis	0.406255555217282	13	28	FALSE
cfDNA_control_13	PBL_patient_11_diagnosis	0.494421232236207	13	29	FALSE
cfDNA_control_13	PBL_patient_12_diagnosis	0.458912366010244	13	30	FALSE
cfDNA_control_13	PBL_patient_13_diagnosis	0.487297087122309	13	31	FALSE
cfDNA_control_13	PBL_patient_14_diagnosis	0.516783384023277	13	32	FALSE
cfDNA_control_13	PBL_patient_15_diagnosis	0.487310695023351	13	33	FALSE
cfDNA_control_13	PBL_patient_16_diagnosis	0.484997872481456	13	34	FALSE
cfDNA_control_13	PBL_patient_17_diagnosis	0.490749494740175	13	35	FALSE
cfDNA_control_13	PBL_patient_18_diagnosis	0.505443894434367	13	36	FALSE
cfDNA_control_13	PBL_patient_19_diagnosis	0.501345720212808	13	37	FALSE
cfDNA_control_13	PBL_patient_20_diagnosis	0.459984818087566	13	38	FALSE
cfDNA_control_13	PBL_patient_21_diagnosis	0.469640938593569	13	39	FALSE
cfDNA_control_13	PBL_patient_22_diagnosis	0.481696028553683	13	40	FALSE
cfDNA_control_13	PBL_patient_23_diagnosis	0.515706831063457	13	41	FALSE
cfDNA_control_13	PBL_patient_24_diagnosis	0.490898857031205	13	42	FALSE
cfDNA_control_13	PBL_patient_25_diagnosis	0.504142704556651	13	43	FALSE
cfDNA_control_13	PBL_patient_26_diagnosis	0.44387131865603	13	44	FALSE
cfDNA_control_13	PBL_patient_27_diagnosis	0.501195354953489	13	45	FALSE
cfDNA_control_13	PBL_patient_28_diagnosis	0.473244707809468	13	46	FALSE
cfDNA_control_13	PBL_patient_29_diagnosis	0.493847144168408	13	47	FALSE
cfDNA_control_13	PBL_patient_30_diagnosis	0.492847438505148	13	48	FALSE
cfDNA_control_14	PBL_control_1	0.527112336086207	14	1	FALSE
cfDNA_control_14	PBL_control_2	0.42487662129703	14	2	FALSE
cfDNA_control_14	PBL_control_3	0.485051642467947	14	3	FALSE
cfDNA_control_14	PBL_control_4	0.4352303803689	14	4	FALSE
cfDNA_control_14	PBL_control_5	0.495819179543175	14	5	FALSE
cfDNA_control_14	PBL_control_6	0.496834090560053	14	6	FALSE
cfDNA_control_14	PBL_control_7	0.45336681991964	14	7	FALSE
cfDNA_control_14	PBL_control_8	0.464362350624973	14	8	FALSE
cfDNA_control_14	PBL_control_9	0.527073437240139	14	9	FALSE
cfDNA_control_14	PBL_control_10	0.493617284915192	14	10	FALSE
cfDNA_control_14	PBL_control_11	0.516163928341224	14	11	FALSE
cfDNA_control_14	PBL_control_12	0.511971753294663	14	12	FALSE
cfDNA_control_14	PBL_control_13	0.486667156438888	14	13	FALSE
cfDNA_control_14	PBL_control_14	0.813063438004106	14	14	TRUE
cfDNA_control_14	PBL_control_15	0.534928872352301	14	15	FALSE
cfDNA_control_14	PBL_control_16	0.494348573400108	14	16	FALSE
cfDNA_control_14	PBL_control_17	0.439039868976679	14	17	FALSE
cfDNA_control_14	PBL_control_18	0.527066942016582	14	18	FALSE
cfDNA_control_14	PBL_control_19	0.530635407128162	14	19	FALSE
cfDNA_control_14	PBL_patient_1_diagnosis	0.319598551969442	14	20	FALSE
cfDNA_control_14	PBL_patient_2_diagnosis	0.346013970791567	14	21	FALSE
cfDNA_control_14	PBL_patient_4_diagnosis	0.337553222554835	14	22	FALSE
cfDNA_control_14	PBL_patient_5_diagnosis	0.484974158280728	14	23	FALSE
cfDNA_control_14	PBL_patient_6_diagnosis	0.49190761956859	14	24	FALSE
cfDNA_control_14	PBL_patient_7_diagnosis	0.526122379494232	14	25	FALSE
cfDNA_control_14	PBL_patient_8_diagnosis	0.339315750079919	14	26	FALSE
cfDNA_control_14	PBL_patient_9_diagnosis	0.357159650209439	14	27	FALSE
cfDNA_control_14	PBL_patient_10_diagnosis	0.434053465506172	14	28	FALSE
cfDNA_control_14	PBL_patient_11_diagnosis	0.495831773106823	14	29	FALSE
cfDNA_control_14	PBL_patient_12_diagnosis	0.507213283813206	14	30	FALSE
cfDNA_control_14	PBL_patient_13_diagnosis	0.496257042073946	14	31	FALSE
cfDNA_control_14	PBL_patient_14_diagnosis	0.507859825615645	14	32	FALSE
cfDNA_control_14	PBL_patient_15_diagnosis	0.482604545509313	14	33	FALSE
cfDNA_control_14	PBL_patient_16_diagnosis	0.507437168771321	14	34	FALSE
cfDNA_control_14	PBL_patient_17_diagnosis	0.502081228318794	14	35	FALSE
cfDNA_control_14	PBL_patient_18_diagnosis	0.53043365618712	14	36	FALSE
cfDNA_control_14	PBL_patient_19_diagnosis	0.538390187918375	14	37	FALSE
cfDNA_control_14	PBL_patient_20_diagnosis	0.519148373485125	14	38	FALSE
cfDNA_control_14	PBL_patient_21_diagnosis	0.498690114420348	14	39	FALSE
cfDNA_control_14	PBL_patient_22_diagnosis	0.486701092522038	14	40	FALSE
cfDNA_control_14	PBL_patient_23_diagnosis	0.502583850599631	14	41	FALSE
cfDNA_control_14	PBL_patient_24_diagnosis	0.523832646485053	14	42	FALSE
cfDNA_control_14	PBL_patient_25_diagnosis	0.524987487491673	14	43	FALSE
cfDNA_control_14	PBL_patient_26_diagnosis	0.453861103013183	14	44	FALSE
cfDNA_control_14	PBL_patient_27_diagnosis	0.496817612680866	14	45	FALSE
cfDNA_control_14	PBL_patient_28_diagnosis	0.511928388636858	14	46	FALSE
cfDNA_control_14	PBL_patient_29_diagnosis	0.514502177031262	14	47	FALSE
cfDNA_control_14	PBL_patient_30_diagnosis	0.494883080074425	14	48	FALSE
cfDNA_control_15	PBL_control_1	0.521113923735891	15	1	FALSE
cfDNA_control_15	PBL_control_2	0.4607686790257	15	2	FALSE
cfDNA_control_15	PBL_control_3	0.489385098116717	15	3	FALSE
cfDNA_control_15	PBL_control_4	0.427067461667358	15	4	FALSE
cfDNA_control_15	PBL_control_5	0.490005815111201	15	5	FALSE
cfDNA_control_15	PBL_control_6	0.508426378339802	15	6	FALSE
cfDNA_control_15	PBL_control_7	0.463353678692393	15	7	FALSE
cfDNA_control_15	PBL_control_8	0.467854056368646	15	8	FALSE
cfDNA_control_15	PBL_control_9	0.513633476581843	15	9	FALSE
cfDNA_control_15	PBL_control_10	0.491955827991991	15	10	FALSE
cfDNA_control_15	PBL_control_11	0.4964134730274	15	11	FALSE
cfDNA_control_15	PBL_control_12	0.519259983408016	15	12	FALSE
cfDNA_control_15	PBL_control_13	0.480104105699656	15	13	FALSE
cfDNA_control_15	PBL_control_14	0.531625941696977	15	14	FALSE
cfDNA_control_15	PBL_control_15	0.796327650693382	15	15	TRUE
cfDNA_control_15	PBL_control_16	0.490011053128899	15	16	FALSE
cfDNA_control_15	PBL_control_17	0.473916490465448	15	17	FALSE
cfDNA_control_15	PBL_control_18	0.515011023989946	15	18	FALSE
cfDNA_control_15	PBL_control_19	0.514002712983011	15	19	FALSE
cfDNA_control_15	PBL_patient_1_diagnosis	0.368828263093566	15	20	FALSE
cfDNA_control_15	PBL_patient_2_diagnosis	0.370243850040067	15	21	FALSE
cfDNA_control_15	PBL_patient_4_diagnosis	0.359113469164052	15	22	FALSE
cfDNA_control_15	PBL_patient_5_diagnosis	0.488547167903373	15	23	FALSE
cfDNA_control_15	PBL_patient_6_diagnosis	0.511681162194442	15	24	FALSE
cfDNA_control_15	PBL_patient_7_diagnosis	0.51884462934331	15	25	FALSE
cfDNA_control_15	PBL_patient_8_diagnosis	0.401657669215294	15	26	FALSE
cfDNA_control_15	PBL_patient_9_diagnosis	0.379227781982901	15	27	FALSE
cfDNA_control_15	PBL_patient_10_diagnosis	0.443678052604988	15	28	FALSE
cfDNA_control_15	PBL_patient_11_diagnosis	0.483278618968497	15	29	FALSE
cfDNA_control_15	PBL_patient_12_diagnosis	0.475058595029844	15	30	FALSE
cfDNA_control_15	PBL_patient_13_diagnosis	0.470233510135044	15	31	FALSE
cfDNA_control_15	PBL_patient_14_diagnosis	0.494445884255787	15	32	FALSE
cfDNA_control_15	PBL_patient_15_diagnosis	0.470253779218615	15	33	FALSE
cfDNA_control_15	PBL_patient_16_diagnosis	0.506367892740952	15	34	FALSE
cfDNA_control_15	PBL_patient_17_diagnosis	0.50530628850909	15	35	FALSE
cfDNA_control_15	PBL_patient_18_diagnosis	0.506010799869704	15	36	FALSE
cfDNA_control_15	PBL_patient_19_diagnosis	0.50814430306853	15	37	FALSE
cfDNA_control_15	PBL_patient_20_diagnosis	0.50194211146631	15	38	FALSE
cfDNA_control_15	PBL_patient_21_diagnosis	0.490714939338329	15	39	FALSE
cfDNA_control_15	PBL_patient_22_diagnosis	0.503942354800162	15	40	FALSE
cfDNA_control_15	PBL_patient_23_diagnosis	0.519631768396365	15	41	FALSE
cfDNA_control_15	PBL_patient_24_diagnosis	0.516621667498432	15	42	FALSE
cfDNA_control_15	PBL_patient_25_diagnosis	0.501281795641589	15	43	FALSE
cfDNA_control_15	PBL_patient_26_diagnosis	0.465084124590279	15	44	FALSE
cfDNA_control_15	PBL_patient_27_diagnosis	0.499891172909747	15	45	FALSE
cfDNA_control_15	PBL_patient_28_diagnosis	0.489865479225036	15	46	FALSE
cfDNA_control_15	PBL_patient_29_diagnosis	0.519606489088189	15	47	FALSE
cfDNA_control_15	PBL_patient_30_diagnosis	0.489150686569325	15	48	FALSE
cfDNA_control_16	PBL_control_1	0.555039143045236	16	1	FALSE
cfDNA_control_16	PBL_control_2	0.442250522591652	16	2	FALSE
cfDNA_control_16	PBL_control_3	0.488124694560867	16	3	FALSE
cfDNA_control_16	PBL_control_4	0.458715028376613	16	4	FALSE
cfDNA_control_16	PBL_control_5	0.508486990296844	16	5	FALSE
cfDNA_control_16	PBL_control_6	0.545900250039929	16	6	FALSE
cfDNA_control_16	PBL_control_7	0.48406181785711	16	7	FALSE
cfDNA_control_16	PBL_control_8	0.485818825764333	16	8	FALSE
cfDNA_control_16	PBL_control_9	0.553207365673865	16	9	FALSE
cfDNA_control_16	PBL_control_10	0.49570447626666	16	10	FALSE
cfDNA_control_16	PBL_control_11	0.526194967749761	16	11	FALSE
cfDNA_control_16	PBL_control_12	0.526548148137491	16	12	FALSE
cfDNA_control_16	PBL_control_13	0.498809694392557	16	13	FALSE
cfDNA_control_16	PBL_control_14	0.534977101811743	16	14	FALSE
cfDNA_control_16	PBL_control_15	0.510544246080809	16	15	FALSE
cfDNA_control_16	PBL_control_16	0.753053856649667	16	16	TRUE
cfDNA_control_16	PBL_control_17	0.450845894793233	16	17	FALSE
cfDNA_control_16	PBL_control_18	0.554847974589153	16	18	FALSE
cfDNA_control_16	PBL_control_19	0.559471075473417	16	19	FALSE
cfDNA_control_16	PBL_patient_1_diagnosis	0.319205882255073	16	20	FALSE
cfDNA_control_16	PBL_patient_2_diagnosis	0.289521526450854	16	21	FALSE
cfDNA_control_16	PBL_patient_4_diagnosis	0.324977128389015	16	22	FALSE
cfDNA_control_16	PBL_patient_5_diagnosis	0.457358948803669	16	23	FALSE
cfDNA_control_16	PBL_patient_6_diagnosis	0.512513511148352	16	24	FALSE
cfDNA_control_16	PBL_patient_7_diagnosis	0.524615909724347	16	25	FALSE
cfDNA_control_16	PBL_patient_8_diagnosis	0.332817687551846	16	26	FALSE
cfDNA_control_16	PBL_patient_9_diagnosis	0.326944084708641	16	27	FALSE
cfDNA_control_16	PBL_patient_10_diagnosis	0.438684559827138	16	28	FALSE
cfDNA_control_16	PBL_patient_11_diagnosis	0.503067360940269	16	29	FALSE
cfDNA_control_16	PBL_patient_12_diagnosis	0.485802522333967	16	30	FALSE
cfDNA_control_16	PBL_patient_13_diagnosis	0.566270752614172	16	31	FALSE
cfDNA_control_16	PBL_patient_14_diagnosis	0.525043475368977	16	32	FALSE
cfDNA_control_16	PBL_patient_15_diagnosis	0.492279601432095	16	33	FALSE
cfDNA_control_16	PBL_patient_16_diagnosis	0.511315969623645	16	34	FALSE
cfDNA_control_16	PBL_patient_17_diagnosis	0.519825079208131	16	35	FALSE
cfDNA_control_16	PBL_patient_18_diagnosis	0.526117512034976	16	36	FALSE
cfDNA_control_16	PBL_patient_19_diagnosis	0.542281694370638	16	37	FALSE
cfDNA_control_16	PBL_patient_20_diagnosis	0.494440237304124	16	38	FALSE
cfDNA_control_16	PBL_patient_21_diagnosis	0.519265951232466	16	39	FALSE
cfDNA_control_16	PBL_patient_22_diagnosis	0.468308013697208	16	40	FALSE
cfDNA_control_16	PBL_patient_23_diagnosis	0.514297841760964	16	41	FALSE
cfDNA_control_16	PBL_patient_24_diagnosis	0.518163813900164	16	42	FALSE
cfDNA_control_16	PBL_patient_25_diagnosis	0.520066234038903	16	43	FALSE
cfDNA_control_16	PBL_patient_26_diagnosis	0.498249299762091	16	44	FALSE
cfDNA_control_16	PBL_patient_27_diagnosis	0.556910220357374	16	45	FALSE
cfDNA_control_16	PBL_patient_28_diagnosis	0.515572458401945	16	46	FALSE
cfDNA_control_16	PBL_patient_29_diagnosis	0.54305461265358	16	47	FALSE
cfDNA_control_16	PBL_patient_30_diagnosis	0.489314195206763	16	48	FALSE
cfDNA_control_17	PBL_control_1	0.492834088070027	17	1	FALSE
cfDNA_control_17	PBL_control_2	0.436525798629868	17	2	FALSE
cfDNA_control_17	PBL_control_3	0.460110863183174	17	3	FALSE
cfDNA_control_17	PBL_control_4	0.43523251518434	17	4	FALSE
cfDNA_control_17	PBL_control_5	0.490300808916423	17	5	FALSE
cfDNA_control_17	PBL_control_6	0.492122889439954	17	6	FALSE
cfDNA_control_17	PBL_control_7	0.490973558402029	17	7	FALSE
cfDNA_control_17	PBL_control_8	0.462016674554491	17	8	FALSE
cfDNA_control_17	PBL_control_9	0.509557991533942	17	9	FALSE
cfDNA_control_17	PBL_control_10	0.494454746818674	17	10	FALSE
cfDNA_control_17	PBL_control_11	0.504953700531473	17	11	FALSE
cfDNA_control_17	PBL_control_12	0.481291704480538	17	12	FALSE
cfDNA_control_17	PBL_control_13	0.492263960893234	17	13	FALSE
cfDNA_control_17	PBL_control_14	0.471471917337701	17	14	FALSE
cfDNA_control_17	PBL_control_15	0.51006831319196	17	15	FALSE
cfDNA_control_17	PBL_control_16	0.466153370253914	17	16	FALSE
cfDNA_control_17	PBL_control_17	0.735553862422678	17	17	TRUE
cfDNA_control_17	PBL_control_18	0.513367723171192	17	18	FALSE
cfDNA_control_17	PBL_control_19	0.481409809227615	17	19	FALSE
cfDNA_control_17	PBL_patient_1_diagnosis	0.357163032219798	17	20	FALSE
cfDNA_control_17	PBL_patient_2_diagnosis	0.324523348177837	17	21	FALSE
cfDNA_control_17	PBL_patient_4_diagnosis	0.352663645331983	17	22	FALSE
cfDNA_control_17	PBL_patient_5_diagnosis	0.444457615441581	17	23	FALSE
cfDNA_control_17	PBL_patient_6_diagnosis	0.532839895635029	17	24	FALSE
cfDNA_control_17	PBL_patient_7_diagnosis	0.470515833437191	17	25	FALSE
cfDNA_control_17	PBL_patient_8_diagnosis	0.378555195862054	17	26	FALSE
cfDNA_control_17	PBL_patient_9_diagnosis	0.364156632041185	17	27	FALSE
cfDNA_control_17	PBL_patient_10_diagnosis	0.446190023686607	17	28	FALSE
cfDNA_control_17	PBL_patient_11_diagnosis	0.490258563745991	17	29	FALSE
cfDNA_control_17	PBL_patient_12_diagnosis	0.45369604597321	17	30	FALSE
cfDNA_control_17	PBL_patient_13_diagnosis	0.489247882574956	17	31	FALSE
cfDNA_control_17	PBL_patient_14_diagnosis	0.498040121986527	17	32	FALSE
cfDNA_control_17	PBL_patient_15_diagnosis	0.479294330921072	17	33	FALSE
cfDNA_control_17	PBL_patient_16_diagnosis	0.480459389310782	17	34	FALSE
cfDNA_control_17	PBL_patient_17_diagnosis	0.468140518567888	17	35	FALSE
cfDNA_control_17	PBL_patient_18_diagnosis	0.499548990866062	17	36	FALSE
cfDNA_control_17	PBL_patient_19_diagnosis	0.491986048036106	17	37	FALSE
cfDNA_control_17	PBL_patient_20_diagnosis	0.457526553379329	17	38	FALSE
cfDNA_control_17	PBL_patient_21_diagnosis	0.461144001227928	17	39	FALSE
cfDNA_control_17	PBL_patient_22_diagnosis	0.482713008169471	17	40	FALSE
cfDNA_control_17	PBL_patient_23_diagnosis	0.515785360467238	17	41	FALSE
cfDNA_control_17	PBL_patient_24_diagnosis	0.499582572027839	17	42	FALSE
cfDNA_control_17	PBL_patient_25_diagnosis	0.490515217191528	17	43	FALSE
cfDNA_control_17	PBL_patient_26_diagnosis	0.424495681835786	17	44	FALSE
cfDNA_control_17	PBL_patient_27_diagnosis	0.512881275215079	17	45	FALSE
cfDNA_control_17	PBL_patient_28_diagnosis	0.478508901477222	17	46	FALSE
cfDNA_control_17	PBL_patient_29_diagnosis	0.513845798661314	17	47	FALSE
cfDNA_control_17	PBL_patient_30_diagnosis	0.478551978194133	17	48	FALSE
cfDNA_control_18	PBL_control_1	0.52044919402947	18	1	FALSE
cfDNA_control_18	PBL_control_2	0.412564703949021	18	2	FALSE
cfDNA_control_18	PBL_control_3	0.484626701669761	18	3	FALSE
cfDNA_control_18	PBL_control_4	0.450363216046886	18	4	FALSE
cfDNA_control_18	PBL_control_5	0.487392414823296	18	5	FALSE
cfDNA_control_18	PBL_control_6	0.508661330138439	18	6	FALSE
cfDNA_control_18	PBL_control_7	0.457373762449784	18	7	FALSE
cfDNA_control_18	PBL_control_8	0.473746658815498	18	8	FALSE
cfDNA_control_18	PBL_control_9	0.515005413980167	18	9	FALSE
cfDNA_control_18	PBL_control_10	0.495337502313104	18	10	FALSE
cfDNA_control_18	PBL_control_11	0.489668800443232	18	11	FALSE
cfDNA_control_18	PBL_control_12	0.513596063251883	18	12	FALSE
cfDNA_control_18	PBL_control_13	0.496175282417652	18	13	FALSE
cfDNA_control_18	PBL_control_14	0.509284497666072	18	14	FALSE
cfDNA_control_18	PBL_control_15	0.503481207636061	18	15	FALSE
cfDNA_control_18	PBL_control_16	0.501106963105894	18	16	FALSE
cfDNA_control_18	PBL_control_17	0.461450594600661	18	17	FALSE
cfDNA_control_18	PBL_control_18	0.80493469018172	18	18	TRUE
cfDNA_control_18	PBL_control_19	0.509985034675093	18	19	FALSE
cfDNA_control_18	PBL_patient_1_diagnosis	0.295819100138941	18	20	FALSE
cfDNA_control_18	PBL_patient_2_diagnosis	0.282558579271131	18	21	FALSE
cfDNA_control_18	PBL_patient_4_diagnosis	0.303921619369541	18	22	FALSE
cfDNA_control_18	PBL_patient_5_diagnosis	0.450364792691927	18	23	FALSE
cfDNA_control_18	PBL_patient_6_diagnosis	0.50433839753279	18	24	FALSE
cfDNA_control_18	PBL_patient_7_diagnosis	0.504036260011934	18	25	FALSE
cfDNA_control_18	PBL_patient_8_diagnosis	0.317596319560376	18	26	FALSE
cfDNA_control_18	PBL_patient_9_diagnosis	0.314503046585492	18	27	FALSE
cfDNA_control_18	PBL_patient_10_diagnosis	0.40902910502483	18	28	FALSE
cfDNA_control_18	PBL_patient_11_diagnosis	0.491888609375356	18	29	FALSE
cfDNA_control_18	PBL_patient_12_diagnosis	0.484332343735159	18	30	FALSE
cfDNA_control_18	PBL_patient_13_diagnosis	0.52968029915669	18	31	FALSE
cfDNA_control_18	PBL_patient_14_diagnosis	0.536627336887321	18	32	FALSE
cfDNA_control_18	PBL_patient_15_diagnosis	0.47731998706252	18	33	FALSE
cfDNA_control_18	PBL_patient_16_diagnosis	0.487897407080552	18	34	FALSE
cfDNA_control_18	PBL_patient_17_diagnosis	0.493359502228356	18	35	FALSE
cfDNA_control_18	PBL_patient_18_diagnosis	0.516410152941742	18	36	FALSE
cfDNA_control_18	PBL_patient_19_diagnosis	0.533317230165818	18	37	FALSE
cfDNA_control_18	PBL_patient_20_diagnosis	0.475289759779011	18	38	FALSE
cfDNA_control_18	PBL_patient_21_diagnosis	0.504948356713668	18	39	FALSE
cfDNA_control_18	PBL_patient_22_diagnosis	0.476397702640387	18	40	FALSE
cfDNA_control_18	PBL_patient_23_diagnosis	0.508863426678714	18	41	FALSE
cfDNA_control_18	PBL_patient_24_diagnosis	0.501565868743863	18	42	FALSE
cfDNA_control_18	PBL_patient_25_diagnosis	0.495997889005171	18	43	FALSE
cfDNA_control_18	PBL_patient_26_diagnosis	0.438284674695187	18	44	FALSE
cfDNA_control_18	PBL_patient_27_diagnosis	0.544889333094168	18	45	FALSE
cfDNA_control_18	PBL_patient_28_diagnosis	0.484705652729518	18	46	FALSE
cfDNA_control_18	PBL_patient_29_diagnosis	0.545935091712001	18	47	FALSE
cfDNA_control_18	PBL_patient_30_diagnosis	0.506739681388149	18	48	FALSE
cfDNA_control_19	PBL_control_1	0.513535686444496	19	1	FALSE
cfDNA_control_19	PBL_control_2	0.378383372416174	19	2	FALSE
cfDNA_control_19	PBL_control_3	0.474529708544885	19	3	FALSE
cfDNA_control_19	PBL_control_4	0.451342618903774	19	4	FALSE
cfDNA_control_19	PBL_control_5	0.465897005882904	19	5	FALSE
cfDNA_control_19	PBL_control_6	0.520579285008714	19	6	FALSE
cfDNA_control_19	PBL_control_7	0.448018893883293	19	7	FALSE
cfDNA_control_19	PBL_control_8	0.428289169641552	19	8	FALSE
cfDNA_control_19	PBL_control_9	0.531937543758331	19	9	FALSE
cfDNA_control_19	PBL_control_10	0.454659073843951	19	10	FALSE
cfDNA_control_19	PBL_control_11	0.514233795310678	19	11	FALSE
cfDNA_control_19	PBL_control_12	0.500532261977273	19	12	FALSE
cfDNA_control_19	PBL_control_13	0.465012656211768	19	13	FALSE
cfDNA_control_19	PBL_control_14	0.518660862917942	19	14	FALSE
cfDNA_control_19	PBL_control_15	0.495652218470534	19	15	FALSE
cfDNA_control_19	PBL_control_16	0.500476393784615	19	16	FALSE
cfDNA_control_19	PBL_control_17	0.428677833162687	19	17	FALSE
cfDNA_control_19	PBL_control_18	0.523175809281567	19	18	FALSE
cfDNA_control_19	PBL_control_19	0.798273475497692	19	19	TRUE
cfDNA_control_19	PBL_patient_1_diagnosis	0.22848590544714	19	20	FALSE
cfDNA_control_19	PBL_patient_2_diagnosis	0.230509633324227	19	21	FALSE
cfDNA_control_19	PBL_patient_4_diagnosis	0.255647467263589	19	22	FALSE
cfDNA_control_19	PBL_patient_5_diagnosis	0.435630772226717	19	23	FALSE
cfDNA_control_19	PBL_patient_6_diagnosis	0.457428090191158	19	24	FALSE
cfDNA_control_19	PBL_patient_7_diagnosis	0.492579369553561	19	25	FALSE
cfDNA_control_19	PBL_patient_8_diagnosis	0.264819246457112	19	26	FALSE
cfDNA_control_19	PBL_patient_9_diagnosis	0.257876202076969	19	27	FALSE
cfDNA_control_19	PBL_patient_10_diagnosis	0.384538534125157	19	28	FALSE
cfDNA_control_19	PBL_patient_11_diagnosis	0.49600156002562	19	29	FALSE
cfDNA_control_19	PBL_patient_12_diagnosis	0.475053705057592	19	30	FALSE
cfDNA_control_19	PBL_patient_13_diagnosis	0.527063137111317	19	31	FALSE
cfDNA_control_19	PBL_patient_14_diagnosis	0.484345889340915	19	32	FALSE
cfDNA_control_19	PBL_patient_15_diagnosis	0.466907518426549	19	33	FALSE
cfDNA_control_19	PBL_patient_16_diagnosis	0.497763611506295	19	34	FALSE
cfDNA_control_19	PBL_patient_17_diagnosis	0.515334451779557	19	35	FALSE
cfDNA_control_19	PBL_patient_18_diagnosis	0.511922562481306	19	36	FALSE
cfDNA_control_19	PBL_patient_19_diagnosis	0.5011285675837	19	37	FALSE
cfDNA_control_19	PBL_patient_20_diagnosis	0.475845956716734	19	38	FALSE
cfDNA_control_19	PBL_patient_21_diagnosis	0.483169260373763	19	39	FALSE
cfDNA_control_19	PBL_patient_22_diagnosis	0.45052476461114	19	40	FALSE
cfDNA_control_19	PBL_patient_23_diagnosis	0.47673518344238	19	41	FALSE
cfDNA_control_19	PBL_patient_24_diagnosis	0.479147078031117	19	42	FALSE
cfDNA_control_19	PBL_patient_25_diagnosis	0.506741945159398	19	43	FALSE
cfDNA_control_19	PBL_patient_26_diagnosis	0.449467740287963	19	44	FALSE
cfDNA_control_19	PBL_patient_27_diagnosis	0.533540822697534	19	45	FALSE
cfDNA_control_19	PBL_patient_28_diagnosis	0.509881647496117	19	46	FALSE
cfDNA_control_19	PBL_patient_29_diagnosis	0.528138821711411	19	47	FALSE
cfDNA_control_19	PBL_patient_30_diagnosis	0.460514312183778	19	48	FALSE
cfDNA_patient_1_diagnosis	PBL_control_1	0.484070771943285	20	1	FALSE
cfDNA_patient_1_diagnosis	PBL_control_2	0.368682522624554	20	2	FALSE
cfDNA_patient_1_diagnosis	PBL_control_3	0.432659111503642	20	3	FALSE
cfDNA_patient_1_diagnosis	PBL_control_4	0.419943679832628	20	4	FALSE
cfDNA_patient_1_diagnosis	PBL_control_5	0.466471940279122	20	5	FALSE
cfDNA_patient_1_diagnosis	PBL_control_6	0.50671902576394	20	6	FALSE
cfDNA_patient_1_diagnosis	PBL_control_7	0.463144365080626	20	7	FALSE
cfDNA_patient_1_diagnosis	PBL_control_8	0.40250264419429	20	8	FALSE
cfDNA_patient_1_diagnosis	PBL_control_9	0.498443796476983	20	9	FALSE
cfDNA_patient_1_diagnosis	PBL_control_10	0.447232250492826	20	10	FALSE
cfDNA_patient_1_diagnosis	PBL_control_11	0.492934501986078	20	11	FALSE
cfDNA_patient_1_diagnosis	PBL_control_12	0.472283412167691	20	12	FALSE
cfDNA_patient_1_diagnosis	PBL_control_13	0.481896891224265	20	13	FALSE
cfDNA_patient_1_diagnosis	PBL_control_14	0.488459076551297	20	14	FALSE
cfDNA_patient_1_diagnosis	PBL_control_15	0.4822555165461	20	15	FALSE
cfDNA_patient_1_diagnosis	PBL_control_16	0.496674436633479	20	16	FALSE
cfDNA_patient_1_diagnosis	PBL_control_17	0.443492895141285	20	17	FALSE
cfDNA_patient_1_diagnosis	PBL_control_18	0.507627215748515	20	18	FALSE
cfDNA_patient_1_diagnosis	PBL_control_19	0.482592708304791	20	19	FALSE
cfDNA_patient_1_diagnosis	PBL_patient_1_diagnosis	0.508424599615414	20	20	TRUE
cfDNA_patient_1_diagnosis	PBL_patient_2_diagnosis	0.283263118445281	20	21	FALSE
cfDNA_patient_1_diagnosis	PBL_patient_4_diagnosis	0.306317305629566	20	22	FALSE
cfDNA_patient_1_diagnosis	PBL_patient_5_diagnosis	0.433934121390642	20	23	FALSE
cfDNA_patient_1_diagnosis	PBL_patient_6_diagnosis	0.474963742717329	20	24	FALSE
cfDNA_patient_1_diagnosis	PBL_patient_7_diagnosis	0.469770173971986	20	25	FALSE
cfDNA_patient_1_diagnosis	PBL_patient_8_diagnosis	0.352455098365086	20	26	FALSE
cfDNA_patient_1_diagnosis	PBL_patient_9_diagnosis	0.340867432020448	20	27	FALSE
cfDNA_patient_1_diagnosis	PBL_patient_10_diagnosis	0.408125371554563	20	28	FALSE
cfDNA_patient_1_diagnosis	PBL_patient_11_diagnosis	0.462407526001522	20	29	FALSE
cfDNA_patient_1_diagnosis	PBL_patient_12_diagnosis	0.454289365679709	20	30	FALSE
cfDNA_patient_1_diagnosis	PBL_patient_13_diagnosis	0.496696361353854	20	31	FALSE
cfDNA_patient_1_diagnosis	PBL_patient_14_diagnosis	0.489471181760486	20	32	FALSE
cfDNA_patient_1_diagnosis	PBL_patient_15_diagnosis	0.472782201598889	20	33	FALSE
cfDNA_patient_1_diagnosis	PBL_patient_16_diagnosis	0.47814437960072	20	34	FALSE
cfDNA_patient_1_diagnosis	PBL_patient_17_diagnosis	0.483795166879189	20	35	FALSE
cfDNA_patient_1_diagnosis	PBL_patient_18_diagnosis	0.501907229307829	20	36	FALSE
cfDNA_patient_1_diagnosis	PBL_patient_19_diagnosis	0.484259240443651	20	37	FALSE
cfDNA_patient_1_diagnosis	PBL_patient_20_diagnosis	0.467137178608865	20	38	FALSE
cfDNA_patient_1_diagnosis	PBL_patient_21_diagnosis	0.455717187777934	20	39	FALSE
cfDNA_patient_1_diagnosis	PBL_patient_22_diagnosis	0.466387441870507	20	40	FALSE
cfDNA_patient_1_diagnosis	PBL_patient_23_diagnosis	0.51056175218395	20	41	FALSE
cfDNA_patient_1_diagnosis	PBL_patient_24_diagnosis	0.47395835464381	20	42	FALSE
cfDNA_patient_1_diagnosis	PBL_patient_25_diagnosis	0.50157503671725	20	43	FALSE
cfDNA_patient_1_diagnosis	PBL_patient_26_diagnosis	0.407789670000251	20	44	FALSE
cfDNA_patient_1_diagnosis	PBL_patient_27_diagnosis	0.497932835344435	20	45	FALSE
cfDNA_patient_1_diagnosis	PBL_patient_28_diagnosis	0.490128290651326	20	46	FALSE
cfDNA_patient_1_diagnosis	PBL_patient_29_diagnosis	0.484052279232506	20	47	FALSE
cfDNA_patient_1_diagnosis	PBL_patient_30_diagnosis	0.46775563326388	20	48	FALSE
cfDNA_patient_2_diagnosis	PBL_control_1	0.479885066901745	21	1	FALSE
cfDNA_patient_2_diagnosis	PBL_control_2	0.387812734835485	21	2	FALSE
cfDNA_patient_2_diagnosis	PBL_control_3	0.450148590912382	21	3	FALSE
cfDNA_patient_2_diagnosis	PBL_control_4	0.416146656218637	21	4	FALSE
cfDNA_patient_2_diagnosis	PBL_control_5	0.464749380963513	21	5	FALSE
cfDNA_patient_2_diagnosis	PBL_control_6	0.465028475367465	21	6	FALSE
cfDNA_patient_2_diagnosis	PBL_control_7	0.439150054172959	21	7	FALSE
cfDNA_patient_2_diagnosis	PBL_control_8	0.403696988832746	21	8	FALSE
cfDNA_patient_2_diagnosis	PBL_control_9	0.481300033623482	21	9	FALSE
cfDNA_patient_2_diagnosis	PBL_control_10	0.444231393727524	21	10	FALSE
cfDNA_patient_2_diagnosis	PBL_control_11	0.485966769046267	21	11	FALSE
cfDNA_patient_2_diagnosis	PBL_control_12	0.472878896478136	21	12	FALSE
cfDNA_patient_2_diagnosis	PBL_control_13	0.453106631494364	21	13	FALSE
cfDNA_patient_2_diagnosis	PBL_control_14	0.498745586030137	21	14	FALSE
cfDNA_patient_2_diagnosis	PBL_control_15	0.486312240555709	21	15	FALSE
cfDNA_patient_2_diagnosis	PBL_control_16	0.460146757348837	21	16	FALSE
cfDNA_patient_2_diagnosis	PBL_control_17	0.400798343866789	21	17	FALSE
cfDNA_patient_2_diagnosis	PBL_control_18	0.479237739572469	21	18	FALSE
cfDNA_patient_2_diagnosis	PBL_control_19	0.467820332057864	21	19	FALSE
cfDNA_patient_2_diagnosis	PBL_patient_1_diagnosis	0.332694532754353	21	20	FALSE
cfDNA_patient_2_diagnosis	PBL_patient_2_diagnosis	0.557178622902766	21	21	TRUE
cfDNA_patient_2_diagnosis	PBL_patient_4_diagnosis	0.338854615641696	21	22	FALSE
cfDNA_patient_2_diagnosis	PBL_patient_5_diagnosis	0.46100885314187	21	23	FALSE
cfDNA_patient_2_diagnosis	PBL_patient_6_diagnosis	0.448916500032973	21	24	FALSE
cfDNA_patient_2_diagnosis	PBL_patient_7_diagnosis	0.478579606428335	21	25	FALSE
cfDNA_patient_2_diagnosis	PBL_patient_8_diagnosis	0.347003512133136	21	26	FALSE
cfDNA_patient_2_diagnosis	PBL_patient_9_diagnosis	0.336827863522135	21	27	FALSE
cfDNA_patient_2_diagnosis	PBL_patient_10_diagnosis	0.424583726502331	21	28	FALSE
cfDNA_patient_2_diagnosis	PBL_patient_11_diagnosis	0.445729621395532	21	29	FALSE
cfDNA_patient_2_diagnosis	PBL_patient_12_diagnosis	0.455031540690962	21	30	FALSE
cfDNA_patient_2_diagnosis	PBL_patient_13_diagnosis	0.466745930602111	21	31	FALSE
cfDNA_patient_2_diagnosis	PBL_patient_14_diagnosis	0.486398125748673	21	32	FALSE
cfDNA_patient_2_diagnosis	PBL_patient_15_diagnosis	0.482656288755691	21	33	FALSE
cfDNA_patient_2_diagnosis	PBL_patient_16_diagnosis	0.481029881785125	21	34	FALSE
cfDNA_patient_2_diagnosis	PBL_patient_17_diagnosis	0.479434617235259	21	35	FALSE
cfDNA_patient_2_diagnosis	PBL_patient_18_diagnosis	0.500056008975757	21	36	FALSE
cfDNA_patient_2_diagnosis	PBL_patient_19_diagnosis	0.467241518889933	21	37	FALSE
cfDNA_patient_2_diagnosis	PBL_patient_20_diagnosis	0.499858253805646	21	38	FALSE
cfDNA_patient_2_diagnosis	PBL_patient_21_diagnosis	0.438092043571173	21	39	FALSE
cfDNA_patient_2_diagnosis	PBL_patient_22_diagnosis	0.470197149770679	21	40	FALSE
cfDNA_patient_2_diagnosis	PBL_patient_23_diagnosis	0.475548429723399	21	41	FALSE
cfDNA_patient_2_diagnosis	PBL_patient_24_diagnosis	0.467744106199911	21	42	FALSE
cfDNA_patient_2_diagnosis	PBL_patient_25_diagnosis	0.43228188274901	21	43	FALSE
cfDNA_patient_2_diagnosis	PBL_patient_26_diagnosis	0.405779052572294	21	44	FALSE
cfDNA_patient_2_diagnosis	PBL_patient_27_diagnosis	0.475572507351329	21	45	FALSE
cfDNA_patient_2_diagnosis	PBL_patient_28_diagnosis	0.464337205250751	21	46	FALSE
cfDNA_patient_2_diagnosis	PBL_patient_29_diagnosis	0.460650606955017	21	47	FALSE
cfDNA_patient_2_diagnosis	PBL_patient_30_diagnosis	0.502779859138655	21	48	FALSE
cfDNA_patient_4_diagnosis	PBL_control_1	0.471292446733287	22	1	FALSE
cfDNA_patient_4_diagnosis	PBL_control_2	0.384440622911219	22	2	FALSE
cfDNA_patient_4_diagnosis	PBL_control_3	0.438024716845088	22	3	FALSE
cfDNA_patient_4_diagnosis	PBL_control_4	0.437920766194981	22	4	FALSE
cfDNA_patient_4_diagnosis	PBL_control_5	0.464691097384183	22	5	FALSE
cfDNA_patient_4_diagnosis	PBL_control_6	0.493047783412675	22	6	FALSE
cfDNA_patient_4_diagnosis	PBL_control_7	0.448101854812331	22	7	FALSE
cfDNA_patient_4_diagnosis	PBL_control_8	0.414911046614726	22	8	FALSE
cfDNA_patient_4_diagnosis	PBL_control_9	0.506411687285326	22	9	FALSE
cfDNA_patient_4_diagnosis	PBL_control_10	0.456408604763207	22	10	FALSE
cfDNA_patient_4_diagnosis	PBL_control_11	0.480143114085384	22	11	FALSE
cfDNA_patient_4_diagnosis	PBL_control_12	0.47581006717617	22	12	FALSE
cfDNA_patient_4_diagnosis	PBL_control_13	0.467921109422579	22	13	FALSE
cfDNA_patient_4_diagnosis	PBL_control_14	0.481770671049102	22	14	FALSE
cfDNA_patient_4_diagnosis	PBL_control_15	0.469963319916017	22	15	FALSE
cfDNA_patient_4_diagnosis	PBL_control_16	0.480997576261696	22	16	FALSE
cfDNA_patient_4_diagnosis	PBL_control_17	0.421733861268752	22	17	FALSE
cfDNA_patient_4_diagnosis	PBL_control_18	0.50207924385327	22	18	FALSE
cfDNA_patient_4_diagnosis	PBL_control_19	0.489745128080506	22	19	FALSE
cfDNA_patient_4_diagnosis	PBL_patient_1_diagnosis	0.290805157077812	22	20	FALSE
cfDNA_patient_4_diagnosis	PBL_patient_2_diagnosis	0.277332288057802	22	21	FALSE
cfDNA_patient_4_diagnosis	PBL_patient_4_diagnosis	0.517769399124037	22	22	TRUE
cfDNA_patient_4_diagnosis	PBL_patient_5_diagnosis	0.460184053132443	22	23	FALSE
cfDNA_patient_4_diagnosis	PBL_patient_6_diagnosis	0.459864628065461	22	24	FALSE
cfDNA_patient_4_diagnosis	PBL_patient_7_diagnosis	0.459899724463985	22	25	FALSE
cfDNA_patient_4_diagnosis	PBL_patient_8_diagnosis	0.320069484713728	22	26	FALSE
cfDNA_patient_4_diagnosis	PBL_patient_9_diagnosis	0.327410096461338	22	27	FALSE
cfDNA_patient_4_diagnosis	PBL_patient_10_diagnosis	0.403684212031921	22	28	FALSE
cfDNA_patient_4_diagnosis	PBL_patient_11_diagnosis	0.465974168099369	22	29	FALSE
cfDNA_patient_4_diagnosis	PBL_patient_12_diagnosis	0.446403679069102	22	30	FALSE
cfDNA_patient_4_diagnosis	PBL_patient_13_diagnosis	0.484000801285085	22	31	FALSE
cfDNA_patient_4_diagnosis	PBL_patient_14_diagnosis	0.495791999445732	22	32	FALSE
cfDNA_patient_4_diagnosis	PBL_patient_15_diagnosis	0.477550223376364	22	33	FALSE
cfDNA_patient_4_diagnosis	PBL_patient_16_diagnosis	0.472967477602153	22	34	FALSE
cfDNA_patient_4_diagnosis	PBL_patient_17_diagnosis	0.487745331409649	22	35	FALSE
cfDNA_patient_4_diagnosis	PBL_patient_18_diagnosis	0.50406622341714	22	36	FALSE
cfDNA_patient_4_diagnosis	PBL_patient_19_diagnosis	0.483239699641655	22	37	FALSE
cfDNA_patient_4_diagnosis	PBL_patient_20_diagnosis	0.466983908130735	22	38	FALSE
cfDNA_patient_4_diagnosis	PBL_patient_21_diagnosis	0.464200740477047	22	39	FALSE
cfDNA_patient_4_diagnosis	PBL_patient_22_diagnosis	0.47908814404032	22	40	FALSE
cfDNA_patient_4_diagnosis	PBL_patient_23_diagnosis	0.487978645011379	22	41	FALSE
cfDNA_patient_4_diagnosis	PBL_patient_24_diagnosis	0.478514236034078	22	42	FALSE
cfDNA_patient_4_diagnosis	PBL_patient_25_diagnosis	0.469217566817423	22	43	FALSE
cfDNA_patient_4_diagnosis	PBL_patient_26_diagnosis	0.422195056278298	22	44	FALSE
cfDNA_patient_4_diagnosis	PBL_patient_27_diagnosis	0.506918942071603	22	45	FALSE
cfDNA_patient_4_diagnosis	PBL_patient_28_diagnosis	0.479180204464988	22	46	FALSE
cfDNA_patient_4_diagnosis	PBL_patient_29_diagnosis	0.491468252623746	22	47	FALSE
cfDNA_patient_4_diagnosis	PBL_patient_30_diagnosis	0.487119976863109	22	48	FALSE
cfDNA_patient_5_diagnosis	PBL_control_1	0.453422677409807	23	1	FALSE
cfDNA_patient_5_diagnosis	PBL_control_2	0.347710780742415	23	2	FALSE
cfDNA_patient_5_diagnosis	PBL_control_3	0.469310698947895	23	3	FALSE
cfDNA_patient_5_diagnosis	PBL_control_4	0.40214397210753	23	4	FALSE
cfDNA_patient_5_diagnosis	PBL_control_5	0.422928356089153	23	5	FALSE
cfDNA_patient_5_diagnosis	PBL_control_6	0.438775103794946	23	6	FALSE
cfDNA_patient_5_diagnosis	PBL_control_7	0.404468944399379	23	7	FALSE
cfDNA_patient_5_diagnosis	PBL_control_8	0.378429293680638	23	8	FALSE
cfDNA_patient_5_diagnosis	PBL_control_9	0.45187428842438	23	9	FALSE
cfDNA_patient_5_diagnosis	PBL_control_10	0.427011237377984	23	10	FALSE
cfDNA_patient_5_diagnosis	PBL_control_11	0.458753705697904	23	11	FALSE
cfDNA_patient_5_diagnosis	PBL_control_12	0.441146297072538	23	12	FALSE
cfDNA_patient_5_diagnosis	PBL_control_13	0.429507363885517	23	13	FALSE
cfDNA_patient_5_diagnosis	PBL_control_14	0.471028719230784	23	14	FALSE
cfDNA_patient_5_diagnosis	PBL_control_15	0.453943017863126	23	15	FALSE
cfDNA_patient_5_diagnosis	PBL_control_16	0.414721491744685	23	16	FALSE
cfDNA_patient_5_diagnosis	PBL_control_17	0.37389602447911	23	17	FALSE
cfDNA_patient_5_diagnosis	PBL_control_18	0.46104318348786	23	18	FALSE
cfDNA_patient_5_diagnosis	PBL_control_19	0.453035237371858	23	19	FALSE
cfDNA_patient_5_diagnosis	PBL_patient_1_diagnosis	0.22849591891373	23	20	FALSE
cfDNA_patient_5_diagnosis	PBL_patient_2_diagnosis	0.250077117282155	23	21	FALSE
cfDNA_patient_5_diagnosis	PBL_patient_4_diagnosis	0.262493718013737	23	22	FALSE
cfDNA_patient_5_diagnosis	PBL_patient_5_diagnosis	0.721877029977575	23	23	TRUE
cfDNA_patient_5_diagnosis	PBL_patient_6_diagnosis	0.413286068308117	23	24	FALSE
cfDNA_patient_5_diagnosis	PBL_patient_7_diagnosis	0.428398671839527	23	25	FALSE
cfDNA_patient_5_diagnosis	PBL_patient_8_diagnosis	0.255197255491498	23	26	FALSE
cfDNA_patient_5_diagnosis	PBL_patient_9_diagnosis	0.248140972115749	23	27	FALSE
cfDNA_patient_5_diagnosis	PBL_patient_10_diagnosis	0.334399457256968	23	28	FALSE
cfDNA_patient_5_diagnosis	PBL_patient_11_diagnosis	0.418804449632888	23	29	FALSE
cfDNA_patient_5_diagnosis	PBL_patient_12_diagnosis	0.444409250734945	23	30	FALSE
cfDNA_patient_5_diagnosis	PBL_patient_13_diagnosis	0.439853457320115	23	31	FALSE
cfDNA_patient_5_diagnosis	PBL_patient_14_diagnosis	0.459018723956549	23	32	FALSE
cfDNA_patient_5_diagnosis	PBL_patient_15_diagnosis	0.430394349109062	23	33	FALSE
cfDNA_patient_5_diagnosis	PBL_patient_16_diagnosis	0.467943905445636	23	34	FALSE
cfDNA_patient_5_diagnosis	PBL_patient_17_diagnosis	0.473988552454293	23	35	FALSE
cfDNA_patient_5_diagnosis	PBL_patient_18_diagnosis	0.482317251352298	23	36	FALSE
cfDNA_patient_5_diagnosis	PBL_patient_19_diagnosis	0.453419476948471	23	37	FALSE
cfDNA_patient_5_diagnosis	PBL_patient_20_diagnosis	0.436068490863936	23	38	FALSE
cfDNA_patient_5_diagnosis	PBL_patient_21_diagnosis	0.456833484850986	23	39	FALSE
cfDNA_patient_5_diagnosis	PBL_patient_22_diagnosis	0.464553296288734	23	40	FALSE
cfDNA_patient_5_diagnosis	PBL_patient_23_diagnosis	0.424906350055276	23	41	FALSE
cfDNA_patient_5_diagnosis	PBL_patient_24_diagnosis	0.455699891147668	23	42	FALSE
cfDNA_patient_5_diagnosis	PBL_patient_25_diagnosis	0.444956905788401	23	43	FALSE
cfDNA_patient_5_diagnosis	PBL_patient_26_diagnosis	0.384028153135166	23	44	FALSE
cfDNA_patient_5_diagnosis	PBL_patient_27_diagnosis	0.470487883465541	23	45	FALSE
cfDNA_patient_5_diagnosis	PBL_patient_28_diagnosis	0.425661308886877	23	46	FALSE
cfDNA_patient_5_diagnosis	PBL_patient_29_diagnosis	0.461135602541588	23	47	FALSE
cfDNA_patient_5_diagnosis	PBL_patient_30_diagnosis	0.446982398982816	23	48	FALSE
cfDNA_patient_6_diagnosis	PBL_control_1	0.503293291186455	24	1	FALSE
cfDNA_patient_6_diagnosis	PBL_control_2	0.423203314923883	24	2	FALSE
cfDNA_patient_6_diagnosis	PBL_control_3	0.481387091475351	24	3	FALSE
cfDNA_patient_6_diagnosis	PBL_control_4	0.436086493074996	24	4	FALSE
cfDNA_patient_6_diagnosis	PBL_control_5	0.479759930778521	24	5	FALSE
cfDNA_patient_6_diagnosis	PBL_control_6	0.529065630580122	24	6	FALSE
cfDNA_patient_6_diagnosis	PBL_control_7	0.47491642638646	24	7	FALSE
cfDNA_patient_6_diagnosis	PBL_control_8	0.455497363023346	24	8	FALSE
cfDNA_patient_6_diagnosis	PBL_control_9	0.507780133055683	24	9	FALSE
cfDNA_patient_6_diagnosis	PBL_control_10	0.469806605253998	24	10	FALSE
cfDNA_patient_6_diagnosis	PBL_control_11	0.484684506608841	24	11	FALSE
cfDNA_patient_6_diagnosis	PBL_control_12	0.487022829494624	24	12	FALSE
cfDNA_patient_6_diagnosis	PBL_control_13	0.479499652458347	24	13	FALSE
cfDNA_patient_6_diagnosis	PBL_control_14	0.480377259838563	24	14	FALSE
cfDNA_patient_6_diagnosis	PBL_control_15	0.494469968485612	24	15	FALSE
cfDNA_patient_6_diagnosis	PBL_control_16	0.459898430484197	24	16	FALSE
cfDNA_patient_6_diagnosis	PBL_control_17	0.47636938564288	24	17	FALSE
cfDNA_patient_6_diagnosis	PBL_control_18	0.507918405168698	24	18	FALSE
cfDNA_patient_6_diagnosis	PBL_control_19	0.471657660209719	24	19	FALSE
cfDNA_patient_6_diagnosis	PBL_patient_1_diagnosis	0.30604194730255	24	20	FALSE
cfDNA_patient_6_diagnosis	PBL_patient_2_diagnosis	0.277181152126239	24	21	FALSE
cfDNA_patient_6_diagnosis	PBL_patient_4_diagnosis	0.304046582499856	24	22	FALSE
cfDNA_patient_6_diagnosis	PBL_patient_5_diagnosis	0.423301715669009	24	23	FALSE
cfDNA_patient_6_diagnosis	PBL_patient_6_diagnosis	0.748048539267502	24	24	TRUE
cfDNA_patient_6_diagnosis	PBL_patient_7_diagnosis	0.479147317952223	24	25	FALSE
cfDNA_patient_6_diagnosis	PBL_patient_8_diagnosis	0.346483448304584	24	26	FALSE
cfDNA_patient_6_diagnosis	PBL_patient_9_diagnosis	0.309620594740356	24	27	FALSE
cfDNA_patient_6_diagnosis	PBL_patient_10_diagnosis	0.406527850062707	24	28	FALSE
cfDNA_patient_6_diagnosis	PBL_patient_11_diagnosis	0.493368567955649	24	29	FALSE
cfDNA_patient_6_diagnosis	PBL_patient_12_diagnosis	0.443083035209847	24	30	FALSE
cfDNA_patient_6_diagnosis	PBL_patient_13_diagnosis	0.499074134536059	24	31	FALSE
cfDNA_patient_6_diagnosis	PBL_patient_14_diagnosis	0.495134277033208	24	32	FALSE
cfDNA_patient_6_diagnosis	PBL_patient_15_diagnosis	0.478521057273416	24	33	FALSE
cfDNA_patient_6_diagnosis	PBL_patient_16_diagnosis	0.492132152908801	24	34	FALSE
cfDNA_patient_6_diagnosis	PBL_patient_17_diagnosis	0.489035843792309	24	35	FALSE
cfDNA_patient_6_diagnosis	PBL_patient_18_diagnosis	0.488740495843708	24	36	FALSE
cfDNA_patient_6_diagnosis	PBL_patient_19_diagnosis	0.512090986482607	24	37	FALSE
cfDNA_patient_6_diagnosis	PBL_patient_20_diagnosis	0.46513326776954	24	38	FALSE
cfDNA_patient_6_diagnosis	PBL_patient_21_diagnosis	0.449831628663409	24	39	FALSE
cfDNA_patient_6_diagnosis	PBL_patient_22_diagnosis	0.491533752094166	24	40	FALSE
cfDNA_patient_6_diagnosis	PBL_patient_23_diagnosis	0.522039427411133	24	41	FALSE
cfDNA_patient_6_diagnosis	PBL_patient_24_diagnosis	0.500785918820521	24	42	FALSE
cfDNA_patient_6_diagnosis	PBL_patient_25_diagnosis	0.509003289101921	24	43	FALSE
cfDNA_patient_6_diagnosis	PBL_patient_26_diagnosis	0.437181732789725	24	44	FALSE
cfDNA_patient_6_diagnosis	PBL_patient_27_diagnosis	0.519892425438423	24	45	FALSE
cfDNA_patient_6_diagnosis	PBL_patient_28_diagnosis	0.476902301543295	24	46	FALSE
cfDNA_patient_6_diagnosis	PBL_patient_29_diagnosis	0.512841157161939	24	47	FALSE
cfDNA_patient_6_diagnosis	PBL_patient_30_diagnosis	0.481538879033583	24	48	FALSE
cfDNA_patient_7_diagnosis	PBL_control_1	0.530600273205757	25	1	FALSE
cfDNA_patient_7_diagnosis	PBL_control_2	0.395525528137296	25	2	FALSE
cfDNA_patient_7_diagnosis	PBL_control_3	0.484090198542398	25	3	FALSE
cfDNA_patient_7_diagnosis	PBL_control_4	0.445494163166038	25	4	FALSE
cfDNA_patient_7_diagnosis	PBL_control_5	0.489257406244469	25	5	FALSE
cfDNA_patient_7_diagnosis	PBL_control_6	0.511713544760691	25	6	FALSE
cfDNA_patient_7_diagnosis	PBL_control_7	0.433721190594443	25	7	FALSE
cfDNA_patient_7_diagnosis	PBL_control_8	0.446371791637034	25	8	FALSE
cfDNA_patient_7_diagnosis	PBL_control_9	0.51172045866026	25	9	FALSE
cfDNA_patient_7_diagnosis	PBL_control_10	0.47238200983441	25	10	FALSE
cfDNA_patient_7_diagnosis	PBL_control_11	0.503625840165109	25	11	FALSE
cfDNA_patient_7_diagnosis	PBL_control_12	0.52871714305515	25	12	FALSE
cfDNA_patient_7_diagnosis	PBL_control_13	0.47381161373473	25	13	FALSE
cfDNA_patient_7_diagnosis	PBL_control_14	0.522792665508946	25	14	FALSE
cfDNA_patient_7_diagnosis	PBL_control_15	0.515761935557272	25	15	FALSE
cfDNA_patient_7_diagnosis	PBL_control_16	0.495216955547339	25	16	FALSE
cfDNA_patient_7_diagnosis	PBL_control_17	0.433851439876992	25	17	FALSE
cfDNA_patient_7_diagnosis	PBL_control_18	0.533306710725503	25	18	FALSE
cfDNA_patient_7_diagnosis	PBL_control_19	0.521748418464438	25	19	FALSE
cfDNA_patient_7_diagnosis	PBL_patient_1_diagnosis	0.277796447262776	25	20	FALSE
cfDNA_patient_7_diagnosis	PBL_patient_2_diagnosis	0.288015241403746	25	21	FALSE
cfDNA_patient_7_diagnosis	PBL_patient_4_diagnosis	0.28538065622018	25	22	FALSE
cfDNA_patient_7_diagnosis	PBL_patient_5_diagnosis	0.445060857744303	25	23	FALSE
cfDNA_patient_7_diagnosis	PBL_patient_6_diagnosis	0.488917560191099	25	24	FALSE
cfDNA_patient_7_diagnosis	PBL_patient_7_diagnosis	0.7618029730429	25	25	TRUE
cfDNA_patient_7_diagnosis	PBL_patient_8_diagnosis	0.294530168926473	25	26	FALSE
cfDNA_patient_7_diagnosis	PBL_patient_9_diagnosis	0.29167692119458	25	27	FALSE
cfDNA_patient_7_diagnosis	PBL_patient_10_diagnosis	0.397946089113841	25	28	FALSE
cfDNA_patient_7_diagnosis	PBL_patient_11_diagnosis	0.482337473556011	25	29	FALSE
cfDNA_patient_7_diagnosis	PBL_patient_12_diagnosis	0.481693271191112	25	30	FALSE
cfDNA_patient_7_diagnosis	PBL_patient_13_diagnosis	0.505551423993826	25	31	FALSE
cfDNA_patient_7_diagnosis	PBL_patient_14_diagnosis	0.504795977313318	25	32	FALSE
cfDNA_patient_7_diagnosis	PBL_patient_15_diagnosis	0.468966545378488	25	33	FALSE
cfDNA_patient_7_diagnosis	PBL_patient_16_diagnosis	0.512217923938561	25	34	FALSE
cfDNA_patient_7_diagnosis	PBL_patient_17_diagnosis	0.504920747883204	25	35	FALSE
cfDNA_patient_7_diagnosis	PBL_patient_18_diagnosis	0.526214634244353	25	36	FALSE
cfDNA_patient_7_diagnosis	PBL_patient_19_diagnosis	0.5136047586087	25	37	FALSE
cfDNA_patient_7_diagnosis	PBL_patient_20_diagnosis	0.494088959615914	25	38	FALSE
cfDNA_patient_7_diagnosis	PBL_patient_21_diagnosis	0.50292252232288	25	39	FALSE
cfDNA_patient_7_diagnosis	PBL_patient_22_diagnosis	0.479167010221563	25	40	FALSE
cfDNA_patient_7_diagnosis	PBL_patient_23_diagnosis	0.496377484323087	25	41	FALSE
cfDNA_patient_7_diagnosis	PBL_patient_24_diagnosis	0.509474483148518	25	42	FALSE
cfDNA_patient_7_diagnosis	PBL_patient_25_diagnosis	0.494582179233161	25	43	FALSE
cfDNA_patient_7_diagnosis	PBL_patient_26_diagnosis	0.439223224944198	25	44	FALSE
cfDNA_patient_7_diagnosis	PBL_patient_27_diagnosis	0.527800003553679	25	45	FALSE
cfDNA_patient_7_diagnosis	PBL_patient_28_diagnosis	0.491438761179979	25	46	FALSE
cfDNA_patient_7_diagnosis	PBL_patient_29_diagnosis	0.519369262635073	25	47	FALSE
cfDNA_patient_7_diagnosis	PBL_patient_30_diagnosis	0.499861280471123	25	48	FALSE
cfDNA_patient_8_diagnosis	PBL_control_1	0.482748835588841	26	1	FALSE
cfDNA_patient_8_diagnosis	PBL_control_2	0.362401157520571	26	2	FALSE
cfDNA_patient_8_diagnosis	PBL_control_3	0.447234037823905	26	3	FALSE
cfDNA_patient_8_diagnosis	PBL_control_4	0.415274445942453	26	4	FALSE
cfDNA_patient_8_diagnosis	PBL_control_5	0.447257609682951	26	5	FALSE
cfDNA_patient_8_diagnosis	PBL_control_6	0.503430507258667	26	6	FALSE
cfDNA_patient_8_diagnosis	PBL_control_7	0.454783720829652	26	7	FALSE
cfDNA_patient_8_diagnosis	PBL_control_8	0.39370669067067	26	8	FALSE
cfDNA_patient_8_diagnosis	PBL_control_9	0.498185117947266	26	9	FALSE
cfDNA_patient_8_diagnosis	PBL_control_10	0.442779947414064	26	10	FALSE
cfDNA_patient_8_diagnosis	PBL_control_11	0.496678207917447	26	11	FALSE
cfDNA_patient_8_diagnosis	PBL_control_12	0.473374413069581	26	12	FALSE
cfDNA_patient_8_diagnosis	PBL_control_13	0.476564936025893	26	13	FALSE
cfDNA_patient_8_diagnosis	PBL_control_14	0.479363185034814	26	14	FALSE
cfDNA_patient_8_diagnosis	PBL_control_15	0.487574052879096	26	15	FALSE
cfDNA_patient_8_diagnosis	PBL_control_16	0.459412689929427	26	16	FALSE
cfDNA_patient_8_diagnosis	PBL_control_17	0.42875838459992	26	17	FALSE
cfDNA_patient_8_diagnosis	PBL_control_18	0.495491603294571	26	18	FALSE
cfDNA_patient_8_diagnosis	PBL_control_19	0.465579977686452	26	19	FALSE
cfDNA_patient_8_diagnosis	PBL_patient_1_diagnosis	0.280262176478609	26	20	FALSE
cfDNA_patient_8_diagnosis	PBL_patient_2_diagnosis	0.233848355539992	26	21	FALSE
cfDNA_patient_8_diagnosis	PBL_patient_4_diagnosis	0.260269420271369	26	22	FALSE
cfDNA_patient_8_diagnosis	PBL_patient_5_diagnosis	0.425972064168585	26	23	FALSE
cfDNA_patient_8_diagnosis	PBL_patient_6_diagnosis	0.484246638494005	26	24	FALSE
cfDNA_patient_8_diagnosis	PBL_patient_7_diagnosis	0.44733012092013	26	25	FALSE
cfDNA_patient_8_diagnosis	PBL_patient_8_diagnosis	0.532988434627224	26	26	TRUE
cfDNA_patient_8_diagnosis	PBL_patient_9_diagnosis	0.294066061807331	26	27	FALSE
cfDNA_patient_8_diagnosis	PBL_patient_10_diagnosis	0.376996774563305	26	28	FALSE
cfDNA_patient_8_diagnosis	PBL_patient_11_diagnosis	0.464997391813237	26	29	FALSE
cfDNA_patient_8_diagnosis	PBL_patient_12_diagnosis	0.426130377988126	26	30	FALSE
cfDNA_patient_8_diagnosis	PBL_patient_13_diagnosis	0.486887793750961	26	31	FALSE
cfDNA_patient_8_diagnosis	PBL_patient_14_diagnosis	0.462133784558175	26	32	FALSE
cfDNA_patient_8_diagnosis	PBL_patient_15_diagnosis	0.454362649737332	26	33	FALSE
cfDNA_patient_8_diagnosis	PBL_patient_16_diagnosis	0.478774061284743	26	34	FALSE
cfDNA_patient_8_diagnosis	PBL_patient_17_diagnosis	0.49526468935063	26	35	FALSE
cfDNA_patient_8_diagnosis	PBL_patient_18_diagnosis	0.483414690758406	26	36	FALSE
cfDNA_patient_8_diagnosis	PBL_patient_19_diagnosis	0.492948012830465	26	37	FALSE
cfDNA_patient_8_diagnosis	PBL_patient_20_diagnosis	0.443277564648323	26	38	FALSE
cfDNA_patient_8_diagnosis	PBL_patient_21_diagnosis	0.433141170864038	26	39	FALSE
cfDNA_patient_8_diagnosis	PBL_patient_22_diagnosis	0.468485175295294	26	40	FALSE
cfDNA_patient_8_diagnosis	PBL_patient_23_diagnosis	0.512879795065712	26	41	FALSE
cfDNA_patient_8_diagnosis	PBL_patient_24_diagnosis	0.478855741020149	26	42	FALSE
cfDNA_patient_8_diagnosis	PBL_patient_25_diagnosis	0.481385546020347	26	43	FALSE
cfDNA_patient_8_diagnosis	PBL_patient_26_diagnosis	0.420410412014047	26	44	FALSE
cfDNA_patient_8_diagnosis	PBL_patient_27_diagnosis	0.500472608130928	26	45	FALSE
cfDNA_patient_8_diagnosis	PBL_patient_28_diagnosis	0.477319298666149	26	46	FALSE
cfDNA_patient_8_diagnosis	PBL_patient_29_diagnosis	0.482236798836227	26	47	FALSE
cfDNA_patient_8_diagnosis	PBL_patient_30_diagnosis	0.460405017699829	26	48	FALSE
cfDNA_patient_9_diagnosis	PBL_control_1	0.453849370964122	27	1	FALSE
cfDNA_patient_9_diagnosis	PBL_control_2	0.423735222883224	27	2	FALSE
cfDNA_patient_9_diagnosis	PBL_control_3	0.415739118321149	27	3	FALSE
cfDNA_patient_9_diagnosis	PBL_control_4	0.394336820027657	27	4	FALSE
cfDNA_patient_9_diagnosis	PBL_control_5	0.46501958518322	27	5	FALSE
cfDNA_patient_9_diagnosis	PBL_control_6	0.469288194672757	27	6	FALSE
cfDNA_patient_9_diagnosis	PBL_control_7	0.461152260217494	27	7	FALSE
cfDNA_patient_9_diagnosis	PBL_control_8	0.437952486593683	27	8	FALSE
cfDNA_patient_9_diagnosis	PBL_control_9	0.489616551772162	27	9	FALSE
cfDNA_patient_9_diagnosis	PBL_control_10	0.478475802414311	27	10	FALSE
cfDNA_patient_9_diagnosis	PBL_control_11	0.471677738655825	27	11	FALSE
cfDNA_patient_9_diagnosis	PBL_control_12	0.47135232707873	27	12	FALSE
cfDNA_patient_9_diagnosis	PBL_control_13	0.479354940843774	27	13	FALSE
cfDNA_patient_9_diagnosis	PBL_control_14	0.487422784141666	27	14	FALSE
cfDNA_patient_9_diagnosis	PBL_control_15	0.463731364919224	27	15	FALSE
cfDNA_patient_9_diagnosis	PBL_control_16	0.463302629342931	27	16	FALSE
cfDNA_patient_9_diagnosis	PBL_control_17	0.432687641455064	27	17	FALSE
cfDNA_patient_9_diagnosis	PBL_control_18	0.479004184752899	27	18	FALSE
cfDNA_patient_9_diagnosis	PBL_control_19	0.464925805105576	27	19	FALSE
cfDNA_patient_9_diagnosis	PBL_patient_1_diagnosis	0.418387235722876	27	20	FALSE
cfDNA_patient_9_diagnosis	PBL_patient_2_diagnosis	0.373206505085996	27	21	FALSE
cfDNA_patient_9_diagnosis	PBL_patient_4_diagnosis	0.412952516630648	27	22	FALSE
cfDNA_patient_9_diagnosis	PBL_patient_5_diagnosis	0.455007156946714	27	23	FALSE
cfDNA_patient_9_diagnosis	PBL_patient_6_diagnosis	0.467152505114195	27	24	FALSE
cfDNA_patient_9_diagnosis	PBL_patient_7_diagnosis	0.459336671417298	27	25	FALSE
cfDNA_patient_9_diagnosis	PBL_patient_8_diagnosis	0.427798132131475	27	26	FALSE
cfDNA_patient_9_diagnosis	PBL_patient_9_diagnosis	0.661866022816066	27	27	TRUE
cfDNA_patient_9_diagnosis	PBL_patient_10_diagnosis	0.449891153004438	27	28	FALSE
cfDNA_patient_9_diagnosis	PBL_patient_11_diagnosis	0.468892681220949	27	29	FALSE
cfDNA_patient_9_diagnosis	PBL_patient_12_diagnosis	0.458173393067969	27	30	FALSE
cfDNA_patient_9_diagnosis	PBL_patient_13_diagnosis	0.471800554471309	27	31	FALSE
cfDNA_patient_9_diagnosis	PBL_patient_14_diagnosis	0.479732952907196	27	32	FALSE
cfDNA_patient_9_diagnosis	PBL_patient_15_diagnosis	0.460746487155384	27	33	FALSE
cfDNA_patient_9_diagnosis	PBL_patient_16_diagnosis	0.4540303709761	27	34	FALSE
cfDNA_patient_9_diagnosis	PBL_patient_17_diagnosis	0.450384003685853	27	35	FALSE
cfDNA_patient_9_diagnosis	PBL_patient_18_diagnosis	0.467843776959953	27	36	FALSE
cfDNA_patient_9_diagnosis	PBL_patient_19_diagnosis	0.478506499098485	27	37	FALSE
cfDNA_patient_9_diagnosis	PBL_patient_20_diagnosis	0.435856891814837	27	38	FALSE
cfDNA_patient_9_diagnosis	PBL_patient_21_diagnosis	0.435575831245941	27	39	FALSE
cfDNA_patient_9_diagnosis	PBL_patient_22_diagnosis	0.4364545917813	27	40	FALSE
cfDNA_patient_9_diagnosis	PBL_patient_23_diagnosis	0.506809376880275	27	41	FALSE
cfDNA_patient_9_diagnosis	PBL_patient_24_diagnosis	0.477373904164207	27	42	FALSE
cfDNA_patient_9_diagnosis	PBL_patient_25_diagnosis	0.474445688698071	27	43	FALSE
cfDNA_patient_9_diagnosis	PBL_patient_26_diagnosis	0.436125349341234	27	44	FALSE
cfDNA_patient_9_diagnosis	PBL_patient_27_diagnosis	0.447787678942858	27	45	FALSE
cfDNA_patient_9_diagnosis	PBL_patient_28_diagnosis	0.466685890672543	27	46	FALSE
cfDNA_patient_9_diagnosis	PBL_patient_29_diagnosis	0.464126872413938	27	47	FALSE
cfDNA_patient_9_diagnosis	PBL_patient_30_diagnosis	0.448625497222469	27	48	FALSE
cfDNA_patient_10_diagnosis	PBL_control_1	0.430933699919194	28	1	FALSE
cfDNA_patient_10_diagnosis	PBL_control_2	0.331880484870387	28	2	FALSE
cfDNA_patient_10_diagnosis	PBL_control_3	0.403724029976421	28	3	FALSE
cfDNA_patient_10_diagnosis	PBL_control_4	0.39837633043471	28	4	FALSE
cfDNA_patient_10_diagnosis	PBL_control_5	0.432856790826591	28	5	FALSE
cfDNA_patient_10_diagnosis	PBL_control_6	0.466178112914144	28	6	FALSE
cfDNA_patient_10_diagnosis	PBL_control_7	0.398501474150984	28	7	FALSE
cfDNA_patient_10_diagnosis	PBL_control_8	0.365169393307318	28	8	FALSE
cfDNA_patient_10_diagnosis	PBL_control_9	0.447687473572365	28	9	FALSE
cfDNA_patient_10_diagnosis	PBL_control_10	0.409270778158883	28	10	FALSE
cfDNA_patient_10_diagnosis	PBL_control_11	0.4524758186439	28	11	FALSE
cfDNA_patient_10_diagnosis	PBL_control_12	0.427028908850993	28	12	FALSE
cfDNA_patient_10_diagnosis	PBL_control_13	0.416405247246329	28	13	FALSE
cfDNA_patient_10_diagnosis	PBL_control_14	0.447730987595516	28	14	FALSE
cfDNA_patient_10_diagnosis	PBL_control_15	0.428748023976008	28	15	FALSE
cfDNA_patient_10_diagnosis	PBL_control_16	0.452990406607047	28	16	FALSE
cfDNA_patient_10_diagnosis	PBL_control_17	0.392586153124944	28	17	FALSE
cfDNA_patient_10_diagnosis	PBL_control_18	0.459796470982834	28	18	FALSE
cfDNA_patient_10_diagnosis	PBL_control_19	0.456978862400478	28	19	FALSE
cfDNA_patient_10_diagnosis	PBL_patient_1_diagnosis	0.223075963692442	28	20	FALSE
cfDNA_patient_10_diagnosis	PBL_patient_2_diagnosis	0.213411745452234	28	21	FALSE
cfDNA_patient_10_diagnosis	PBL_patient_4_diagnosis	0.231208827861043	28	22	FALSE
cfDNA_patient_10_diagnosis	PBL_patient_5_diagnosis	0.383499478299879	28	23	FALSE
cfDNA_patient_10_diagnosis	PBL_patient_6_diagnosis	0.417236129346726	28	24	FALSE
cfDNA_patient_10_diagnosis	PBL_patient_7_diagnosis	0.411489504808442	28	25	FALSE
cfDNA_patient_10_diagnosis	PBL_patient_8_diagnosis	0.2614479380991	28	26	FALSE
cfDNA_patient_10_diagnosis	PBL_patient_9_diagnosis	0.243961092184475	28	27	FALSE
cfDNA_patient_10_diagnosis	PBL_patient_10_diagnosis	0.559839862971234	28	28	TRUE
cfDNA_patient_10_diagnosis	PBL_patient_11_diagnosis	0.430342510048822	28	29	FALSE
cfDNA_patient_10_diagnosis	PBL_patient_12_diagnosis	0.410753844762008	28	30	FALSE
cfDNA_patient_10_diagnosis	PBL_patient_13_diagnosis	0.474805787268685	28	31	FALSE
cfDNA_patient_10_diagnosis	PBL_patient_14_diagnosis	0.440341779502002	28	32	FALSE
cfDNA_patient_10_diagnosis	PBL_patient_15_diagnosis	0.412030790705189	28	33	FALSE
cfDNA_patient_10_diagnosis	PBL_patient_16_diagnosis	0.423656875699686	28	34	FALSE
cfDNA_patient_10_diagnosis	PBL_patient_17_diagnosis	0.443697642013702	28	35	FALSE
cfDNA_patient_10_diagnosis	PBL_patient_18_diagnosis	0.466219250390795	28	36	FALSE
cfDNA_patient_10_diagnosis	PBL_patient_19_diagnosis	0.453151396574367	28	37	FALSE
cfDNA_patient_10_diagnosis	PBL_patient_20_diagnosis	0.422925370226583	28	38	FALSE
cfDNA_patient_10_diagnosis	PBL_patient_21_diagnosis	0.387699369181171	28	39	FALSE
cfDNA_patient_10_diagnosis	PBL_patient_22_diagnosis	0.410461319766148	28	40	FALSE
cfDNA_patient_10_diagnosis	PBL_patient_23_diagnosis	0.433842770951198	28	41	FALSE
cfDNA_patient_10_diagnosis	PBL_patient_24_diagnosis	0.416538427106565	28	42	FALSE
cfDNA_patient_10_diagnosis	PBL_patient_25_diagnosis	0.445657142025353	28	43	FALSE
cfDNA_patient_10_diagnosis	PBL_patient_26_diagnosis	0.37832999100029	28	44	FALSE
cfDNA_patient_10_diagnosis	PBL_patient_27_diagnosis	0.467103682772712	28	45	FALSE
cfDNA_patient_10_diagnosis	PBL_patient_28_diagnosis	0.441855729331509	28	46	FALSE
cfDNA_patient_10_diagnosis	PBL_patient_29_diagnosis	0.467505345887083	28	47	FALSE
cfDNA_patient_10_diagnosis	PBL_patient_30_diagnosis	0.430239168900733	28	48	FALSE
cfDNA_patient_11_diagnosis	PBL_control_1	0.519243001368907	29	1	FALSE
cfDNA_patient_11_diagnosis	PBL_control_2	0.358571816777235	29	2	FALSE
cfDNA_patient_11_diagnosis	PBL_control_3	0.473899095487156	29	3	FALSE
cfDNA_patient_11_diagnosis	PBL_control_4	0.446582709124749	29	4	FALSE
cfDNA_patient_11_diagnosis	PBL_control_5	0.4905001241056	29	5	FALSE
cfDNA_patient_11_diagnosis	PBL_control_6	0.485576280748751	29	6	FALSE
cfDNA_patient_11_diagnosis	PBL_control_7	0.458674259941283	29	7	FALSE
cfDNA_patient_11_diagnosis	PBL_control_8	0.406072710633246	29	8	FALSE
cfDNA_patient_11_diagnosis	PBL_control_9	0.51830453248434	29	9	FALSE
cfDNA_patient_11_diagnosis	PBL_control_10	0.468358005827235	29	10	FALSE
cfDNA_patient_11_diagnosis	PBL_control_11	0.497637261293915	29	11	FALSE
cfDNA_patient_11_diagnosis	PBL_control_12	0.493501384996414	29	12	FALSE
cfDNA_patient_11_diagnosis	PBL_control_13	0.478991921664554	29	13	FALSE
cfDNA_patient_11_diagnosis	PBL_control_14	0.492145486261009	29	14	FALSE
cfDNA_patient_11_diagnosis	PBL_control_15	0.468440143685849	29	15	FALSE
cfDNA_patient_11_diagnosis	PBL_control_16	0.467471163453004	29	16	FALSE
cfDNA_patient_11_diagnosis	PBL_control_17	0.443783919027341	29	17	FALSE
cfDNA_patient_11_diagnosis	PBL_control_18	0.516533771508958	29	18	FALSE
cfDNA_patient_11_diagnosis	PBL_control_19	0.519742039138305	29	19	FALSE
cfDNA_patient_11_diagnosis	PBL_patient_1_diagnosis	0.238915811598825	29	20	FALSE
cfDNA_patient_11_diagnosis	PBL_patient_2_diagnosis	0.234662531286626	29	21	FALSE
cfDNA_patient_11_diagnosis	PBL_patient_4_diagnosis	0.257823221136087	29	22	FALSE
cfDNA_patient_11_diagnosis	PBL_patient_5_diagnosis	0.417317649263174	29	23	FALSE
cfDNA_patient_11_diagnosis	PBL_patient_6_diagnosis	0.481295988604647	29	24	FALSE
cfDNA_patient_11_diagnosis	PBL_patient_7_diagnosis	0.464289634808097	29	25	FALSE
cfDNA_patient_11_diagnosis	PBL_patient_8_diagnosis	0.281750828284978	29	26	FALSE
cfDNA_patient_11_diagnosis	PBL_patient_9_diagnosis	0.273864653518913	29	27	FALSE
cfDNA_patient_11_diagnosis	PBL_patient_10_diagnosis	0.37452245374158	29	28	FALSE
cfDNA_patient_11_diagnosis	PBL_patient_11_diagnosis	0.75533036343241	29	29	TRUE
cfDNA_patient_11_diagnosis	PBL_patient_12_diagnosis	0.473870071758428	29	30	FALSE
cfDNA_patient_11_diagnosis	PBL_patient_13_diagnosis	0.500987648473588	29	31	FALSE
cfDNA_patient_11_diagnosis	PBL_patient_14_diagnosis	0.497123632846242	29	32	FALSE
cfDNA_patient_11_diagnosis	PBL_patient_15_diagnosis	0.476994455999569	29	33	FALSE
cfDNA_patient_11_diagnosis	PBL_patient_16_diagnosis	0.496510914355783	29	34	FALSE
cfDNA_patient_11_diagnosis	PBL_patient_17_diagnosis	0.496186168121947	29	35	FALSE
cfDNA_patient_11_diagnosis	PBL_patient_18_diagnosis	0.518986953000749	29	36	FALSE
cfDNA_patient_11_diagnosis	PBL_patient_19_diagnosis	0.521954407300033	29	37	FALSE
cfDNA_patient_11_diagnosis	PBL_patient_20_diagnosis	0.478244729194104	29	38	FALSE
cfDNA_patient_11_diagnosis	PBL_patient_21_diagnosis	0.464071111102145	29	39	FALSE
cfDNA_patient_11_diagnosis	PBL_patient_22_diagnosis	0.476685116320929	29	40	FALSE
cfDNA_patient_11_diagnosis	PBL_patient_23_diagnosis	0.477241524848423	29	41	FALSE
cfDNA_patient_11_diagnosis	PBL_patient_24_diagnosis	0.499265783787355	29	42	FALSE
cfDNA_patient_11_diagnosis	PBL_patient_25_diagnosis	0.49283070947132	29	43	FALSE
cfDNA_patient_11_diagnosis	PBL_patient_26_diagnosis	0.419481811102901	29	44	FALSE
cfDNA_patient_11_diagnosis	PBL_patient_27_diagnosis	0.504841445075498	29	45	FALSE
cfDNA_patient_11_diagnosis	PBL_patient_28_diagnosis	0.489192143973143	29	46	FALSE
cfDNA_patient_11_diagnosis	PBL_patient_29_diagnosis	0.513782738499191	29	47	FALSE
cfDNA_patient_11_diagnosis	PBL_patient_30_diagnosis	0.494695383226219	29	48	FALSE
cfDNA_patient_12_diagnosis	PBL_control_1	0.501984373586038	30	1	FALSE
cfDNA_patient_12_diagnosis	PBL_control_2	0.353297531461617	30	2	FALSE
cfDNA_patient_12_diagnosis	PBL_control_3	0.487640999538903	30	3	FALSE
cfDNA_patient_12_diagnosis	PBL_control_4	0.405965705825463	30	4	FALSE
cfDNA_patient_12_diagnosis	PBL_control_5	0.468866152444341	30	5	FALSE
cfDNA_patient_12_diagnosis	PBL_control_6	0.429634498282278	30	6	FALSE
cfDNA_patient_12_diagnosis	PBL_control_7	0.406188949658092	30	7	FALSE
cfDNA_patient_12_diagnosis	PBL_control_8	0.406741068108588	30	8	FALSE
cfDNA_patient_12_diagnosis	PBL_control_9	0.485290602293453	30	9	FALSE
cfDNA_patient_12_diagnosis	PBL_control_10	0.446456651554915	30	10	FALSE
cfDNA_patient_12_diagnosis	PBL_control_11	0.464232117337032	30	11	FALSE
cfDNA_patient_12_diagnosis	PBL_control_12	0.467248222160659	30	12	FALSE
cfDNA_patient_12_diagnosis	PBL_control_13	0.437465913011626	30	13	FALSE
cfDNA_patient_12_diagnosis	PBL_control_14	0.506863035776739	30	14	FALSE
cfDNA_patient_12_diagnosis	PBL_control_15	0.458862862853928	30	15	FALSE
cfDNA_patient_12_diagnosis	PBL_control_16	0.444118922475353	30	16	FALSE
cfDNA_patient_12_diagnosis	PBL_control_17	0.407306547423954	30	17	FALSE
cfDNA_patient_12_diagnosis	PBL_control_18	0.492514889450067	30	18	FALSE
cfDNA_patient_12_diagnosis	PBL_control_19	0.478506499896219	30	19	FALSE
cfDNA_patient_12_diagnosis	PBL_patient_1_diagnosis	0.252920906817666	30	20	FALSE
cfDNA_patient_12_diagnosis	PBL_patient_2_diagnosis	0.26794594884698	30	21	FALSE
cfDNA_patient_12_diagnosis	PBL_patient_4_diagnosis	0.263384250697047	30	22	FALSE
cfDNA_patient_12_diagnosis	PBL_patient_5_diagnosis	0.4414562286969	30	23	FALSE
cfDNA_patient_12_diagnosis	PBL_patient_6_diagnosis	0.448576565482256	30	24	FALSE
cfDNA_patient_12_diagnosis	PBL_patient_7_diagnosis	0.472708342874431	30	25	FALSE
cfDNA_patient_12_diagnosis	PBL_patient_8_diagnosis	0.263986562090495	30	26	FALSE
cfDNA_patient_12_diagnosis	PBL_patient_9_diagnosis	0.291266688660724	30	27	FALSE
cfDNA_patient_12_diagnosis	PBL_patient_10_diagnosis	0.368521344937811	30	28	FALSE
cfDNA_patient_12_diagnosis	PBL_patient_11_diagnosis	0.464382490728646	30	29	FALSE
cfDNA_patient_12_diagnosis	PBL_patient_12_diagnosis	0.746605505323226	30	30	TRUE
cfDNA_patient_12_diagnosis	PBL_patient_13_diagnosis	0.466792591020039	30	31	FALSE
cfDNA_patient_12_diagnosis	PBL_patient_14_diagnosis	0.472947352944468	30	32	FALSE
cfDNA_patient_12_diagnosis	PBL_patient_15_diagnosis	0.440932764178091	30	33	FALSE
cfDNA_patient_12_diagnosis	PBL_patient_16_diagnosis	0.468118445855461	30	34	FALSE
cfDNA_patient_12_diagnosis	PBL_patient_17_diagnosis	0.483981436197792	30	35	FALSE
cfDNA_patient_12_diagnosis	PBL_patient_18_diagnosis	0.490723639783574	30	36	FALSE
cfDNA_patient_12_diagnosis	PBL_patient_19_diagnosis	0.49648904942983	30	37	FALSE
cfDNA_patient_12_diagnosis	PBL_patient_20_diagnosis	0.459260741456871	30	38	FALSE
cfDNA_patient_12_diagnosis	PBL_patient_21_diagnosis	0.468894603209684	30	39	FALSE
cfDNA_patient_12_diagnosis	PBL_patient_22_diagnosis	0.429175693504942	30	40	FALSE
cfDNA_patient_12_diagnosis	PBL_patient_23_diagnosis	0.452224407799399	30	41	FALSE
cfDNA_patient_12_diagnosis	PBL_patient_24_diagnosis	0.475072556914	30	42	FALSE
cfDNA_patient_12_diagnosis	PBL_patient_25_diagnosis	0.510406676825887	30	43	FALSE
cfDNA_patient_12_diagnosis	PBL_patient_26_diagnosis	0.418807913764029	30	44	FALSE
cfDNA_patient_12_diagnosis	PBL_patient_27_diagnosis	0.476786609673128	30	45	FALSE
cfDNA_patient_12_diagnosis	PBL_patient_28_diagnosis	0.460402514847841	30	46	FALSE
cfDNA_patient_12_diagnosis	PBL_patient_29_diagnosis	0.485179845782067	30	47	FALSE
cfDNA_patient_12_diagnosis	PBL_patient_30_diagnosis	0.467973856957647	30	48	FALSE
cfDNA_patient_13_diagnosis	PBL_control_1	0.453933831488985	31	1	FALSE
cfDNA_patient_13_diagnosis	PBL_control_2	0.38899166986776	31	2	FALSE
cfDNA_patient_13_diagnosis	PBL_control_3	0.412142103554151	31	3	FALSE
cfDNA_patient_13_diagnosis	PBL_control_4	0.415870129547968	31	4	FALSE
cfDNA_patient_13_diagnosis	PBL_control_5	0.445108570981903	31	5	FALSE
cfDNA_patient_13_diagnosis	PBL_control_6	0.490525250811248	31	6	FALSE
cfDNA_patient_13_diagnosis	PBL_control_7	0.417881780431869	31	7	FALSE
cfDNA_patient_13_diagnosis	PBL_control_8	0.425315535331617	31	8	FALSE
cfDNA_patient_13_diagnosis	PBL_control_9	0.469576151100541	31	9	FALSE
cfDNA_patient_13_diagnosis	PBL_control_10	0.430445095959016	31	10	FALSE
cfDNA_patient_13_diagnosis	PBL_control_11	0.466574086432863	31	11	FALSE
cfDNA_patient_13_diagnosis	PBL_control_12	0.488002814406203	31	12	FALSE
cfDNA_patient_13_diagnosis	PBL_control_13	0.438273808034208	31	13	FALSE
cfDNA_patient_13_diagnosis	PBL_control_14	0.454576659373625	31	14	FALSE
cfDNA_patient_13_diagnosis	PBL_control_15	0.438735346203618	31	15	FALSE
cfDNA_patient_13_diagnosis	PBL_control_16	0.473213785240652	31	16	FALSE
cfDNA_patient_13_diagnosis	PBL_control_17	0.415544156017899	31	17	FALSE
cfDNA_patient_13_diagnosis	PBL_control_18	0.490383473620358	31	18	FALSE
cfDNA_patient_13_diagnosis	PBL_control_19	0.486411489578865	31	19	FALSE
cfDNA_patient_13_diagnosis	PBL_patient_1_diagnosis	0.285992842768144	31	20	FALSE
cfDNA_patient_13_diagnosis	PBL_patient_2_diagnosis	0.277163515104019	31	21	FALSE
cfDNA_patient_13_diagnosis	PBL_patient_4_diagnosis	0.289506420580482	31	22	FALSE
cfDNA_patient_13_diagnosis	PBL_patient_5_diagnosis	0.403220856869552	31	23	FALSE
cfDNA_patient_13_diagnosis	PBL_patient_6_diagnosis	0.447690074139922	31	24	FALSE
cfDNA_patient_13_diagnosis	PBL_patient_7_diagnosis	0.450893843459608	31	25	FALSE
cfDNA_patient_13_diagnosis	PBL_patient_8_diagnosis	0.311664044838266	31	26	FALSE
cfDNA_patient_13_diagnosis	PBL_patient_9_diagnosis	0.298295321412484	31	27	FALSE
cfDNA_patient_13_diagnosis	PBL_patient_10_diagnosis	0.416266635928968	31	28	FALSE
cfDNA_patient_13_diagnosis	PBL_patient_11_diagnosis	0.454226977393999	31	29	FALSE
cfDNA_patient_13_diagnosis	PBL_patient_12_diagnosis	0.423535279138379	31	30	FALSE
cfDNA_patient_13_diagnosis	PBL_patient_13_diagnosis	0.725220679940798	31	31	TRUE
cfDNA_patient_13_diagnosis	PBL_patient_14_diagnosis	0.470349758159092	31	32	FALSE
cfDNA_patient_13_diagnosis	PBL_patient_15_diagnosis	0.440131848470317	31	33	FALSE
cfDNA_patient_13_diagnosis	PBL_patient_16_diagnosis	0.448703174056668	31	34	FALSE
cfDNA_patient_13_diagnosis	PBL_patient_17_diagnosis	0.444494579106629	31	35	FALSE
cfDNA_patient_13_diagnosis	PBL_patient_18_diagnosis	0.487790152055803	31	36	FALSE
cfDNA_patient_13_diagnosis	PBL_patient_19_diagnosis	0.451707446336379	31	37	FALSE
cfDNA_patient_13_diagnosis	PBL_patient_20_diagnosis	0.442743279213232	31	38	FALSE
cfDNA_patient_13_diagnosis	PBL_patient_21_diagnosis	0.435151836135769	31	39	FALSE
cfDNA_patient_13_diagnosis	PBL_patient_22_diagnosis	0.433751324782974	31	40	FALSE
cfDNA_patient_13_diagnosis	PBL_patient_23_diagnosis	0.45615858484504	31	41	FALSE
cfDNA_patient_13_diagnosis	PBL_patient_24_diagnosis	0.438337936468604	31	42	FALSE
cfDNA_patient_13_diagnosis	PBL_patient_25_diagnosis	0.432439511569233	31	43	FALSE
cfDNA_patient_13_diagnosis	PBL_patient_26_diagnosis	0.421341101561586	31	44	FALSE
cfDNA_patient_13_diagnosis	PBL_patient_27_diagnosis	0.49894651808419	31	45	FALSE
cfDNA_patient_13_diagnosis	PBL_patient_28_diagnosis	0.470969043167191	31	46	FALSE
cfDNA_patient_13_diagnosis	PBL_patient_29_diagnosis	0.482878777209938	31	47	FALSE
cfDNA_patient_13_diagnosis	PBL_patient_30_diagnosis	0.444935777914249	31	48	FALSE
cfDNA_patient_14_diagnosis	PBL_control_1	0.532585413565538	32	1	FALSE
cfDNA_patient_14_diagnosis	PBL_control_2	0.441202865297299	32	2	FALSE
cfDNA_patient_14_diagnosis	PBL_control_3	0.500264153077727	32	3	FALSE
cfDNA_patient_14_diagnosis	PBL_control_4	0.456066553843694	32	4	FALSE
cfDNA_patient_14_diagnosis	PBL_control_5	0.52593780285039	32	5	FALSE
cfDNA_patient_14_diagnosis	PBL_control_6	0.490554255073817	32	6	FALSE
cfDNA_patient_14_diagnosis	PBL_control_7	0.492982916781211	32	7	FALSE
cfDNA_patient_14_diagnosis	PBL_control_8	0.505205490951485	32	8	FALSE
cfDNA_patient_14_diagnosis	PBL_control_9	0.520515605728703	32	9	FALSE
cfDNA_patient_14_diagnosis	PBL_control_10	0.524801238808548	32	10	FALSE
cfDNA_patient_14_diagnosis	PBL_control_11	0.503956783563429	32	11	FALSE
cfDNA_patient_14_diagnosis	PBL_control_12	0.501189693091314	32	12	FALSE
cfDNA_patient_14_diagnosis	PBL_control_13	0.509625045783395	32	13	FALSE
cfDNA_patient_14_diagnosis	PBL_control_14	0.493293373941892	32	14	FALSE
cfDNA_patient_14_diagnosis	PBL_control_15	0.481428349279387	32	15	FALSE
cfDNA_patient_14_diagnosis	PBL_control_16	0.499602271776635	32	16	FALSE
cfDNA_patient_14_diagnosis	PBL_control_17	0.464084154957533	32	17	FALSE
cfDNA_patient_14_diagnosis	PBL_control_18	0.541587904972709	32	18	FALSE
cfDNA_patient_14_diagnosis	PBL_control_19	0.493680463319977	32	19	FALSE
cfDNA_patient_14_diagnosis	PBL_patient_1_diagnosis	0.369877640587077	32	20	FALSE
cfDNA_patient_14_diagnosis	PBL_patient_2_diagnosis	0.377619919922007	32	21	FALSE
cfDNA_patient_14_diagnosis	PBL_patient_4_diagnosis	0.390783209642645	32	22	FALSE
cfDNA_patient_14_diagnosis	PBL_patient_5_diagnosis	0.485337651715704	32	23	FALSE
cfDNA_patient_14_diagnosis	PBL_patient_6_diagnosis	0.50798313300511	32	24	FALSE
cfDNA_patient_14_diagnosis	PBL_patient_7_diagnosis	0.500464648507948	32	25	FALSE
cfDNA_patient_14_diagnosis	PBL_patient_8_diagnosis	0.380326727010859	32	26	FALSE
cfDNA_patient_14_diagnosis	PBL_patient_9_diagnosis	0.384855333168859	32	27	FALSE
cfDNA_patient_14_diagnosis	PBL_patient_10_diagnosis	0.45599851950055	32	28	FALSE
cfDNA_patient_14_diagnosis	PBL_patient_11_diagnosis	0.508647234157267	32	29	FALSE
cfDNA_patient_14_diagnosis	PBL_patient_12_diagnosis	0.482247514034013	32	30	FALSE
cfDNA_patient_14_diagnosis	PBL_patient_13_diagnosis	0.513789123356852	32	31	FALSE
cfDNA_patient_14_diagnosis	PBL_patient_14_diagnosis	0.780972552675133	32	32	TRUE
cfDNA_patient_14_diagnosis	PBL_patient_15_diagnosis	0.508163359202551	32	33	FALSE
cfDNA_patient_14_diagnosis	PBL_patient_16_diagnosis	0.506808165463353	32	34	FALSE
cfDNA_patient_14_diagnosis	PBL_patient_17_diagnosis	0.501146409649222	32	35	FALSE
cfDNA_patient_14_diagnosis	PBL_patient_18_diagnosis	0.522414628937328	32	36	FALSE
cfDNA_patient_14_diagnosis	PBL_patient_19_diagnosis	0.531742788974948	32	37	FALSE
cfDNA_patient_14_diagnosis	PBL_patient_20_diagnosis	0.504933883488344	32	38	FALSE
cfDNA_patient_14_diagnosis	PBL_patient_21_diagnosis	0.498686056285456	32	39	FALSE
cfDNA_patient_14_diagnosis	PBL_patient_22_diagnosis	0.484598207690047	32	40	FALSE
cfDNA_patient_14_diagnosis	PBL_patient_23_diagnosis	0.524711914396007	32	41	FALSE
cfDNA_patient_14_diagnosis	PBL_patient_24_diagnosis	0.521360167657524	32	42	FALSE
cfDNA_patient_14_diagnosis	PBL_patient_25_diagnosis	0.481336459434119	32	43	FALSE
cfDNA_patient_14_diagnosis	PBL_patient_26_diagnosis	0.465201405623495	32	44	FALSE
cfDNA_patient_14_diagnosis	PBL_patient_27_diagnosis	0.5045007168606	32	45	FALSE
cfDNA_patient_14_diagnosis	PBL_patient_28_diagnosis	0.48742164790293	32	46	FALSE
cfDNA_patient_14_diagnosis	PBL_patient_29_diagnosis	0.507446857484597	32	47	FALSE
cfDNA_patient_14_diagnosis	PBL_patient_30_diagnosis	0.532971850779223	32	48	FALSE
cfDNA_patient_15_diagnosis	PBL_control_1	0.522318431900705	33	1	FALSE
cfDNA_patient_15_diagnosis	PBL_control_2	0.450324442177301	33	2	FALSE
cfDNA_patient_15_diagnosis	PBL_control_3	0.499528272499131	33	3	FALSE
cfDNA_patient_15_diagnosis	PBL_control_4	0.433645563001219	33	4	FALSE
cfDNA_patient_15_diagnosis	PBL_control_5	0.503173228791293	33	5	FALSE
cfDNA_patient_15_diagnosis	PBL_control_6	0.50016010138	33	6	FALSE
cfDNA_patient_15_diagnosis	PBL_control_7	0.49277178020901	33	7	FALSE
cfDNA_patient_15_diagnosis	PBL_control_8	0.476985285289458	33	8	FALSE
cfDNA_patient_15_diagnosis	PBL_control_9	0.522557749814913	33	9	FALSE
cfDNA_patient_15_diagnosis	PBL_control_10	0.491286907854091	33	10	FALSE
cfDNA_patient_15_diagnosis	PBL_control_11	0.50673360524491	33	11	FALSE
cfDNA_patient_15_diagnosis	PBL_control_12	0.506162239646861	33	12	FALSE
cfDNA_patient_15_diagnosis	PBL_control_13	0.494072449744982	33	13	FALSE
cfDNA_patient_15_diagnosis	PBL_control_14	0.492310181304496	33	14	FALSE
cfDNA_patient_15_diagnosis	PBL_control_15	0.473141828537854	33	15	FALSE
cfDNA_patient_15_diagnosis	PBL_control_16	0.489263757367205	33	16	FALSE
cfDNA_patient_15_diagnosis	PBL_control_17	0.456799604205014	33	17	FALSE
cfDNA_patient_15_diagnosis	PBL_control_18	0.511712958975406	33	18	FALSE
cfDNA_patient_15_diagnosis	PBL_control_19	0.501582589334895	33	19	FALSE
cfDNA_patient_15_diagnosis	PBL_patient_1_diagnosis	0.364532155422705	33	20	FALSE
cfDNA_patient_15_diagnosis	PBL_patient_2_diagnosis	0.365495768983925	33	21	FALSE
cfDNA_patient_15_diagnosis	PBL_patient_4_diagnosis	0.377537791095576	33	22	FALSE
cfDNA_patient_15_diagnosis	PBL_patient_5_diagnosis	0.483904898060546	33	23	FALSE
cfDNA_patient_15_diagnosis	PBL_patient_6_diagnosis	0.510206139056702	33	24	FALSE
cfDNA_patient_15_diagnosis	PBL_patient_7_diagnosis	0.487994357811747	33	25	FALSE
cfDNA_patient_15_diagnosis	PBL_patient_8_diagnosis	0.382675004901639	33	26	FALSE
cfDNA_patient_15_diagnosis	PBL_patient_9_diagnosis	0.371202752351603	33	27	FALSE
cfDNA_patient_15_diagnosis	PBL_patient_10_diagnosis	0.448650001807096	33	28	FALSE
cfDNA_patient_15_diagnosis	PBL_patient_11_diagnosis	0.508252918399547	33	29	FALSE
cfDNA_patient_15_diagnosis	PBL_patient_12_diagnosis	0.482567318094826	33	30	FALSE
cfDNA_patient_15_diagnosis	PBL_patient_13_diagnosis	0.492191386221703	33	31	FALSE
cfDNA_patient_15_diagnosis	PBL_patient_14_diagnosis	0.521996746429797	33	32	FALSE
cfDNA_patient_15_diagnosis	PBL_patient_15_diagnosis	0.768804505419052	33	33	TRUE
cfDNA_patient_15_diagnosis	PBL_patient_16_diagnosis	0.508067473941452	33	34	FALSE
cfDNA_patient_15_diagnosis	PBL_patient_17_diagnosis	0.540251009267339	33	35	FALSE
cfDNA_patient_15_diagnosis	PBL_patient_18_diagnosis	0.517603070613684	33	36	FALSE
cfDNA_patient_15_diagnosis	PBL_patient_19_diagnosis	0.507417322067415	33	37	FALSE
cfDNA_patient_15_diagnosis	PBL_patient_20_diagnosis	0.49012691122974	33	38	FALSE
cfDNA_patient_15_diagnosis	PBL_patient_21_diagnosis	0.481817867595267	33	39	FALSE
cfDNA_patient_15_diagnosis	PBL_patient_22_diagnosis	0.465369161098745	33	40	FALSE
cfDNA_patient_15_diagnosis	PBL_patient_23_diagnosis	0.505598125793467	33	41	FALSE
cfDNA_patient_15_diagnosis	PBL_patient_24_diagnosis	0.512412982773704	33	42	FALSE
cfDNA_patient_15_diagnosis	PBL_patient_25_diagnosis	0.498510511674775	33	43	FALSE
cfDNA_patient_15_diagnosis	PBL_patient_26_diagnosis	0.471029319328862	33	44	FALSE
cfDNA_patient_15_diagnosis	PBL_patient_27_diagnosis	0.509542447162929	33	45	FALSE
cfDNA_patient_15_diagnosis	PBL_patient_28_diagnosis	0.498120592530688	33	46	FALSE
cfDNA_patient_15_diagnosis	PBL_patient_29_diagnosis	0.493058492759758	33	47	FALSE
cfDNA_patient_15_diagnosis	PBL_patient_30_diagnosis	0.501667640380265	33	48	FALSE
cfDNA_patient_16_diagnosis	PBL_control_1	0.483798464453803	34	1	FALSE
cfDNA_patient_16_diagnosis	PBL_control_2	0.423972787670945	34	2	FALSE
cfDNA_patient_16_diagnosis	PBL_control_3	0.467210525062958	34	3	FALSE
cfDNA_patient_16_diagnosis	PBL_control_4	0.423486778398596	34	4	FALSE
cfDNA_patient_16_diagnosis	PBL_control_5	0.474831391104869	34	5	FALSE
cfDNA_patient_16_diagnosis	PBL_control_6	0.456367441038455	34	6	FALSE
cfDNA_patient_16_diagnosis	PBL_control_7	0.452471690358221	34	7	FALSE
cfDNA_patient_16_diagnosis	PBL_control_8	0.439934306897356	34	8	FALSE
cfDNA_patient_16_diagnosis	PBL_control_9	0.478414900955332	34	9	FALSE
cfDNA_patient_16_diagnosis	PBL_control_10	0.469696857554373	34	10	FALSE
cfDNA_patient_16_diagnosis	PBL_control_11	0.480922833753717	34	11	FALSE
cfDNA_patient_16_diagnosis	PBL_control_12	0.492382443446682	34	12	FALSE
cfDNA_patient_16_diagnosis	PBL_control_13	0.442975230317529	34	13	FALSE
cfDNA_patient_16_diagnosis	PBL_control_14	0.466235933253848	34	14	FALSE
cfDNA_patient_16_diagnosis	PBL_control_15	0.483698977300554	34	15	FALSE
cfDNA_patient_16_diagnosis	PBL_control_16	0.453784113146193	34	16	FALSE
cfDNA_patient_16_diagnosis	PBL_control_17	0.433031205690961	34	17	FALSE
cfDNA_patient_16_diagnosis	PBL_control_18	0.464171469050009	34	18	FALSE
cfDNA_patient_16_diagnosis	PBL_control_19	0.466031053329271	34	19	FALSE
cfDNA_patient_16_diagnosis	PBL_patient_1_diagnosis	0.353405438029104	34	20	FALSE
cfDNA_patient_16_diagnosis	PBL_patient_2_diagnosis	0.359637340357894	34	21	FALSE
cfDNA_patient_16_diagnosis	PBL_patient_4_diagnosis	0.367091863775283	34	22	FALSE
cfDNA_patient_16_diagnosis	PBL_patient_5_diagnosis	0.459715141910757	34	23	FALSE
cfDNA_patient_16_diagnosis	PBL_patient_6_diagnosis	0.472997467256518	34	24	FALSE
cfDNA_patient_16_diagnosis	PBL_patient_7_diagnosis	0.472757445032423	34	25	FALSE
cfDNA_patient_16_diagnosis	PBL_patient_8_diagnosis	0.374913993758945	34	26	FALSE
cfDNA_patient_16_diagnosis	PBL_patient_9_diagnosis	0.361413387839141	34	27	FALSE
cfDNA_patient_16_diagnosis	PBL_patient_10_diagnosis	0.413154166128005	34	28	FALSE
cfDNA_patient_16_diagnosis	PBL_patient_11_diagnosis	0.456138737444964	34	29	FALSE
cfDNA_patient_16_diagnosis	PBL_patient_12_diagnosis	0.438360031401386	34	30	FALSE
cfDNA_patient_16_diagnosis	PBL_patient_13_diagnosis	0.450859525154068	34	31	FALSE
cfDNA_patient_16_diagnosis	PBL_patient_14_diagnosis	0.484567851452711	34	32	FALSE
cfDNA_patient_16_diagnosis	PBL_patient_15_diagnosis	0.473041762233591	34	33	FALSE
cfDNA_patient_16_diagnosis	PBL_patient_16_diagnosis	0.697756777089441	34	34	TRUE
cfDNA_patient_16_diagnosis	PBL_patient_17_diagnosis	0.4739315110093	34	35	FALSE
cfDNA_patient_16_diagnosis	PBL_patient_18_diagnosis	0.511876610326222	34	36	FALSE
cfDNA_patient_16_diagnosis	PBL_patient_19_diagnosis	0.461249383442271	34	37	FALSE
cfDNA_patient_16_diagnosis	PBL_patient_20_diagnosis	0.481812031179287	34	38	FALSE
cfDNA_patient_16_diagnosis	PBL_patient_21_diagnosis	0.454597147900945	34	39	FALSE
cfDNA_patient_16_diagnosis	PBL_patient_22_diagnosis	0.460537679482014	34	40	FALSE
cfDNA_patient_16_diagnosis	PBL_patient_23_diagnosis	0.493687937249556	34	41	FALSE
cfDNA_patient_16_diagnosis	PBL_patient_24_diagnosis	0.484465579792352	34	42	FALSE
cfDNA_patient_16_diagnosis	PBL_patient_25_diagnosis	0.451206021163307	34	43	FALSE
cfDNA_patient_16_diagnosis	PBL_patient_26_diagnosis	0.431167075140538	34	44	FALSE
cfDNA_patient_16_diagnosis	PBL_patient_27_diagnosis	0.468720930136512	34	45	FALSE
cfDNA_patient_16_diagnosis	PBL_patient_28_diagnosis	0.471971442456464	34	46	FALSE
cfDNA_patient_16_diagnosis	PBL_patient_29_diagnosis	0.462607619653987	34	47	FALSE
cfDNA_patient_16_diagnosis	PBL_patient_30_diagnosis	0.488792917270202	34	48	FALSE
cfDNA_patient_17_diagnosis	PBL_control_1	0.53963124050436	35	1	FALSE
cfDNA_patient_17_diagnosis	PBL_control_2	0.447169309813833	35	2	FALSE
cfDNA_patient_17_diagnosis	PBL_control_3	0.533151658628886	35	3	FALSE
cfDNA_patient_17_diagnosis	PBL_control_4	0.450542136119959	35	4	FALSE
cfDNA_patient_17_diagnosis	PBL_control_5	0.49978784271968	35	5	FALSE
cfDNA_patient_17_diagnosis	PBL_control_6	0.508228868058494	35	6	FALSE
cfDNA_patient_17_diagnosis	PBL_control_7	0.490937250418463	35	7	FALSE
cfDNA_patient_17_diagnosis	PBL_control_8	0.45559179064201	35	8	FALSE
cfDNA_patient_17_diagnosis	PBL_control_9	0.535849573620296	35	9	FALSE
cfDNA_patient_17_diagnosis	PBL_control_10	0.498269226605054	35	10	FALSE
cfDNA_patient_17_diagnosis	PBL_control_11	0.52469897357336	35	11	FALSE
cfDNA_patient_17_diagnosis	PBL_control_12	0.485280071337958	35	12	FALSE
cfDNA_patient_17_diagnosis	PBL_control_13	0.492546465370481	35	13	FALSE
cfDNA_patient_17_diagnosis	PBL_control_14	0.504457858766396	35	14	FALSE
cfDNA_patient_17_diagnosis	PBL_control_15	0.504953549045812	35	15	FALSE
cfDNA_patient_17_diagnosis	PBL_control_16	0.502966054744502	35	16	FALSE
cfDNA_patient_17_diagnosis	PBL_control_17	0.452856336629667	35	17	FALSE
cfDNA_patient_17_diagnosis	PBL_control_18	0.507949885243353	35	18	FALSE
cfDNA_patient_17_diagnosis	PBL_control_19	0.530048981373916	35	19	FALSE
cfDNA_patient_17_diagnosis	PBL_patient_1_diagnosis	0.357521164502408	35	20	FALSE
cfDNA_patient_17_diagnosis	PBL_patient_2_diagnosis	0.351779780321813	35	21	FALSE
cfDNA_patient_17_diagnosis	PBL_patient_4_diagnosis	0.366842963091022	35	22	FALSE
cfDNA_patient_17_diagnosis	PBL_patient_5_diagnosis	0.49542725363614	35	23	FALSE
cfDNA_patient_17_diagnosis	PBL_patient_6_diagnosis	0.501180832603545	35	24	FALSE
cfDNA_patient_17_diagnosis	PBL_patient_7_diagnosis	0.501712076776126	35	25	FALSE
cfDNA_patient_17_diagnosis	PBL_patient_8_diagnosis	0.392597302890892	35	26	FALSE
cfDNA_patient_17_diagnosis	PBL_patient_9_diagnosis	0.35432390529473	35	27	FALSE
cfDNA_patient_17_diagnosis	PBL_patient_10_diagnosis	0.454131213365467	35	28	FALSE
cfDNA_patient_17_diagnosis	PBL_patient_11_diagnosis	0.506084751855311	35	29	FALSE
cfDNA_patient_17_diagnosis	PBL_patient_12_diagnosis	0.501589262441175	35	30	FALSE
cfDNA_patient_17_diagnosis	PBL_patient_13_diagnosis	0.487613994778885	35	31	FALSE
cfDNA_patient_17_diagnosis	PBL_patient_14_diagnosis	0.520629134700691	35	32	FALSE
cfDNA_patient_17_diagnosis	PBL_patient_15_diagnosis	0.533653543718026	35	33	FALSE
cfDNA_patient_17_diagnosis	PBL_patient_16_diagnosis	0.494899248432751	35	34	FALSE
cfDNA_patient_17_diagnosis	PBL_patient_17_diagnosis	0.801394030715578	35	35	TRUE
cfDNA_patient_17_diagnosis	PBL_patient_18_diagnosis	0.512983835410472	35	36	FALSE
cfDNA_patient_17_diagnosis	PBL_patient_19_diagnosis	0.523005452770202	35	37	FALSE
cfDNA_patient_17_diagnosis	PBL_patient_20_diagnosis	0.504143424328325	35	38	FALSE
cfDNA_patient_17_diagnosis	PBL_patient_21_diagnosis	0.490476842874213	35	39	FALSE
cfDNA_patient_17_diagnosis	PBL_patient_22_diagnosis	0.461648291457964	35	40	FALSE
cfDNA_patient_17_diagnosis	PBL_patient_23_diagnosis	0.519283716092826	35	41	FALSE
cfDNA_patient_17_diagnosis	PBL_patient_24_diagnosis	0.520961899825076	35	42	FALSE
cfDNA_patient_17_diagnosis	PBL_patient_25_diagnosis	0.538774451221093	35	43	FALSE
cfDNA_patient_17_diagnosis	PBL_patient_26_diagnosis	0.467138727862677	35	44	FALSE
cfDNA_patient_17_diagnosis	PBL_patient_27_diagnosis	0.507857832557163	35	45	FALSE
cfDNA_patient_17_diagnosis	PBL_patient_28_diagnosis	0.531611798174011	35	46	FALSE
cfDNA_patient_17_diagnosis	PBL_patient_29_diagnosis	0.511338429634035	35	47	FALSE
cfDNA_patient_17_diagnosis	PBL_patient_30_diagnosis	0.488888831255511	35	48	FALSE
cfDNA_patient_18_diagnosis	PBL_control_1	0.53385367829643	36	1	FALSE
cfDNA_patient_18_diagnosis	PBL_control_2	0.460885351351782	36	2	FALSE
cfDNA_patient_18_diagnosis	PBL_control_3	0.506040798028056	36	3	FALSE
cfDNA_patient_18_diagnosis	PBL_control_4	0.456389907074173	36	4	FALSE
cfDNA_patient_18_diagnosis	PBL_control_5	0.533825808455679	36	5	FALSE
cfDNA_patient_18_diagnosis	PBL_control_6	0.507091291574487	36	6	FALSE
cfDNA_patient_18_diagnosis	PBL_control_7	0.501606012904944	36	7	FALSE
cfDNA_patient_18_diagnosis	PBL_control_8	0.476114153692817	36	8	FALSE
cfDNA_patient_18_diagnosis	PBL_control_9	0.537249397971984	36	9	FALSE
cfDNA_patient_18_diagnosis	PBL_control_10	0.494657958328889	36	10	FALSE
cfDNA_patient_18_diagnosis	PBL_control_11	0.53665849090676	36	11	FALSE
cfDNA_patient_18_diagnosis	PBL_control_12	0.532604407061299	36	12	FALSE
cfDNA_patient_18_diagnosis	PBL_control_13	0.494476394362253	36	13	FALSE
cfDNA_patient_18_diagnosis	PBL_control_14	0.524815882177783	36	14	FALSE
cfDNA_patient_18_diagnosis	PBL_control_15	0.508068943834071	36	15	FALSE
cfDNA_patient_18_diagnosis	PBL_control_16	0.502118152034683	36	16	FALSE
cfDNA_patient_18_diagnosis	PBL_control_17	0.469360597915394	36	17	FALSE
cfDNA_patient_18_diagnosis	PBL_control_18	0.513129945253932	36	18	FALSE
cfDNA_patient_18_diagnosis	PBL_control_19	0.512017285575992	36	19	FALSE
cfDNA_patient_18_diagnosis	PBL_patient_1_diagnosis	0.373990677099365	36	20	FALSE
cfDNA_patient_18_diagnosis	PBL_patient_2_diagnosis	0.390257709704696	36	21	FALSE
cfDNA_patient_18_diagnosis	PBL_patient_4_diagnosis	0.391492496649026	36	22	FALSE
cfDNA_patient_18_diagnosis	PBL_patient_5_diagnosis	0.502215351989537	36	23	FALSE
cfDNA_patient_18_diagnosis	PBL_patient_6_diagnosis	0.499545462117175	36	24	FALSE
cfDNA_patient_18_diagnosis	PBL_patient_7_diagnosis	0.515185184305972	36	25	FALSE
cfDNA_patient_18_diagnosis	PBL_patient_8_diagnosis	0.388334328172167	36	26	FALSE
cfDNA_patient_18_diagnosis	PBL_patient_9_diagnosis	0.393169718883311	36	27	FALSE
cfDNA_patient_18_diagnosis	PBL_patient_10_diagnosis	0.47124632637222	36	28	FALSE
cfDNA_patient_18_diagnosis	PBL_patient_11_diagnosis	0.515637809443374	36	29	FALSE
cfDNA_patient_18_diagnosis	PBL_patient_12_diagnosis	0.49740140406967	36	30	FALSE
cfDNA_patient_18_diagnosis	PBL_patient_13_diagnosis	0.518140260754941	36	31	FALSE
cfDNA_patient_18_diagnosis	PBL_patient_14_diagnosis	0.527091074362072	36	32	FALSE
cfDNA_patient_18_diagnosis	PBL_patient_15_diagnosis	0.514722046062204	36	33	FALSE
cfDNA_patient_18_diagnosis	PBL_patient_16_diagnosis	0.53452543421989	36	34	FALSE
cfDNA_patient_18_diagnosis	PBL_patient_17_diagnosis	0.513659753508411	36	35	FALSE
cfDNA_patient_18_diagnosis	PBL_patient_18_diagnosis	0.795725360052525	36	36	TRUE
cfDNA_patient_18_diagnosis	PBL_patient_19_diagnosis	0.538664589488281	36	37	FALSE
cfDNA_patient_18_diagnosis	PBL_patient_20_diagnosis	0.512088371006544	36	38	FALSE
cfDNA_patient_18_diagnosis	PBL_patient_21_diagnosis	0.508006630222601	36	39	FALSE
cfDNA_patient_18_diagnosis	PBL_patient_22_diagnosis	0.49553874053249	36	40	FALSE
cfDNA_patient_18_diagnosis	PBL_patient_23_diagnosis	0.521904390881522	36	41	FALSE
cfDNA_patient_18_diagnosis	PBL_patient_24_diagnosis	0.537673257014897	36	42	FALSE
cfDNA_patient_18_diagnosis	PBL_patient_25_diagnosis	0.482880910927748	36	43	FALSE
cfDNA_patient_18_diagnosis	PBL_patient_26_diagnosis	0.486270955428658	36	44	FALSE
cfDNA_patient_18_diagnosis	PBL_patient_27_diagnosis	0.502455582465835	36	45	FALSE
cfDNA_patient_18_diagnosis	PBL_patient_28_diagnosis	0.512119425982605	36	46	FALSE
cfDNA_patient_18_diagnosis	PBL_patient_29_diagnosis	0.496764486450961	36	47	FALSE
cfDNA_patient_18_diagnosis	PBL_patient_30_diagnosis	0.512939695525308	36	48	FALSE
cfDNA_patient_19_diagnosis	PBL_control_1	0.518804994100225	37	1	FALSE
cfDNA_patient_19_diagnosis	PBL_control_2	0.41951372729715	37	2	FALSE
cfDNA_patient_19_diagnosis	PBL_control_3	0.495750588090527	37	3	FALSE
cfDNA_patient_19_diagnosis	PBL_control_4	0.456049726429375	37	4	FALSE
cfDNA_patient_19_diagnosis	PBL_control_5	0.521877905087291	37	5	FALSE
cfDNA_patient_19_diagnosis	PBL_control_6	0.497332344859721	37	6	FALSE
cfDNA_patient_19_diagnosis	PBL_control_7	0.472150649323637	37	7	FALSE
cfDNA_patient_19_diagnosis	PBL_control_8	0.444385807000429	37	8	FALSE
cfDNA_patient_19_diagnosis	PBL_control_9	0.54144484134605	37	9	FALSE
cfDNA_patient_19_diagnosis	PBL_control_10	0.502790136502306	37	10	FALSE
cfDNA_patient_19_diagnosis	PBL_control_11	0.532624209251925	37	11	FALSE
cfDNA_patient_19_diagnosis	PBL_control_12	0.505644387074622	37	12	FALSE
cfDNA_patient_19_diagnosis	PBL_control_13	0.48764101265524	37	13	FALSE
cfDNA_patient_19_diagnosis	PBL_control_14	0.520287268229852	37	14	FALSE
cfDNA_patient_19_diagnosis	PBL_control_15	0.492804444543758	37	15	FALSE
cfDNA_patient_19_diagnosis	PBL_control_16	0.493692291499058	37	16	FALSE
cfDNA_patient_19_diagnosis	PBL_control_17	0.449481705660427	37	17	FALSE
cfDNA_patient_19_diagnosis	PBL_control_18	0.541543179914101	37	18	FALSE
cfDNA_patient_19_diagnosis	PBL_control_19	0.499295298887436	37	19	FALSE
cfDNA_patient_19_diagnosis	PBL_patient_1_diagnosis	0.298398706799894	37	20	FALSE
cfDNA_patient_19_diagnosis	PBL_patient_2_diagnosis	0.291292558163681	37	21	FALSE
cfDNA_patient_19_diagnosis	PBL_patient_4_diagnosis	0.309350523850961	37	22	FALSE
cfDNA_patient_19_diagnosis	PBL_patient_5_diagnosis	0.454978279281683	37	23	FALSE
cfDNA_patient_19_diagnosis	PBL_patient_6_diagnosis	0.506215550810611	37	24	FALSE
cfDNA_patient_19_diagnosis	PBL_patient_7_diagnosis	0.486973405450531	37	25	FALSE
cfDNA_patient_19_diagnosis	PBL_patient_8_diagnosis	0.315937285954798	37	26	FALSE
cfDNA_patient_19_diagnosis	PBL_patient_9_diagnosis	0.31384323581646	37	27	FALSE
cfDNA_patient_19_diagnosis	PBL_patient_10_diagnosis	0.421768237687012	37	28	FALSE
cfDNA_patient_19_diagnosis	PBL_patient_11_diagnosis	0.5107435434534	37	29	FALSE
cfDNA_patient_19_diagnosis	PBL_patient_12_diagnosis	0.48882407054818	37	30	FALSE
cfDNA_patient_19_diagnosis	PBL_patient_13_diagnosis	0.505864845502179	37	31	FALSE
cfDNA_patient_19_diagnosis	PBL_patient_14_diagnosis	0.52171995298133	37	32	FALSE
cfDNA_patient_19_diagnosis	PBL_patient_15_diagnosis	0.473653198449507	37	33	FALSE
cfDNA_patient_19_diagnosis	PBL_patient_16_diagnosis	0.507358475987738	37	34	FALSE
cfDNA_patient_19_diagnosis	PBL_patient_17_diagnosis	0.518252569792693	37	35	FALSE
cfDNA_patient_19_diagnosis	PBL_patient_18_diagnosis	0.534599980962811	37	36	FALSE
cfDNA_patient_19_diagnosis	PBL_patient_19_diagnosis	0.769411898903198	37	37	TRUE
cfDNA_patient_19_diagnosis	PBL_patient_20_diagnosis	0.495022222530142	37	38	FALSE
cfDNA_patient_19_diagnosis	PBL_patient_21_diagnosis	0.487665172997644	37	39	FALSE
cfDNA_patient_19_diagnosis	PBL_patient_22_diagnosis	0.471068515775384	37	40	FALSE
cfDNA_patient_19_diagnosis	PBL_patient_23_diagnosis	0.51302485912722	37	41	FALSE
cfDNA_patient_19_diagnosis	PBL_patient_24_diagnosis	0.507246333802456	37	42	FALSE
cfDNA_patient_19_diagnosis	PBL_patient_25_diagnosis	0.527981877788075	37	43	FALSE
cfDNA_patient_19_diagnosis	PBL_patient_26_diagnosis	0.431724557488412	37	44	FALSE
cfDNA_patient_19_diagnosis	PBL_patient_27_diagnosis	0.523657565528975	37	45	FALSE
cfDNA_patient_19_diagnosis	PBL_patient_28_diagnosis	0.498192233144176	37	46	FALSE
cfDNA_patient_19_diagnosis	PBL_patient_29_diagnosis	0.510692820857292	37	47	FALSE
cfDNA_patient_19_diagnosis	PBL_patient_30_diagnosis	0.496306824689083	37	48	FALSE
cfDNA_patient_20_diagnosis	PBL_control_1	0.491105314624312	38	1	FALSE
cfDNA_patient_20_diagnosis	PBL_control_2	0.405666560648976	38	2	FALSE
cfDNA_patient_20_diagnosis	PBL_control_3	0.458321646245606	38	3	FALSE
cfDNA_patient_20_diagnosis	PBL_control_4	0.412698638625713	38	4	FALSE
cfDNA_patient_20_diagnosis	PBL_control_5	0.484680450656863	38	5	FALSE
cfDNA_patient_20_diagnosis	PBL_control_6	0.445108225336913	38	6	FALSE
cfDNA_patient_20_diagnosis	PBL_control_7	0.443387537357842	38	7	FALSE
cfDNA_patient_20_diagnosis	PBL_control_8	0.436448835931498	38	8	FALSE
cfDNA_patient_20_diagnosis	PBL_control_9	0.478752965451862	38	9	FALSE
cfDNA_patient_20_diagnosis	PBL_control_10	0.470656933954273	38	10	FALSE
cfDNA_patient_20_diagnosis	PBL_control_11	0.467077860615162	38	11	FALSE
cfDNA_patient_20_diagnosis	PBL_control_12	0.472945057232739	38	12	FALSE
cfDNA_patient_20_diagnosis	PBL_control_13	0.43142504198	38	13	FALSE
cfDNA_patient_20_diagnosis	PBL_control_14	0.486136497557833	38	14	FALSE
cfDNA_patient_20_diagnosis	PBL_control_15	0.47076757915068	38	15	FALSE
cfDNA_patient_20_diagnosis	PBL_control_16	0.45341454227489	38	16	FALSE
cfDNA_patient_20_diagnosis	PBL_control_17	0.421375514118587	38	17	FALSE
cfDNA_patient_20_diagnosis	PBL_control_18	0.474211590450785	38	18	FALSE
cfDNA_patient_20_diagnosis	PBL_control_19	0.46878705054494	38	19	FALSE
cfDNA_patient_20_diagnosis	PBL_patient_1_diagnosis	0.32274393164681	38	20	FALSE
cfDNA_patient_20_diagnosis	PBL_patient_2_diagnosis	0.353073086173528	38	21	FALSE
cfDNA_patient_20_diagnosis	PBL_patient_4_diagnosis	0.333892371594887	38	22	FALSE
cfDNA_patient_20_diagnosis	PBL_patient_5_diagnosis	0.447251388569989	38	23	FALSE
cfDNA_patient_20_diagnosis	PBL_patient_6_diagnosis	0.454909499144437	38	24	FALSE
cfDNA_patient_20_diagnosis	PBL_patient_7_diagnosis	0.464765342913879	38	25	FALSE
cfDNA_patient_20_diagnosis	PBL_patient_8_diagnosis	0.336328111808245	38	26	FALSE
cfDNA_patient_20_diagnosis	PBL_patient_9_diagnosis	0.318237401239133	38	27	FALSE
cfDNA_patient_20_diagnosis	PBL_patient_10_diagnosis	0.413790758653027	38	28	FALSE
cfDNA_patient_20_diagnosis	PBL_patient_11_diagnosis	0.471767521902933	38	29	FALSE
cfDNA_patient_20_diagnosis	PBL_patient_12_diagnosis	0.455801936547465	38	30	FALSE
cfDNA_patient_20_diagnosis	PBL_patient_13_diagnosis	0.459404521930587	38	31	FALSE
cfDNA_patient_20_diagnosis	PBL_patient_14_diagnosis	0.485786544912401	38	32	FALSE
cfDNA_patient_20_diagnosis	PBL_patient_15_diagnosis	0.453123896203825	38	33	FALSE
cfDNA_patient_20_diagnosis	PBL_patient_16_diagnosis	0.482827347439549	38	34	FALSE
cfDNA_patient_20_diagnosis	PBL_patient_17_diagnosis	0.473977888818935	38	35	FALSE
cfDNA_patient_20_diagnosis	PBL_patient_18_diagnosis	0.485948741602308	38	36	FALSE
cfDNA_patient_20_diagnosis	PBL_patient_19_diagnosis	0.488224634223614	38	37	FALSE
cfDNA_patient_20_diagnosis	PBL_patient_20_diagnosis	0.725222019824853	38	38	TRUE
cfDNA_patient_20_diagnosis	PBL_patient_21_diagnosis	0.466487035067022	38	39	FALSE
cfDNA_patient_20_diagnosis	PBL_patient_22_diagnosis	0.480042885123658	38	40	FALSE
cfDNA_patient_20_diagnosis	PBL_patient_23_diagnosis	0.468784966762378	38	41	FALSE
cfDNA_patient_20_diagnosis	PBL_patient_24_diagnosis	0.484020069762718	38	42	FALSE
cfDNA_patient_20_diagnosis	PBL_patient_25_diagnosis	0.469784825209558	38	43	FALSE
cfDNA_patient_20_diagnosis	PBL_patient_26_diagnosis	0.42961795010221	38	44	FALSE
cfDNA_patient_20_diagnosis	PBL_patient_27_diagnosis	0.462594153042395	38	45	FALSE
cfDNA_patient_20_diagnosis	PBL_patient_28_diagnosis	0.469359651165432	38	46	FALSE
cfDNA_patient_20_diagnosis	PBL_patient_29_diagnosis	0.453955759276265	38	47	FALSE
cfDNA_patient_20_diagnosis	PBL_patient_30_diagnosis	0.49781962694111	38	48	FALSE
cfDNA_patient_21_diagnosis	PBL_control_1	0.512855242893842	39	1	FALSE
cfDNA_patient_21_diagnosis	PBL_control_2	0.412235096216737	39	2	FALSE
cfDNA_patient_21_diagnosis	PBL_control_3	0.476370638787301	39	3	FALSE
cfDNA_patient_21_diagnosis	PBL_control_4	0.45124942741997	39	4	FALSE
cfDNA_patient_21_diagnosis	PBL_control_5	0.489396239254868	39	5	FALSE
cfDNA_patient_21_diagnosis	PBL_control_6	0.492181715433438	39	6	FALSE
cfDNA_patient_21_diagnosis	PBL_control_7	0.448602773089939	39	7	FALSE
cfDNA_patient_21_diagnosis	PBL_control_8	0.470933119253892	39	8	FALSE
cfDNA_patient_21_diagnosis	PBL_control_9	0.519898551266093	39	9	FALSE
cfDNA_patient_21_diagnosis	PBL_control_10	0.48121006215217	39	10	FALSE
cfDNA_patient_21_diagnosis	PBL_control_11	0.490788972950881	39	11	FALSE
cfDNA_patient_21_diagnosis	PBL_control_12	0.524567480808201	39	12	FALSE
cfDNA_patient_21_diagnosis	PBL_control_13	0.474722273380876	39	13	FALSE
cfDNA_patient_21_diagnosis	PBL_control_14	0.49062491932508	39	14	FALSE
cfDNA_patient_21_diagnosis	PBL_control_15	0.485328740469896	39	15	FALSE
cfDNA_patient_21_diagnosis	PBL_control_16	0.481880452662877	39	16	FALSE
cfDNA_patient_21_diagnosis	PBL_control_17	0.430667499730543	39	17	FALSE
cfDNA_patient_21_diagnosis	PBL_control_18	0.521749002223422	39	18	FALSE
cfDNA_patient_21_diagnosis	PBL_control_19	0.496485908798563	39	19	FALSE
cfDNA_patient_21_diagnosis	PBL_patient_1_diagnosis	0.301557704062941	39	20	FALSE
cfDNA_patient_21_diagnosis	PBL_patient_2_diagnosis	0.300630631736221	39	21	FALSE
cfDNA_patient_21_diagnosis	PBL_patient_4_diagnosis	0.340123488645644	39	22	FALSE
cfDNA_patient_21_diagnosis	PBL_patient_5_diagnosis	0.486181494145346	39	23	FALSE
cfDNA_patient_21_diagnosis	PBL_patient_6_diagnosis	0.46873202111201	39	24	FALSE
cfDNA_patient_21_diagnosis	PBL_patient_7_diagnosis	0.509710235682622	39	25	FALSE
cfDNA_patient_21_diagnosis	PBL_patient_8_diagnosis	0.314309876198843	39	26	FALSE
cfDNA_patient_21_diagnosis	PBL_patient_9_diagnosis	0.301883132327619	39	27	FALSE
cfDNA_patient_21_diagnosis	PBL_patient_10_diagnosis	0.393014414687363	39	28	FALSE
cfDNA_patient_21_diagnosis	PBL_patient_11_diagnosis	0.479107438204943	39	29	FALSE
cfDNA_patient_21_diagnosis	PBL_patient_12_diagnosis	0.470985878325224	39	30	FALSE
cfDNA_patient_21_diagnosis	PBL_patient_13_diagnosis	0.50802104665593	39	31	FALSE
cfDNA_patient_21_diagnosis	PBL_patient_14_diagnosis	0.500293042050101	39	32	FALSE
cfDNA_patient_21_diagnosis	PBL_patient_15_diagnosis	0.463581138772938	39	33	FALSE
cfDNA_patient_21_diagnosis	PBL_patient_16_diagnosis	0.496630238689669	39	34	FALSE
cfDNA_patient_21_diagnosis	PBL_patient_17_diagnosis	0.477821197669789	39	35	FALSE
cfDNA_patient_21_diagnosis	PBL_patient_18_diagnosis	0.5163982012273	39	36	FALSE
cfDNA_patient_21_diagnosis	PBL_patient_19_diagnosis	0.508873412166378	39	37	FALSE
cfDNA_patient_21_diagnosis	PBL_patient_20_diagnosis	0.478927363641187	39	38	FALSE
cfDNA_patient_21_diagnosis	PBL_patient_21_diagnosis	0.780686246404026	39	39	TRUE
cfDNA_patient_21_diagnosis	PBL_patient_22_diagnosis	0.504590484155221	39	40	FALSE
cfDNA_patient_21_diagnosis	PBL_patient_23_diagnosis	0.501677069705583	39	41	FALSE
cfDNA_patient_21_diagnosis	PBL_patient_24_diagnosis	0.506536515970282	39	42	FALSE
cfDNA_patient_21_diagnosis	PBL_patient_25_diagnosis	0.484858521747037	39	43	FALSE
cfDNA_patient_21_diagnosis	PBL_patient_26_diagnosis	0.460983137490925	39	44	FALSE
cfDNA_patient_21_diagnosis	PBL_patient_27_diagnosis	0.54946813554839	39	45	FALSE
cfDNA_patient_21_diagnosis	PBL_patient_28_diagnosis	0.473442399769324	39	46	FALSE
cfDNA_patient_21_diagnosis	PBL_patient_29_diagnosis	0.503531514756001	39	47	FALSE
cfDNA_patient_21_diagnosis	PBL_patient_30_diagnosis	0.495323113604129	39	48	FALSE
cfDNA_patient_22_diagnosis	PBL_control_1	0.482024902892478	40	1	FALSE
cfDNA_patient_22_diagnosis	PBL_control_2	0.328054573997483	40	2	FALSE
cfDNA_patient_22_diagnosis	PBL_control_3	0.430912817295699	40	3	FALSE
cfDNA_patient_22_diagnosis	PBL_control_4	0.412015143656172	40	4	FALSE
cfDNA_patient_22_diagnosis	PBL_control_5	0.431162867251629	40	5	FALSE
cfDNA_patient_22_diagnosis	PBL_control_6	0.473403172290426	40	6	FALSE
cfDNA_patient_22_diagnosis	PBL_control_7	0.442901722784469	40	7	FALSE
cfDNA_patient_22_diagnosis	PBL_control_8	0.363197668857002	40	8	FALSE
cfDNA_patient_22_diagnosis	PBL_control_9	0.463346780846286	40	9	FALSE
cfDNA_patient_22_diagnosis	PBL_control_10	0.429745336893186	40	10	FALSE
cfDNA_patient_22_diagnosis	PBL_control_11	0.453044860240736	40	11	FALSE
cfDNA_patient_22_diagnosis	PBL_control_12	0.462829044802844	40	12	FALSE
cfDNA_patient_22_diagnosis	PBL_control_13	0.457868466492605	40	13	FALSE
cfDNA_patient_22_diagnosis	PBL_control_14	0.471607091137852	40	14	FALSE
cfDNA_patient_22_diagnosis	PBL_control_15	0.475901818237934	40	15	FALSE
cfDNA_patient_22_diagnosis	PBL_control_16	0.41255001336978	40	16	FALSE
cfDNA_patient_22_diagnosis	PBL_control_17	0.417699597826745	40	17	FALSE
cfDNA_patient_22_diagnosis	PBL_control_18	0.47030426018259	40	18	FALSE
cfDNA_patient_22_diagnosis	PBL_control_19	0.445238960320687	40	19	FALSE
cfDNA_patient_22_diagnosis	PBL_patient_1_diagnosis	0.225390534771793	40	20	FALSE
cfDNA_patient_22_diagnosis	PBL_patient_2_diagnosis	0.236386509489563	40	21	FALSE
cfDNA_patient_22_diagnosis	PBL_patient_4_diagnosis	0.252173187490552	40	22	FALSE
cfDNA_patient_22_diagnosis	PBL_patient_5_diagnosis	0.436876354499563	40	23	FALSE
cfDNA_patient_22_diagnosis	PBL_patient_6_diagnosis	0.4613337113504	40	24	FALSE
cfDNA_patient_22_diagnosis	PBL_patient_7_diagnosis	0.451427091908631	40	25	FALSE
cfDNA_patient_22_diagnosis	PBL_patient_8_diagnosis	0.271395577095366	40	26	FALSE
cfDNA_patient_22_diagnosis	PBL_patient_9_diagnosis	0.248061119705872	40	27	FALSE
cfDNA_patient_22_diagnosis	PBL_patient_10_diagnosis	0.334246836463002	40	28	FALSE
cfDNA_patient_22_diagnosis	PBL_patient_11_diagnosis	0.447217589194991	40	29	FALSE
cfDNA_patient_22_diagnosis	PBL_patient_12_diagnosis	0.417870026014641	40	30	FALSE
cfDNA_patient_22_diagnosis	PBL_patient_13_diagnosis	0.459825138539597	40	31	FALSE
cfDNA_patient_22_diagnosis	PBL_patient_14_diagnosis	0.461154230405128	40	32	FALSE
cfDNA_patient_22_diagnosis	PBL_patient_15_diagnosis	0.407745715370365	40	33	FALSE
cfDNA_patient_22_diagnosis	PBL_patient_16_diagnosis	0.466106141263826	40	34	FALSE
cfDNA_patient_22_diagnosis	PBL_patient_17_diagnosis	0.428555815590132	40	35	FALSE
cfDNA_patient_22_diagnosis	PBL_patient_18_diagnosis	0.477230562715231	40	36	FALSE
cfDNA_patient_22_diagnosis	PBL_patient_19_diagnosis	0.454912792079403	40	37	FALSE
cfDNA_patient_22_diagnosis	PBL_patient_20_diagnosis	0.468528135836501	40	38	FALSE
cfDNA_patient_22_diagnosis	PBL_patient_21_diagnosis	0.473122360193899	40	39	FALSE
cfDNA_patient_22_diagnosis	PBL_patient_22_diagnosis	0.721513493933347	40	40	TRUE
cfDNA_patient_22_diagnosis	PBL_patient_23_diagnosis	0.482838497704242	40	41	FALSE
cfDNA_patient_22_diagnosis	PBL_patient_24_diagnosis	0.484674320937007	40	42	FALSE
cfDNA_patient_22_diagnosis	PBL_patient_25_diagnosis	0.466492224681192	40	43	FALSE
cfDNA_patient_22_diagnosis	PBL_patient_26_diagnosis	0.391463430642201	40	44	FALSE
cfDNA_patient_22_diagnosis	PBL_patient_27_diagnosis	0.485522483060236	40	45	FALSE
cfDNA_patient_22_diagnosis	PBL_patient_28_diagnosis	0.419324523978186	40	46	FALSE
cfDNA_patient_22_diagnosis	PBL_patient_29_diagnosis	0.454458120923316	40	47	FALSE
cfDNA_patient_22_diagnosis	PBL_patient_30_diagnosis	0.461544173338172	40	48	FALSE
cfDNA_patient_23_diagnosis	PBL_control_1	0.510307700433846	41	1	FALSE
cfDNA_patient_23_diagnosis	PBL_control_2	0.362697554770716	41	2	FALSE
cfDNA_patient_23_diagnosis	PBL_control_3	0.472570542328893	41	3	FALSE
cfDNA_patient_23_diagnosis	PBL_control_4	0.443566305564605	41	4	FALSE
cfDNA_patient_23_diagnosis	PBL_control_5	0.477549224066235	41	5	FALSE
cfDNA_patient_23_diagnosis	PBL_control_6	0.498204389054546	41	6	FALSE
cfDNA_patient_23_diagnosis	PBL_control_7	0.454161445895841	41	7	FALSE
cfDNA_patient_23_diagnosis	PBL_control_8	0.416754895168479	41	8	FALSE
cfDNA_patient_23_diagnosis	PBL_control_9	0.52517737565378	41	9	FALSE
cfDNA_patient_23_diagnosis	PBL_control_10	0.463798599095736	41	10	FALSE
cfDNA_patient_23_diagnosis	PBL_control_11	0.482349045820076	41	11	FALSE
cfDNA_patient_23_diagnosis	PBL_control_12	0.482344038822207	41	12	FALSE
cfDNA_patient_23_diagnosis	PBL_control_13	0.485778925908684	41	13	FALSE
cfDNA_patient_23_diagnosis	PBL_control_14	0.481832441327904	41	14	FALSE
cfDNA_patient_23_diagnosis	PBL_control_15	0.475700088452662	41	15	FALSE
cfDNA_patient_23_diagnosis	PBL_control_16	0.448738496779504	41	16	FALSE
cfDNA_patient_23_diagnosis	PBL_control_17	0.444416468066137	41	17	FALSE
cfDNA_patient_23_diagnosis	PBL_control_18	0.514274008641353	41	18	FALSE
cfDNA_patient_23_diagnosis	PBL_control_19	0.478026652175214	41	19	FALSE
cfDNA_patient_23_diagnosis	PBL_patient_1_diagnosis	0.264768822144038	41	20	FALSE
cfDNA_patient_23_diagnosis	PBL_patient_2_diagnosis	0.237157334319942	41	21	FALSE
cfDNA_patient_23_diagnosis	PBL_patient_4_diagnosis	0.255777301209247	41	22	FALSE
cfDNA_patient_23_diagnosis	PBL_patient_5_diagnosis	0.40948984326776	41	23	FALSE
cfDNA_patient_23_diagnosis	PBL_patient_6_diagnosis	0.503414215054142	41	24	FALSE
cfDNA_patient_23_diagnosis	PBL_patient_7_diagnosis	0.465279140552964	41	25	FALSE
cfDNA_patient_23_diagnosis	PBL_patient_8_diagnosis	0.312633266337994	41	26	FALSE
cfDNA_patient_23_diagnosis	PBL_patient_9_diagnosis	0.28612352718461	41	27	FALSE
cfDNA_patient_23_diagnosis	PBL_patient_10_diagnosis	0.361176369696749	41	28	FALSE
cfDNA_patient_23_diagnosis	PBL_patient_11_diagnosis	0.468163055215682	41	29	FALSE
cfDNA_patient_23_diagnosis	PBL_patient_12_diagnosis	0.441427047267484	41	30	FALSE
cfDNA_patient_23_diagnosis	PBL_patient_13_diagnosis	0.478597687646421	41	31	FALSE
cfDNA_patient_23_diagnosis	PBL_patient_14_diagnosis	0.493686897576901	41	32	FALSE
cfDNA_patient_23_diagnosis	PBL_patient_15_diagnosis	0.436434260117336	41	33	FALSE
cfDNA_patient_23_diagnosis	PBL_patient_16_diagnosis	0.493406034615364	41	34	FALSE
cfDNA_patient_23_diagnosis	PBL_patient_17_diagnosis	0.482763752688777	41	35	FALSE
cfDNA_patient_23_diagnosis	PBL_patient_18_diagnosis	0.484810990756789	41	36	FALSE
cfDNA_patient_23_diagnosis	PBL_patient_19_diagnosis	0.511102813953287	41	37	FALSE
cfDNA_patient_23_diagnosis	PBL_patient_20_diagnosis	0.445914426756834	41	38	FALSE
cfDNA_patient_23_diagnosis	PBL_patient_21_diagnosis	0.481117774155889	41	39	FALSE
cfDNA_patient_23_diagnosis	PBL_patient_22_diagnosis	0.47263135326982	41	40	FALSE
cfDNA_patient_23_diagnosis	PBL_patient_23_diagnosis	0.737576660013669	41	41	TRUE
cfDNA_patient_23_diagnosis	PBL_patient_24_diagnosis	0.506431411008834	41	42	FALSE
cfDNA_patient_23_diagnosis	PBL_patient_25_diagnosis	0.517226184509845	41	43	FALSE
cfDNA_patient_23_diagnosis	PBL_patient_26_diagnosis	0.428867496275458	41	44	FALSE
cfDNA_patient_23_diagnosis	PBL_patient_27_diagnosis	0.507054414318791	41	45	FALSE
cfDNA_patient_23_diagnosis	PBL_patient_28_diagnosis	0.449620019260187	41	46	FALSE
cfDNA_patient_23_diagnosis	PBL_patient_29_diagnosis	0.4955488505585	41	47	FALSE
cfDNA_patient_23_diagnosis	PBL_patient_30_diagnosis	0.461286401387016	41	48	FALSE
cfDNA_patient_24_diagnosis	PBL_control_1	0.515426378180661	42	1	FALSE
cfDNA_patient_24_diagnosis	PBL_control_2	0.381730587612	42	2	FALSE
cfDNA_patient_24_diagnosis	PBL_control_3	0.498704764744327	42	3	FALSE
cfDNA_patient_24_diagnosis	PBL_control_4	0.443630805343075	42	4	FALSE
cfDNA_patient_24_diagnosis	PBL_control_5	0.484102718076581	42	5	FALSE
cfDNA_patient_24_diagnosis	PBL_control_6	0.478290583466879	42	6	FALSE
cfDNA_patient_24_diagnosis	PBL_control_7	0.458520052958677	42	7	FALSE
cfDNA_patient_24_diagnosis	PBL_control_8	0.438691208211177	42	8	FALSE
cfDNA_patient_24_diagnosis	PBL_control_9	0.494455114142031	42	9	FALSE
cfDNA_patient_24_diagnosis	PBL_control_10	0.476444158103497	42	10	FALSE
cfDNA_patient_24_diagnosis	PBL_control_11	0.49892854170266	42	11	FALSE
cfDNA_patient_24_diagnosis	PBL_control_12	0.510837039712093	42	12	FALSE
cfDNA_patient_24_diagnosis	PBL_control_13	0.466183715234885	42	13	FALSE
cfDNA_patient_24_diagnosis	PBL_control_14	0.507873579018296	42	14	FALSE
cfDNA_patient_24_diagnosis	PBL_control_15	0.495781105734922	42	15	FALSE
cfDNA_patient_24_diagnosis	PBL_control_16	0.480575621625815	42	16	FALSE
cfDNA_patient_24_diagnosis	PBL_control_17	0.446545241778381	42	17	FALSE
cfDNA_patient_24_diagnosis	PBL_control_18	0.515025481142722	42	18	FALSE
cfDNA_patient_24_diagnosis	PBL_control_19	0.494030492182633	42	19	FALSE
cfDNA_patient_24_diagnosis	PBL_patient_1_diagnosis	0.314594028803858	42	20	FALSE
cfDNA_patient_24_diagnosis	PBL_patient_2_diagnosis	0.310473180307	42	21	FALSE
cfDNA_patient_24_diagnosis	PBL_patient_4_diagnosis	0.327891409459792	42	22	FALSE
cfDNA_patient_24_diagnosis	PBL_patient_5_diagnosis	0.469390336339336	42	23	FALSE
cfDNA_patient_24_diagnosis	PBL_patient_6_diagnosis	0.482608847500791	42	24	FALSE
cfDNA_patient_24_diagnosis	PBL_patient_7_diagnosis	0.495491816262807	42	25	FALSE
cfDNA_patient_24_diagnosis	PBL_patient_8_diagnosis	0.342475007123484	42	26	FALSE
cfDNA_patient_24_diagnosis	PBL_patient_9_diagnosis	0.334680193064172	42	27	FALSE
cfDNA_patient_24_diagnosis	PBL_patient_10_diagnosis	0.409435282585935	42	28	FALSE
cfDNA_patient_24_diagnosis	PBL_patient_11_diagnosis	0.486012902990262	42	29	FALSE
cfDNA_patient_24_diagnosis	PBL_patient_12_diagnosis	0.47639118594096	42	30	FALSE
cfDNA_patient_24_diagnosis	PBL_patient_13_diagnosis	0.48290075882531	42	31	FALSE
cfDNA_patient_24_diagnosis	PBL_patient_14_diagnosis	0.50581520123737	42	32	FALSE
cfDNA_patient_24_diagnosis	PBL_patient_15_diagnosis	0.475379839108027	42	33	FALSE
cfDNA_patient_24_diagnosis	PBL_patient_16_diagnosis	0.506118744556253	42	34	FALSE
cfDNA_patient_24_diagnosis	PBL_patient_17_diagnosis	0.506313601598513	42	35	FALSE
cfDNA_patient_24_diagnosis	PBL_patient_18_diagnosis	0.52821811577391	42	36	FALSE
cfDNA_patient_24_diagnosis	PBL_patient_19_diagnosis	0.500648907081556	42	37	FALSE
cfDNA_patient_24_diagnosis	PBL_patient_20_diagnosis	0.487759478594959	42	38	FALSE
cfDNA_patient_24_diagnosis	PBL_patient_21_diagnosis	0.485519321660781	42	39	FALSE
cfDNA_patient_24_diagnosis	PBL_patient_22_diagnosis	0.489352852725574	42	40	FALSE
cfDNA_patient_24_diagnosis	PBL_patient_23_diagnosis	0.511003897400239	42	41	FALSE
cfDNA_patient_24_diagnosis	PBL_patient_24_diagnosis	0.714809996273801	42	42	TRUE
cfDNA_patient_24_diagnosis	PBL_patient_25_diagnosis	0.490385727769986	42	43	FALSE
cfDNA_patient_24_diagnosis	PBL_patient_26_diagnosis	0.432091749405637	42	44	FALSE
cfDNA_patient_24_diagnosis	PBL_patient_27_diagnosis	0.508565703553963	42	45	FALSE
cfDNA_patient_24_diagnosis	PBL_patient_28_diagnosis	0.490725695472874	42	46	FALSE
cfDNA_patient_24_diagnosis	PBL_patient_29_diagnosis	0.505356347797824	42	47	FALSE
cfDNA_patient_24_diagnosis	PBL_patient_30_diagnosis	0.502153464917186	42	48	FALSE
cfDNA_patient_25_diagnosis	PBL_control_1	0.49136576734303	43	1	FALSE
cfDNA_patient_25_diagnosis	PBL_control_2	0.360086752339495	43	2	FALSE
cfDNA_patient_25_diagnosis	PBL_control_3	0.481650774187753	43	3	FALSE
cfDNA_patient_25_diagnosis	PBL_control_4	0.426194430881329	43	4	FALSE
cfDNA_patient_25_diagnosis	PBL_control_5	0.480723370039849	43	5	FALSE
cfDNA_patient_25_diagnosis	PBL_control_6	0.497612037353116	43	6	FALSE
cfDNA_patient_25_diagnosis	PBL_control_7	0.450864026779719	43	7	FALSE
cfDNA_patient_25_diagnosis	PBL_control_8	0.399517780814824	43	8	FALSE
cfDNA_patient_25_diagnosis	PBL_control_9	0.500308980308422	43	9	FALSE
cfDNA_patient_25_diagnosis	PBL_control_10	0.475047879253047	43	10	FALSE
cfDNA_patient_25_diagnosis	PBL_control_11	0.48167713570259	43	11	FALSE
cfDNA_patient_25_diagnosis	PBL_control_12	0.492209865977539	43	12	FALSE
cfDNA_patient_25_diagnosis	PBL_control_13	0.478628146915808	43	13	FALSE
cfDNA_patient_25_diagnosis	PBL_control_14	0.507818834905065	43	14	FALSE
cfDNA_patient_25_diagnosis	PBL_control_15	0.49916925809392	43	15	FALSE
cfDNA_patient_25_diagnosis	PBL_control_16	0.479226619566358	43	16	FALSE
cfDNA_patient_25_diagnosis	PBL_control_17	0.440571601009966	43	17	FALSE
cfDNA_patient_25_diagnosis	PBL_control_18	0.497648163813525	43	18	FALSE
cfDNA_patient_25_diagnosis	PBL_control_19	0.503206454797497	43	19	FALSE
cfDNA_patient_25_diagnosis	PBL_patient_1_diagnosis	0.313866269999499	43	20	FALSE
cfDNA_patient_25_diagnosis	PBL_patient_2_diagnosis	0.2684281742039	43	21	FALSE
cfDNA_patient_25_diagnosis	PBL_patient_4_diagnosis	0.305353919183218	43	22	FALSE
cfDNA_patient_25_diagnosis	PBL_patient_5_diagnosis	0.441697778686804	43	23	FALSE
cfDNA_patient_25_diagnosis	PBL_patient_6_diagnosis	0.482662569232442	43	24	FALSE
cfDNA_patient_25_diagnosis	PBL_patient_7_diagnosis	0.47160572422778	43	25	FALSE
cfDNA_patient_25_diagnosis	PBL_patient_8_diagnosis	0.330302265903891	43	26	FALSE
cfDNA_patient_25_diagnosis	PBL_patient_9_diagnosis	0.341026821691109	43	27	FALSE
cfDNA_patient_25_diagnosis	PBL_patient_10_diagnosis	0.404894372423215	43	28	FALSE
cfDNA_patient_25_diagnosis	PBL_patient_11_diagnosis	0.471723320082841	43	29	FALSE
cfDNA_patient_25_diagnosis	PBL_patient_12_diagnosis	0.498533977886722	43	30	FALSE
cfDNA_patient_25_diagnosis	PBL_patient_13_diagnosis	0.472085582850678	43	31	FALSE
cfDNA_patient_25_diagnosis	PBL_patient_14_diagnosis	0.480833024400731	43	32	FALSE
cfDNA_patient_25_diagnosis	PBL_patient_15_diagnosis	0.47875592189777	43	33	FALSE
cfDNA_patient_25_diagnosis	PBL_patient_16_diagnosis	0.481255621725827	43	34	FALSE
cfDNA_patient_25_diagnosis	PBL_patient_17_diagnosis	0.528412436884227	43	35	FALSE
cfDNA_patient_25_diagnosis	PBL_patient_18_diagnosis	0.492071846646546	43	36	FALSE
cfDNA_patient_25_diagnosis	PBL_patient_19_diagnosis	0.509395672619663	43	37	FALSE
cfDNA_patient_25_diagnosis	PBL_patient_20_diagnosis	0.485602125367002	43	38	FALSE
cfDNA_patient_25_diagnosis	PBL_patient_21_diagnosis	0.459220952215753	43	39	FALSE
cfDNA_patient_25_diagnosis	PBL_patient_22_diagnosis	0.472437068937294	43	40	FALSE
cfDNA_patient_25_diagnosis	PBL_patient_23_diagnosis	0.515944199155558	43	41	FALSE
cfDNA_patient_25_diagnosis	PBL_patient_24_diagnosis	0.485951635186696	43	42	FALSE
cfDNA_patient_25_diagnosis	PBL_patient_25_diagnosis	0.75752815981516	43	43	TRUE
cfDNA_patient_25_diagnosis	PBL_patient_26_diagnosis	0.393406831369369	43	44	FALSE
cfDNA_patient_25_diagnosis	PBL_patient_27_diagnosis	0.508100376867593	43	45	FALSE
cfDNA_patient_25_diagnosis	PBL_patient_28_diagnosis	0.494445383373247	43	46	FALSE
cfDNA_patient_25_diagnosis	PBL_patient_29_diagnosis	0.48253803306018	43	47	FALSE
cfDNA_patient_25_diagnosis	PBL_patient_30_diagnosis	0.450780849590986	43	48	FALSE
cfDNA_patient_26_diagnosis	PBL_control_1	0.493149020414302	44	1	FALSE
cfDNA_patient_26_diagnosis	PBL_control_2	0.370154830486511	44	2	FALSE
cfDNA_patient_26_diagnosis	PBL_control_3	0.452931922215009	44	3	FALSE
cfDNA_patient_26_diagnosis	PBL_control_4	0.448254646567104	44	4	FALSE
cfDNA_patient_26_diagnosis	PBL_control_5	0.46722647535822	44	5	FALSE
cfDNA_patient_26_diagnosis	PBL_control_6	0.524749178719296	44	6	FALSE
cfDNA_patient_26_diagnosis	PBL_control_7	0.436819856449761	44	7	FALSE
cfDNA_patient_26_diagnosis	PBL_control_8	0.413902786363399	44	8	FALSE
cfDNA_patient_26_diagnosis	PBL_control_9	0.511744828406686	44	9	FALSE
cfDNA_patient_26_diagnosis	PBL_control_10	0.437402635262055	44	10	FALSE
cfDNA_patient_26_diagnosis	PBL_control_11	0.483908097779207	44	11	FALSE
cfDNA_patient_26_diagnosis	PBL_control_12	0.484466766320062	44	12	FALSE
cfDNA_patient_26_diagnosis	PBL_control_13	0.47141155449371	44	13	FALSE
cfDNA_patient_26_diagnosis	PBL_control_14	0.48353356450298	44	14	FALSE
cfDNA_patient_26_diagnosis	PBL_control_15	0.46598929610131	44	15	FALSE
cfDNA_patient_26_diagnosis	PBL_control_16	0.486882676981923	44	16	FALSE
cfDNA_patient_26_diagnosis	PBL_control_17	0.411078344992307	44	17	FALSE
cfDNA_patient_26_diagnosis	PBL_control_18	0.505737880676366	44	18	FALSE
cfDNA_patient_26_diagnosis	PBL_control_19	0.516019769415219	44	19	FALSE
cfDNA_patient_26_diagnosis	PBL_patient_1_diagnosis	0.219387740970269	44	20	FALSE
cfDNA_patient_26_diagnosis	PBL_patient_2_diagnosis	0.209667604095366	44	21	FALSE
cfDNA_patient_26_diagnosis	PBL_patient_4_diagnosis	0.244786043097459	44	22	FALSE
cfDNA_patient_26_diagnosis	PBL_patient_5_diagnosis	0.411389080896416	44	23	FALSE
cfDNA_patient_26_diagnosis	PBL_patient_6_diagnosis	0.456532769225577	44	24	FALSE
cfDNA_patient_26_diagnosis	PBL_patient_7_diagnosis	0.459034771065454	44	25	FALSE
cfDNA_patient_26_diagnosis	PBL_patient_8_diagnosis	0.254583727715833	44	26	FALSE
cfDNA_patient_26_diagnosis	PBL_patient_9_diagnosis	0.234748207719232	44	27	FALSE
cfDNA_patient_26_diagnosis	PBL_patient_10_diagnosis	0.38172329714659	44	28	FALSE
cfDNA_patient_26_diagnosis	PBL_patient_11_diagnosis	0.475575998080778	44	29	FALSE
cfDNA_patient_26_diagnosis	PBL_patient_12_diagnosis	0.458305583708803	44	30	FALSE
cfDNA_patient_26_diagnosis	PBL_patient_13_diagnosis	0.518745168780498	44	31	FALSE
cfDNA_patient_26_diagnosis	PBL_patient_14_diagnosis	0.477619966891662	44	32	FALSE
cfDNA_patient_26_diagnosis	PBL_patient_15_diagnosis	0.462832835792796	44	33	FALSE
cfDNA_patient_26_diagnosis	PBL_patient_16_diagnosis	0.47812497836733	44	34	FALSE
cfDNA_patient_26_diagnosis	PBL_patient_17_diagnosis	0.490947670741332	44	35	FALSE
cfDNA_patient_26_diagnosis	PBL_patient_18_diagnosis	0.517075445400639	44	36	FALSE
cfDNA_patient_26_diagnosis	PBL_patient_19_diagnosis	0.480975894840089	44	37	FALSE
cfDNA_patient_26_diagnosis	PBL_patient_20_diagnosis	0.45593807828227	44	38	FALSE
cfDNA_patient_26_diagnosis	PBL_patient_21_diagnosis	0.460133392867182	44	39	FALSE
cfDNA_patient_26_diagnosis	PBL_patient_22_diagnosis	0.456998275633867	44	40	FALSE
cfDNA_patient_26_diagnosis	PBL_patient_23_diagnosis	0.469497989072408	44	41	FALSE
cfDNA_patient_26_diagnosis	PBL_patient_24_diagnosis	0.468446642756623	44	42	FALSE
cfDNA_patient_26_diagnosis	PBL_patient_25_diagnosis	0.475627326538626	44	43	FALSE
cfDNA_patient_26_diagnosis	PBL_patient_26_diagnosis	0.646110428608474	44	44	TRUE
cfDNA_patient_26_diagnosis	PBL_patient_27_diagnosis	0.517581039651396	44	45	FALSE
cfDNA_patient_26_diagnosis	PBL_patient_28_diagnosis	0.48659453378669	44	46	FALSE
cfDNA_patient_26_diagnosis	PBL_patient_29_diagnosis	0.51229394750498	44	47	FALSE
cfDNA_patient_26_diagnosis	PBL_patient_30_diagnosis	0.478697950092721	44	48	FALSE
cfDNA_patient_27_diagnosis	PBL_control_1	0.50893807735605	45	1	FALSE
cfDNA_patient_27_diagnosis	PBL_control_2	0.410438705479945	45	2	FALSE
cfDNA_patient_27_diagnosis	PBL_control_3	0.471918385410118	45	3	FALSE
cfDNA_patient_27_diagnosis	PBL_control_4	0.453756603293961	45	4	FALSE
cfDNA_patient_27_diagnosis	PBL_control_5	0.486753060552952	45	5	FALSE
cfDNA_patient_27_diagnosis	PBL_control_6	0.52841949232664	45	6	FALSE
cfDNA_patient_27_diagnosis	PBL_control_7	0.447979299337225	45	7	FALSE
cfDNA_patient_27_diagnosis	PBL_control_8	0.453199004258825	45	8	FALSE
cfDNA_patient_27_diagnosis	PBL_control_9	0.512102946741948	45	9	FALSE
cfDNA_patient_27_diagnosis	PBL_control_10	0.474600704516369	45	10	FALSE
cfDNA_patient_27_diagnosis	PBL_control_11	0.505131645137059	45	11	FALSE
cfDNA_patient_27_diagnosis	PBL_control_12	0.51273536759862	45	12	FALSE
cfDNA_patient_27_diagnosis	PBL_control_13	0.476927759791101	45	13	FALSE
cfDNA_patient_27_diagnosis	PBL_control_14	0.485944636288307	45	14	FALSE
cfDNA_patient_27_diagnosis	PBL_control_15	0.485172071520486	45	15	FALSE
cfDNA_patient_27_diagnosis	PBL_control_16	0.497937370137543	45	16	FALSE
cfDNA_patient_27_diagnosis	PBL_control_17	0.459009813903021	45	17	FALSE
cfDNA_patient_27_diagnosis	PBL_control_18	0.544765520910803	45	18	FALSE
cfDNA_patient_27_diagnosis	PBL_control_19	0.522379855595369	45	19	FALSE
cfDNA_patient_27_diagnosis	PBL_patient_1_diagnosis	0.276519874502739	45	20	FALSE
cfDNA_patient_27_diagnosis	PBL_patient_2_diagnosis	0.259818498862629	45	21	FALSE
cfDNA_patient_27_diagnosis	PBL_patient_4_diagnosis	0.29875028514213	45	22	FALSE
cfDNA_patient_27_diagnosis	PBL_patient_5_diagnosis	0.453536139782792	45	23	FALSE
cfDNA_patient_27_diagnosis	PBL_patient_6_diagnosis	0.498067048559401	45	24	FALSE
cfDNA_patient_27_diagnosis	PBL_patient_7_diagnosis	0.500741138738107	45	25	FALSE
cfDNA_patient_27_diagnosis	PBL_patient_8_diagnosis	0.310395286206691	45	26	FALSE
cfDNA_patient_27_diagnosis	PBL_patient_9_diagnosis	0.276989355691251	45	27	FALSE
cfDNA_patient_27_diagnosis	PBL_patient_10_diagnosis	0.40638684909256	45	28	FALSE
cfDNA_patient_27_diagnosis	PBL_patient_11_diagnosis	0.471157833174648	45	29	FALSE
cfDNA_patient_27_diagnosis	PBL_patient_12_diagnosis	0.470153800744196	45	30	FALSE
cfDNA_patient_27_diagnosis	PBL_patient_13_diagnosis	0.530275588553028	45	31	FALSE
cfDNA_patient_27_diagnosis	PBL_patient_14_diagnosis	0.494851170614887	45	32	FALSE
cfDNA_patient_27_diagnosis	PBL_patient_15_diagnosis	0.479774566349665	45	33	FALSE
cfDNA_patient_27_diagnosis	PBL_patient_16_diagnosis	0.487105826934069	45	34	FALSE
cfDNA_patient_27_diagnosis	PBL_patient_17_diagnosis	0.496937528254754	45	35	FALSE
cfDNA_patient_27_diagnosis	PBL_patient_18_diagnosis	0.506624852154058	45	36	FALSE
cfDNA_patient_27_diagnosis	PBL_patient_19_diagnosis	0.503830825064122	45	37	FALSE
cfDNA_patient_27_diagnosis	PBL_patient_20_diagnosis	0.47232505890831	45	38	FALSE
cfDNA_patient_27_diagnosis	PBL_patient_21_diagnosis	0.527668685771434	45	39	FALSE
cfDNA_patient_27_diagnosis	PBL_patient_22_diagnosis	0.489017002886829	45	40	FALSE
cfDNA_patient_27_diagnosis	PBL_patient_23_diagnosis	0.500759701633328	45	41	FALSE
cfDNA_patient_27_diagnosis	PBL_patient_24_diagnosis	0.492906105930915	45	42	FALSE
cfDNA_patient_27_diagnosis	PBL_patient_25_diagnosis	0.499367297422477	45	43	FALSE
cfDNA_patient_27_diagnosis	PBL_patient_26_diagnosis	0.454082509857467	45	44	FALSE
cfDNA_patient_27_diagnosis	PBL_patient_27_diagnosis	0.827630200834356	45	45	TRUE
cfDNA_patient_27_diagnosis	PBL_patient_28_diagnosis	0.48438688230426	45	46	FALSE
cfDNA_patient_27_diagnosis	PBL_patient_29_diagnosis	0.537758350154226	45	47	FALSE
cfDNA_patient_27_diagnosis	PBL_patient_30_diagnosis	0.488416692797524	45	48	FALSE
cfDNA_patient_28_diagnosis	PBL_control_1	0.515958364490188	46	1	FALSE
cfDNA_patient_28_diagnosis	PBL_control_2	0.386034765230014	46	2	FALSE
cfDNA_patient_28_diagnosis	PBL_control_3	0.472517296924059	46	3	FALSE
cfDNA_patient_28_diagnosis	PBL_control_4	0.443473231921065	46	4	FALSE
cfDNA_patient_28_diagnosis	PBL_control_5	0.484772013052124	46	5	FALSE
cfDNA_patient_28_diagnosis	PBL_control_6	0.503657273893269	46	6	FALSE
cfDNA_patient_28_diagnosis	PBL_control_7	0.444933078924667	46	7	FALSE
cfDNA_patient_28_diagnosis	PBL_control_8	0.412291913831542	46	8	FALSE
cfDNA_patient_28_diagnosis	PBL_control_9	0.526561000197571	46	9	FALSE
cfDNA_patient_28_diagnosis	PBL_control_10	0.457421857928882	46	10	FALSE
cfDNA_patient_28_diagnosis	PBL_control_11	0.515490892108442	46	11	FALSE
cfDNA_patient_28_diagnosis	PBL_control_12	0.485740344453645	46	12	FALSE
cfDNA_patient_28_diagnosis	PBL_control_13	0.474065164951058	46	13	FALSE
cfDNA_patient_28_diagnosis	PBL_control_14	0.51704528147923	46	14	FALSE
cfDNA_patient_28_diagnosis	PBL_control_15	0.487514415472966	46	15	FALSE
cfDNA_patient_28_diagnosis	PBL_control_16	0.490641127039457	46	16	FALSE
cfDNA_patient_28_diagnosis	PBL_control_17	0.433904586343482	46	17	FALSE
cfDNA_patient_28_diagnosis	PBL_control_18	0.513443403577129	46	18	FALSE
cfDNA_patient_28_diagnosis	PBL_control_19	0.5339338410576	46	19	FALSE
cfDNA_patient_28_diagnosis	PBL_patient_1_diagnosis	0.256167909098028	46	20	FALSE
cfDNA_patient_28_diagnosis	PBL_patient_2_diagnosis	0.232030175537477	46	21	FALSE
cfDNA_patient_28_diagnosis	PBL_patient_4_diagnosis	0.251979726266961	46	22	FALSE
cfDNA_patient_28_diagnosis	PBL_patient_5_diagnosis	0.426264830672646	46	23	FALSE
cfDNA_patient_28_diagnosis	PBL_patient_6_diagnosis	0.469469378425703	46	24	FALSE
cfDNA_patient_28_diagnosis	PBL_patient_7_diagnosis	0.473726577338441	46	25	FALSE
cfDNA_patient_28_diagnosis	PBL_patient_8_diagnosis	0.280459268891242	46	26	FALSE
cfDNA_patient_28_diagnosis	PBL_patient_9_diagnosis	0.269310412246605	46	27	FALSE
cfDNA_patient_28_diagnosis	PBL_patient_10_diagnosis	0.383981086722462	46	28	FALSE
cfDNA_patient_28_diagnosis	PBL_patient_11_diagnosis	0.486713949500876	46	29	FALSE
cfDNA_patient_28_diagnosis	PBL_patient_12_diagnosis	0.47869335341903	46	30	FALSE
cfDNA_patient_28_diagnosis	PBL_patient_13_diagnosis	0.523061108089237	46	31	FALSE
cfDNA_patient_28_diagnosis	PBL_patient_14_diagnosis	0.492929992305608	46	32	FALSE
cfDNA_patient_28_diagnosis	PBL_patient_15_diagnosis	0.466922663385084	46	33	FALSE
cfDNA_patient_28_diagnosis	PBL_patient_16_diagnosis	0.488425644702194	46	34	FALSE
cfDNA_patient_28_diagnosis	PBL_patient_17_diagnosis	0.525315694607303	46	35	FALSE
cfDNA_patient_28_diagnosis	PBL_patient_18_diagnosis	0.521293919309813	46	36	FALSE
cfDNA_patient_28_diagnosis	PBL_patient_19_diagnosis	0.507540943955866	46	37	FALSE
cfDNA_patient_28_diagnosis	PBL_patient_20_diagnosis	0.477113909083223	46	38	FALSE
cfDNA_patient_28_diagnosis	PBL_patient_21_diagnosis	0.471357667098562	46	39	FALSE
cfDNA_patient_28_diagnosis	PBL_patient_22_diagnosis	0.452140453918953	46	40	FALSE
cfDNA_patient_28_diagnosis	PBL_patient_23_diagnosis	0.484578828799803	46	41	FALSE
cfDNA_patient_28_diagnosis	PBL_patient_24_diagnosis	0.491266626543943	46	42	FALSE
cfDNA_patient_28_diagnosis	PBL_patient_25_diagnosis	0.514717010593957	46	43	FALSE
cfDNA_patient_28_diagnosis	PBL_patient_26_diagnosis	0.429700814647601	46	44	FALSE
cfDNA_patient_28_diagnosis	PBL_patient_27_diagnosis	0.512031617123183	46	45	FALSE
cfDNA_patient_28_diagnosis	PBL_patient_28_diagnosis	0.746498341806393	46	46	TRUE
cfDNA_patient_28_diagnosis	PBL_patient_29_diagnosis	0.511225836685331	46	47	FALSE
cfDNA_patient_28_diagnosis	PBL_patient_30_diagnosis	0.462740244412794	46	48	FALSE
cfDNA_patient_29_diagnosis	PBL_control_1	0.510967158985669	47	1	FALSE
cfDNA_patient_29_diagnosis	PBL_control_2	0.414816987240781	47	2	FALSE
cfDNA_patient_29_diagnosis	PBL_control_3	0.485446939052171	47	3	FALSE
cfDNA_patient_29_diagnosis	PBL_control_4	0.446454531453638	47	4	FALSE
cfDNA_patient_29_diagnosis	PBL_control_5	0.484248593985034	47	5	FALSE
cfDNA_patient_29_diagnosis	PBL_control_6	0.518550029806641	47	6	FALSE
cfDNA_patient_29_diagnosis	PBL_control_7	0.430727639724736	47	7	FALSE
cfDNA_patient_29_diagnosis	PBL_control_8	0.465233336582151	47	8	FALSE
cfDNA_patient_29_diagnosis	PBL_control_9	0.523558049317925	47	9	FALSE
cfDNA_patient_29_diagnosis	PBL_control_10	0.487252740621716	47	10	FALSE
cfDNA_patient_29_diagnosis	PBL_control_11	0.495295838025228	47	11	FALSE
cfDNA_patient_29_diagnosis	PBL_control_12	0.507368382882522	47	12	FALSE
cfDNA_patient_29_diagnosis	PBL_control_13	0.48773294846201	47	13	FALSE
cfDNA_patient_29_diagnosis	PBL_control_14	0.509255870054154	47	14	FALSE
cfDNA_patient_29_diagnosis	PBL_control_15	0.495604334728097	47	15	FALSE
cfDNA_patient_29_diagnosis	PBL_control_16	0.488031243857141	47	16	FALSE
cfDNA_patient_29_diagnosis	PBL_control_17	0.461610587188494	47	17	FALSE
cfDNA_patient_29_diagnosis	PBL_control_18	0.550251725277559	47	18	FALSE
cfDNA_patient_29_diagnosis	PBL_control_19	0.518184813100633	47	19	FALSE
cfDNA_patient_29_diagnosis	PBL_patient_1_diagnosis	0.250593221590032	47	20	FALSE
cfDNA_patient_29_diagnosis	PBL_patient_2_diagnosis	0.229833904889655	47	21	FALSE
cfDNA_patient_29_diagnosis	PBL_patient_4_diagnosis	0.267820784875486	47	22	FALSE
cfDNA_patient_29_diagnosis	PBL_patient_5_diagnosis	0.437421647749626	47	23	FALSE
cfDNA_patient_29_diagnosis	PBL_patient_6_diagnosis	0.504746737995419	47	24	FALSE
cfDNA_patient_29_diagnosis	PBL_patient_7_diagnosis	0.496959516553839	47	25	FALSE
cfDNA_patient_29_diagnosis	PBL_patient_8_diagnosis	0.282143198605199	47	26	FALSE
cfDNA_patient_29_diagnosis	PBL_patient_9_diagnosis	0.275230471062513	47	27	FALSE
cfDNA_patient_29_diagnosis	PBL_patient_10_diagnosis	0.379352998371438	47	28	FALSE
cfDNA_patient_29_diagnosis	PBL_patient_11_diagnosis	0.484428923139176	47	29	FALSE
cfDNA_patient_29_diagnosis	PBL_patient_12_diagnosis	0.481933802613922	47	30	FALSE
cfDNA_patient_29_diagnosis	PBL_patient_13_diagnosis	0.522344895609095	47	31	FALSE
cfDNA_patient_29_diagnosis	PBL_patient_14_diagnosis	0.504820147129886	47	32	FALSE
cfDNA_patient_29_diagnosis	PBL_patient_15_diagnosis	0.448267733589209	47	33	FALSE
cfDNA_patient_29_diagnosis	PBL_patient_16_diagnosis	0.494562612895613	47	34	FALSE
cfDNA_patient_29_diagnosis	PBL_patient_17_diagnosis	0.489280927912121	47	35	FALSE
cfDNA_patient_29_diagnosis	PBL_patient_18_diagnosis	0.494621380348657	47	36	FALSE
cfDNA_patient_29_diagnosis	PBL_patient_19_diagnosis	0.514445132394584	47	37	FALSE
cfDNA_patient_29_diagnosis	PBL_patient_20_diagnosis	0.45691522586638	47	38	FALSE
cfDNA_patient_29_diagnosis	PBL_patient_21_diagnosis	0.503693679862186	47	39	FALSE
cfDNA_patient_29_diagnosis	PBL_patient_22_diagnosis	0.447476712163316	47	40	FALSE
cfDNA_patient_29_diagnosis	PBL_patient_23_diagnosis	0.488364827338842	47	41	FALSE
cfDNA_patient_29_diagnosis	PBL_patient_24_diagnosis	0.500899092087451	47	42	FALSE
cfDNA_patient_29_diagnosis	PBL_patient_25_diagnosis	0.481481599206963	47	43	FALSE
cfDNA_patient_29_diagnosis	PBL_patient_26_diagnosis	0.452660200332372	47	44	FALSE
cfDNA_patient_29_diagnosis	PBL_patient_27_diagnosis	0.545395598436018	47	45	FALSE
cfDNA_patient_29_diagnosis	PBL_patient_28_diagnosis	0.476398565288402	47	46	FALSE
cfDNA_patient_29_diagnosis	PBL_patient_29_diagnosis	0.759907698851939	47	47	TRUE
cfDNA_patient_29_diagnosis	PBL_patient_30_diagnosis	0.483581808142965	47	48	FALSE
cfDNA_patient_30_diagnosis	PBL_control_1	0.546985467355839	48	1	FALSE
cfDNA_patient_30_diagnosis	PBL_control_2	0.420113476740731	48	2	FALSE
cfDNA_patient_30_diagnosis	PBL_control_3	0.501831484277138	48	3	FALSE
cfDNA_patient_30_diagnosis	PBL_control_4	0.470713081818455	48	4	FALSE
cfDNA_patient_30_diagnosis	PBL_control_5	0.519074464182418	48	5	FALSE
cfDNA_patient_30_diagnosis	PBL_control_6	0.483314444500248	48	6	FALSE
cfDNA_patient_30_diagnosis	PBL_control_7	0.472877952282276	48	7	FALSE
cfDNA_patient_30_diagnosis	PBL_control_8	0.480410215886788	48	8	FALSE
cfDNA_patient_30_diagnosis	PBL_control_9	0.507399698807079	48	9	FALSE
cfDNA_patient_30_diagnosis	PBL_control_10	0.50378710638079	48	10	FALSE
cfDNA_patient_30_diagnosis	PBL_control_11	0.495908767059541	48	11	FALSE
cfDNA_patient_30_diagnosis	PBL_control_12	0.498782227635567	48	12	FALSE
cfDNA_patient_30_diagnosis	PBL_control_13	0.501694870569902	48	13	FALSE
cfDNA_patient_30_diagnosis	PBL_control_14	0.511960359416016	48	14	FALSE
cfDNA_patient_30_diagnosis	PBL_control_15	0.489355984606176	48	15	FALSE
cfDNA_patient_30_diagnosis	PBL_control_16	0.479488791883375	48	16	FALSE
cfDNA_patient_30_diagnosis	PBL_control_17	0.445724231737761	48	17	FALSE
cfDNA_patient_30_diagnosis	PBL_control_18	0.535735808090863	48	18	FALSE
cfDNA_patient_30_diagnosis	PBL_control_19	0.491270794398	48	19	FALSE
cfDNA_patient_30_diagnosis	PBL_patient_1_diagnosis	0.312194837815965	48	20	FALSE
cfDNA_patient_30_diagnosis	PBL_patient_2_diagnosis	0.342000374844773	48	21	FALSE
cfDNA_patient_30_diagnosis	PBL_patient_4_diagnosis	0.338239830396918	48	22	FALSE
cfDNA_patient_30_diagnosis	PBL_patient_5_diagnosis	0.471136319436394	48	23	FALSE
cfDNA_patient_30_diagnosis	PBL_patient_6_diagnosis	0.506342966969036	48	24	FALSE
cfDNA_patient_30_diagnosis	PBL_patient_7_diagnosis	0.510511712588787	48	25	FALSE
cfDNA_patient_30_diagnosis	PBL_patient_8_diagnosis	0.347437747855674	48	26	FALSE
cfDNA_patient_30_diagnosis	PBL_patient_9_diagnosis	0.320305397189126	48	27	FALSE
cfDNA_patient_30_diagnosis	PBL_patient_10_diagnosis	0.412733990064408	48	28	FALSE
cfDNA_patient_30_diagnosis	PBL_patient_11_diagnosis	0.503737619058957	48	29	FALSE
cfDNA_patient_30_diagnosis	PBL_patient_12_diagnosis	0.499022367664876	48	30	FALSE
cfDNA_patient_30_diagnosis	PBL_patient_13_diagnosis	0.493411261681059	48	31	FALSE
cfDNA_patient_30_diagnosis	PBL_patient_14_diagnosis	0.546083074803656	48	32	FALSE
cfDNA_patient_30_diagnosis	PBL_patient_15_diagnosis	0.490066769864054	48	33	FALSE
cfDNA_patient_30_diagnosis	PBL_patient_16_diagnosis	0.522747770922777	48	34	FALSE
cfDNA_patient_30_diagnosis	PBL_patient_17_diagnosis	0.489880220311667	48	35	FALSE
cfDNA_patient_30_diagnosis	PBL_patient_18_diagnosis	0.513302590114474	48	36	FALSE
cfDNA_patient_30_diagnosis	PBL_patient_19_diagnosis	0.510200073160099	48	37	FALSE
cfDNA_patient_30_diagnosis	PBL_patient_20_diagnosis	0.518103111793873	48	38	FALSE
cfDNA_patient_30_diagnosis	PBL_patient_21_diagnosis	0.512432074604289	48	39	FALSE
cfDNA_patient_30_diagnosis	PBL_patient_22_diagnosis	0.498394116826253	48	40	FALSE
cfDNA_patient_30_diagnosis	PBL_patient_23_diagnosis	0.508196342614768	48	41	FALSE
cfDNA_patient_30_diagnosis	PBL_patient_24_diagnosis	0.527638922620585	48	42	FALSE
cfDNA_patient_30_diagnosis	PBL_patient_25_diagnosis	0.470785909144704	48	43	FALSE
cfDNA_patient_30_diagnosis	PBL_patient_26_diagnosis	0.469401577581045	48	44	FALSE
cfDNA_patient_30_diagnosis	PBL_patient_27_diagnosis	0.519940769021271	48	45	FALSE
cfDNA_patient_30_diagnosis	PBL_patient_28_diagnosis	0.467842812817268	48	46	FALSE
cfDNA_patient_30_diagnosis	PBL_patient_29_diagnosis	0.513083827965405	48	47	FALSE
cfDNA_patient_30_diagnosis	PBL_patient_30_diagnosis	0.765541144228634	48	48	TRUE
