geo_accession	title	subject_proxy	assay_inferred	characteristics	sra_accession	bed_url	relation
GSM7787759	Ac_mPC15_3R	Ac_mPC15_3R	ChIP	cell type: Prostate; chip antibody: H3K27ac		ftp://ftp.ncbi.nlm.nih.gov/geo/samples/GSM7787nnn/GSM7787759/suppl/GSM7787759_Ac_mPC15_3R.bed.gz	
GSM7787760	Ac_mPC15_all	Ac_mPC15_all	ChIP	cell type: Prostate; chip antibody: H3K27ac		ftp://ftp.ncbi.nlm.nih.gov/geo/samples/GSM7787nnn/GSM7787760/suppl/GSM7787760_Ac_mPC15_all.bed.gz	
GSM7787761	Ac_mPC16_1R	Ac_mPC16_1R	ChIP	cell type: Prostate; chip antibody: H3K27ac		ftp://ftp.ncbi.nlm.nih.gov/geo/samples/GSM7787nnn/GSM7787761/suppl/GSM7787761_Ac_mPC16_1R.bed.gz	
GSM7787762	Ac_mPC17_3R	Ac_mPC17_3R	ChIP	cell type: Prostate; chip antibody: H3K27ac		ftp://ftp.ncbi.nlm.nih.gov/geo/samples/GSM7787nnn/GSM7787762/suppl/GSM7787762_Ac_mPC17_3R.bed.gz	
GSM7787763	Ac_mPC17_all	Ac_mPC17_all	ChIP	cell type: Prostate; chip antibody: H3K27ac		ftp://ftp.ncbi.nlm.nih.gov/geo/samples/GSM7787nnn/GSM7787763/suppl/GSM7787763_Ac_mPC17_all.bed.gz	
GSM7787764	Ac_mPC18_1R	Ac_mPC18_1R	ChIP	cell type: Prostate; chip antibody: H3K27ac		ftp://ftp.ncbi.nlm.nih.gov/geo/samples/GSM7787nnn/GSM7787764/suppl/GSM7787764_Ac_mPC18_1R.bed.gz	
GSM7787765	Ac_mPC18_3R	Ac_mPC18_3R	ChIP	cell type: Prostate; chip antibody: H3K27ac		ftp://ftp.ncbi.nlm.nih.gov/geo/samples/GSM7787nnn/GSM7787765/suppl/GSM7787765_Ac_mPC18_3R.bed.gz	
GSM7787766	Ac_mPC18_all	Ac_mPC18_all	ChIP	cell type: Prostate; chip antibody: H3K27ac		ftp://ftp.ncbi.nlm.nih.gov/geo/samples/GSM7787nnn/GSM7787766/suppl/GSM7787766_Ac_mPC18_all.bed.gz	
GSM7787767	advPC_13_JS8585_S72	advPC_13_JS8585_S72	ChIP	cell type: Prostate; chip antibody: H3K4me3		ftp://ftp.ncbi.nlm.nih.gov/geo/samples/GSM7787nnn/GSM7787767/suppl/GSM7787767_advPC_13_JS8585_S72.bed.gz	
GSM7787768	advPC_17_JS8585_S73	advPC_17_JS8585_S73	ChIP	cell type: Prostate; chip antibody: H3K4me3		ftp://ftp.ncbi.nlm.nih.gov/geo/samples/GSM7787nnn/GSM7787768/suppl/GSM7787768_advPC_17_JS8585_S73.bed.gz	
GSM7787769	advPC_18_JS8584_S123	advPC_18_JS8584_S123	ChIP	cell type: Prostate; chip antibody: H3K4me3		ftp://ftp.ncbi.nlm.nih.gov/geo/samples/GSM7787nnn/GSM7787769/suppl/GSM7787769_advPC_18_JS8584_S123.bed.gz	
GSM7787770	advPC_18_JS8585_S96	advPC_18_JS8585_S96	ChIP	cell type: Prostate; chip antibody: H3K4me3		ftp://ftp.ncbi.nlm.nih.gov/geo/samples/GSM7787nnn/GSM7787770/suppl/GSM7787770_advPC_18_JS8585_S96.bed.gz	
GSM7787771	advPC_20_JS8584_S124	advPC_20_JS8584_S124	ChIP	cell type: Prostate; chip antibody: H3K4me3		ftp://ftp.ncbi.nlm.nih.gov/geo/samples/GSM7787nnn/GSM7787771/suppl/GSM7787771_advPC_20_JS8584_S124.bed.gz	
GSM7787772	advPC_21_JS8585_S75	advPC_21_JS8585_S75	ChIP	cell type: Prostate; chip antibody: H3K4me3		ftp://ftp.ncbi.nlm.nih.gov/geo/samples/GSM7787nnn/GSM7787772/suppl/GSM7787772_advPC_21_JS8585_S75.bed.gz	
GSM7787773	advPC_3_JS8584_S121	advPC_3_JS8584_S121	ChIP	cell type: Prostate; chip antibody: H3K4me3		ftp://ftp.ncbi.nlm.nih.gov/geo/samples/GSM7787nnn/GSM7787773/suppl/GSM7787773_advPC_3_JS8584_S121.bed.gz	
GSM7787774	advPC_3_JS8585_S94	advPC_3_JS8585_S94	ChIP	cell type: Prostate; chip antibody: H3K4me3		ftp://ftp.ncbi.nlm.nih.gov/geo/samples/GSM7787nnn/GSM7787774/suppl/GSM7787774_advPC_3_JS8585_S94.bed.gz	
GSM7787775	advPC_9_JS8585_S71	advPC_9_JS8585_S71	ChIP	cell type: Prostate; chip antibody: H3K4me3		ftp://ftp.ncbi.nlm.nih.gov/geo/samples/GSM7787nnn/GSM7787775/suppl/GSM7787775_advPC_9_JS8585_S71.bed.gz	
GSM7787776	advPC18	advPC18	ChIP	cell type: Prostate; chip antibody: H3K4me3		ftp://ftp.ncbi.nlm.nih.gov/geo/samples/GSM7787nnn/GSM7787776/suppl/GSM7787776_advPC18.bed.gz	
GSM7787777	advPC20	advPC20	ChIP	cell type: Prostate; chip antibody: H3K4me3		ftp://ftp.ncbi.nlm.nih.gov/geo/samples/GSM7787nnn/GSM7787777/suppl/GSM7787777_advPC20.bed.gz	
GSM7787778	advPC3	advPC3	ChIP	cell type: Prostate; chip antibody: H3K4me3		ftp://ftp.ncbi.nlm.nih.gov/geo/samples/GSM7787nnn/GSM7787778/suppl/GSM7787778_advPC3.bed.gz	
GSM7787779	advPC8	advPC8	ChIP	cell type: Prostate; chip antibody: H3K4me3		ftp://ftp.ncbi.nlm.nih.gov/geo/samples/GSM7787nnn/GSM7787779/suppl/GSM7787779_advPC8.bed.gz	
GSM7787780	BC287K27R1	BC287K27R1	ChIP	cell type: Breast; chip antibody: H3K27ac		ftp://ftp.ncbi.nlm.nih.gov/geo/samples/GSM7787nnn/GSM7787780/suppl/GSM7787780_BC287K27R1.bed.gz	
GSM7787781	BC287K4R1	BC287K4R1	ChIP	cell type: Breast; chip antibody: H3K4me3		ftp://ftp.ncbi.nlm.nih.gov/geo/samples/GSM7787nnn/GSM7787781/suppl/GSM7787781_BC287K4R1.bed.gz	
GSM7787782	BC287K4R2	BC287K4R2	ChIP	cell type: Breast; chip antibody: H3K4me3		ftp://ftp.ncbi.nlm.nih.gov/geo/samples/GSM7787nnn/GSM7787782/suppl/GSM7787782_BC287K4R2.bed.gz	
GSM7787783	BC287PanAR2	BC287PanAR2	ChIP	cell type: Breast; chip antibody: PanH3ac		ftp://ftp.ncbi.nlm.nih.gov/geo/samples/GSM7787nnn/GSM7787783/suppl/GSM7787783_BC287PanAR2.bed.gz	
GSM7787784	BC320K27R1	BC320K27R1	ChIP	cell type: Breast; chip antibody: H3K27ac		ftp://ftp.ncbi.nlm.nih.gov/geo/samples/GSM7787nnn/GSM7787784/suppl/GSM7787784_BC320K27R1.bed.gz	
GSM7787785	BC320K4R1	BC320K4R1	ChIP	cell type: Breast; chip antibody: H3K4me3		ftp://ftp.ncbi.nlm.nih.gov/geo/samples/GSM7787nnn/GSM7787785/suppl/GSM7787785_BC320K4R1.bed.gz	
GSM7787786	BC320K4R2	BC320K4R2	ChIP	cell type: Breast; chip antibody: H3K4me3		ftp://ftp.ncbi.nlm.nih.gov/geo/samples/GSM7787nnn/GSM7787786/suppl/GSM7787786_BC320K4R2.bed.gz	
GSM7787787	BC320PanAR2	BC320PanAR2	ChIP	cell type: Breast; chip antibody: PanH3ac		ftp://ftp.ncbi.nlm.nih.gov/geo/samples/GSM7787nnn/GSM7787787/suppl/GSM7787787_BC320PanAR2.bed.gz	
GSM7787788	BC39103K27R1	BC39103K27R1	ChIP	cell type: Breast; chip antibody: H3K27ac		ftp://ftp.ncbi.nlm.nih.gov/geo/samples/GSM7787nnn/GSM7787788/suppl/GSM7787788_BC39103K27R1.bed.gz	
GSM7787789	BC39103K4R1	BC39103K4R1	ChIP	cell type: Breast; chip antibody: H3K4me3		ftp://ftp.ncbi.nlm.nih.gov/geo/samples/GSM7787nnn/GSM7787789/suppl/GSM7787789_BC39103K4R1.bed.gz	
GSM7787790	BC39103K4R2	BC39103K4R2	ChIP	cell type: Breast; chip antibody: H3K4me3		ftp://ftp.ncbi.nlm.nih.gov/geo/samples/GSM7787nnn/GSM7787790/suppl/GSM7787790_BC39103K4R2.bed.gz	
GSM7787791	BC39103PanAR2	BC39103PanAR2	ChIP	cell type: Breast; chip antibody: PanH3ac		ftp://ftp.ncbi.nlm.nih.gov/geo/samples/GSM7787nnn/GSM7787791/suppl/GSM7787791_BC39103PanAR2.bed.gz	
GSM7787792	BC40033K27R1	BC40033K27R1	ChIP	cell type: Breast; chip antibody: H3K27ac		ftp://ftp.ncbi.nlm.nih.gov/geo/samples/GSM7787nnn/GSM7787792/suppl/GSM7787792_BC40033K27R1.bed.gz	
GSM7787793	BC40033K4R1	BC40033K4R1	ChIP	cell type: Breast; chip antibody: H3K4me3		ftp://ftp.ncbi.nlm.nih.gov/geo/samples/GSM7787nnn/GSM7787793/suppl/GSM7787793_BC40033K4R1.bed.gz	
GSM7787794	BC40033K4R2	BC40033K4R2	ChIP	cell type: Breast; chip antibody: H3K4me3		ftp://ftp.ncbi.nlm.nih.gov/geo/samples/GSM7787nnn/GSM7787794/suppl/GSM7787794_BC40033K4R2.bed.gz	
GSM7787795	BC40033PanAR2	BC40033PanAR2	ChIP	cell type: Breast; chip antibody: PanH3ac		ftp://ftp.ncbi.nlm.nih.gov/geo/samples/GSM7787nnn/GSM7787795/suppl/GSM7787795_BC40033PanAR2.bed.gz	
GSM7787796	BC40088K27R1	BC40088K27R1	ChIP	cell type: Breast; chip antibody: H3K27ac		ftp://ftp.ncbi.nlm.nih.gov/geo/samples/GSM7787nnn/GSM7787796/suppl/GSM7787796_BC40088K27R1.bed.gz	
GSM7787797	BC40088K4R1	BC40088K4R1	ChIP	cell type: Breast; chip antibody: H3K4me3		ftp://ftp.ncbi.nlm.nih.gov/geo/samples/GSM7787nnn/GSM7787797/suppl/GSM7787797_BC40088K4R1.bed.gz	
GSM7787798	BC40088K4R2	BC40088K4R2	ChIP	cell type: Breast; chip antibody: H3K4me3		ftp://ftp.ncbi.nlm.nih.gov/geo/samples/GSM7787nnn/GSM7787798/suppl/GSM7787798_BC40088K4R2.bed.gz	
GSM7787799	BC40088PanAR2	BC40088PanAR2	ChIP	cell type: Breast; chip antibody: PanH3ac		ftp://ftp.ncbi.nlm.nih.gov/geo/samples/GSM7787nnn/GSM7787799/suppl/GSM7787799_BC40088PanAR2.bed.gz	
GSM7787800	BC40225K27R1	BC40225K27R1	ChIP	cell type: Breast; chip antibody: H3K27ac		ftp://ftp.ncbi.nlm.nih.gov/geo/samples/GSM7787nnn/GSM7787800/suppl/GSM7787800_BC40225K27R1.bed.gz	
GSM7787801	BC40225K4R1	BC40225K4R1	ChIP	cell type: Breast; chip antibody: H3K4me3		ftp://ftp.ncbi.nlm.nih.gov/geo/samples/GSM7787nnn/GSM7787801/suppl/GSM7787801_BC40225K4R1.bed.gz	
GSM7787802	BC40225K4R2	BC40225K4R2	ChIP	cell type: Breast; chip antibody: H3K4me3		ftp://ftp.ncbi.nlm.nih.gov/geo/samples/GSM7787nnn/GSM7787802/suppl/GSM7787802_BC40225K4R2.bed.gz	
GSM7787803	BC40225PanAR2	BC40225PanAR2	ChIP	cell type: Breast; chip antibody: PanH3ac		ftp://ftp.ncbi.nlm.nih.gov/geo/samples/GSM7787nnn/GSM7787803/suppl/GSM7787803_BC40225PanAR2.bed.gz	
GSM7787804	BC40541K27R1	BC40541K27R1	ChIP	cell type: Breast; chip antibody: H3K27ac		ftp://ftp.ncbi.nlm.nih.gov/geo/samples/GSM7787nnn/GSM7787804/suppl/GSM7787804_BC40541K27R1.bed.gz	
GSM7787805	BC40541K4R1	BC40541K4R1	ChIP	cell type: Breast; chip antibody: H3K4me3		ftp://ftp.ncbi.nlm.nih.gov/geo/samples/GSM7787nnn/GSM7787805/suppl/GSM7787805_BC40541K4R1.bed.gz	
GSM7787806	BC40541K4R2	BC40541K4R2	ChIP	cell type: Breast; chip antibody: H3K4me3		ftp://ftp.ncbi.nlm.nih.gov/geo/samples/GSM7787nnn/GSM7787806/suppl/GSM7787806_BC40541K4R2.bed.gz	
GSM7787807	BC40541PanAR2	BC40541PanAR2	ChIP	cell type: Breast; chip antibody: PanH3ac		ftp://ftp.ncbi.nlm.nih.gov/geo/samples/GSM7787nnn/GSM7787807/suppl/GSM7787807_BC40541PanAR2.bed.gz	
GSM7787808	BC509K27R1	BC509K27R1	ChIP	cell type: Breast; chip antibody: H3K27ac		ftp://ftp.ncbi.nlm.nih.gov/geo/samples/GSM7787nnn/GSM7787808/suppl/GSM7787808_BC509K27R1.bed.gz	
GSM7787809	BC509K4R1	BC509K4R1	ChIP	cell type: Breast; chip antibody: H3K4me3		ftp://ftp.ncbi.nlm.nih.gov/geo/samples/GSM7787nnn/GSM7787809/suppl/GSM7787809_BC509K4R1.bed.gz	
GSM7787810	BC509K4R2	BC509K4R2	ChIP	cell type: Breast; chip antibody: H3K4me3		ftp://ftp.ncbi.nlm.nih.gov/geo/samples/GSM7787nnn/GSM7787810/suppl/GSM7787810_BC509K4R2.bed.gz	
GSM7787811	BC509PanAR2	BC509PanAR2	ChIP	cell type: Breast; chip antibody: PanH3ac		ftp://ftp.ncbi.nlm.nih.gov/geo/samples/GSM7787nnn/GSM7787811/suppl/GSM7787811_BC509PanAR2.bed.gz	
GSM7787812	BC548K27R1	BC548K27R1	ChIP	cell type: Breast; chip antibody: H3K27ac		ftp://ftp.ncbi.nlm.nih.gov/geo/samples/GSM7787nnn/GSM7787812/suppl/GSM7787812_BC548K27R1.bed.gz	
GSM7787813	BC548K4R1	BC548K4R1	ChIP	cell type: Breast; chip antibody: H3K4me3		ftp://ftp.ncbi.nlm.nih.gov/geo/samples/GSM7787nnn/GSM7787813/suppl/GSM7787813_BC548K4R1.bed.gz	
GSM7787814	BC548K4R2	BC548K4R2	ChIP	cell type: Breast; chip antibody: H3K4me3		ftp://ftp.ncbi.nlm.nih.gov/geo/samples/GSM7787nnn/GSM7787814/suppl/GSM7787814_BC548K4R2.bed.gz	
GSM7787815	BC548PanAR2	BC548PanAR2	ChIP	cell type: Breast; chip antibody: PanH3ac		ftp://ftp.ncbi.nlm.nih.gov/geo/samples/GSM7787nnn/GSM7787815/suppl/GSM7787815_BC548PanAR2.bed.gz	
GSM7787816	BC71838950M3R2	BC71838950M3R2	ChIP	cell type: Breast; chip antibody: H3K4me3		ftp://ftp.ncbi.nlm.nih.gov/geo/samples/GSM7787nnn/GSM7787816/suppl/GSM7787816_BC71838950M3R2.bed.gz	
GSM7787817	BC71841173M3R2	BC71841173M3R2	ChIP	cell type: Breast; chip antibody: H3K4me3		ftp://ftp.ncbi.nlm.nih.gov/geo/samples/GSM7787nnn/GSM7787817/suppl/GSM7787817_BC71841173M3R2.bed.gz	
GSM7787818	BC71843868M3R2	BC71843868M3R2	ChIP	cell type: Breast; chip antibody: H3K4me3		ftp://ftp.ncbi.nlm.nih.gov/geo/samples/GSM7787nnn/GSM7787818/suppl/GSM7787818_BC71843868M3R2.bed.gz	
GSM7787819	BC71846653AcR1	BC71846653AcR1	ChIP	cell type: Breast; chip antibody: H3K27ac		ftp://ftp.ncbi.nlm.nih.gov/geo/samples/GSM7787nnn/GSM7787819/suppl/GSM7787819_BC71846653AcR1.bed.gz	
GSM7787820	BC71846653M3R2	BC71846653M3R2	ChIP	cell type: Breast; chip antibody: H3K4me3		ftp://ftp.ncbi.nlm.nih.gov/geo/samples/GSM7787nnn/GSM7787820/suppl/GSM7787820_BC71846653M3R2.bed.gz	
GSM7787821	BC729K27R1	BC729K27R1	ChIP	cell type: Breast; chip antibody: H3K27ac		ftp://ftp.ncbi.nlm.nih.gov/geo/samples/GSM7787nnn/GSM7787821/suppl/GSM7787821_BC729K27R1.bed.gz	
GSM7787822	BC729K4R1	BC729K4R1	ChIP	cell type: Breast; chip antibody: H3K4me3		ftp://ftp.ncbi.nlm.nih.gov/geo/samples/GSM7787nnn/GSM7787822/suppl/GSM7787822_BC729K4R1.bed.gz	
GSM7787823	BC729K4R2	BC729K4R2	ChIP	cell type: Breast; chip antibody: H3K4me3		ftp://ftp.ncbi.nlm.nih.gov/geo/samples/GSM7787nnn/GSM7787823/suppl/GSM7787823_BC729K4R2.bed.gz	
GSM7787824	BC729PanAR2	BC729PanAR2	ChIP	cell type: Breast; chip antibody: PanH3ac		ftp://ftp.ncbi.nlm.nih.gov/geo/samples/GSM7787nnn/GSM7787824/suppl/GSM7787824_BC729PanAR2.bed.gz	
GSM7787825	BC73934090M3R2	BC73934090M3R2	ChIP	cell type: Breast; chip antibody: H3K4me3		ftp://ftp.ncbi.nlm.nih.gov/geo/samples/GSM7787nnn/GSM7787825/suppl/GSM7787825_BC73934090M3R2.bed.gz	
GSM7787826	BC73934348M3R2	BC73934348M3R2	ChIP	cell type: Breast; chip antibody: H3K4me3		ftp://ftp.ncbi.nlm.nih.gov/geo/samples/GSM7787nnn/GSM7787826/suppl/GSM7787826_BC73934348M3R2.bed.gz	
GSM7787827	CG0052_JS8585_S86	CG0052_JS8585_S86	ChIP	cell type: post_BMT; chip antibody: H3K4me3		ftp://ftp.ncbi.nlm.nih.gov/geo/samples/GSM7787nnn/GSM7787827/suppl/GSM7787827_CG0052_JS8585_S86.bed.gz	
GSM7787828	COL10160	COL10160	ChIP	cell type: Colorectal; chip antibody: H3K4me3		ftp://ftp.ncbi.nlm.nih.gov/geo/samples/GSM7787nnn/GSM7787828/suppl/GSM7787828_COL10160.bed.gz	
GSM7787829	COL10191	COL10191	ChIP	cell type: Colorectal; chip antibody: H3K4me3		ftp://ftp.ncbi.nlm.nih.gov/geo/samples/GSM7787nnn/GSM7787829/suppl/GSM7787829_COL10191.bed.gz	
GSM7787830	COL10194	COL10194	ChIP	cell type: Colorectal; chip antibody: H3K4me3		ftp://ftp.ncbi.nlm.nih.gov/geo/samples/GSM7787nnn/GSM7787830/suppl/GSM7787830_COL10194.bed.gz	
GSM7787831	COL10221	COL10221	ChIP	cell type: Colorectal; chip antibody: H3K4me3		ftp://ftp.ncbi.nlm.nih.gov/geo/samples/GSM7787nnn/GSM7787831/suppl/GSM7787831_COL10221.bed.gz	
GSM7787832	COL10241	COL10241	ChIP	cell type: Colorectal; chip antibody: H3K4me3		ftp://ftp.ncbi.nlm.nih.gov/geo/samples/GSM7787nnn/GSM7787832/suppl/GSM7787832_COL10241.bed.gz	
GSM7787833	COL10250	COL10250	ChIP	cell type: Colorectal; chip antibody: H3K4me3		ftp://ftp.ncbi.nlm.nih.gov/geo/samples/GSM7787nnn/GSM7787833/suppl/GSM7787833_COL10250.bed.gz	
GSM7787834	COL10279	COL10279	ChIP	cell type: Colorectal; chip antibody: H3K4me3		ftp://ftp.ncbi.nlm.nih.gov/geo/samples/GSM7787nnn/GSM7787834/suppl/GSM7787834_COL10279.bed.gz	
GSM7787835	COL10375	COL10375	ChIP	cell type: Colorectal; chip antibody: H3K4me3		ftp://ftp.ncbi.nlm.nih.gov/geo/samples/GSM7787nnn/GSM7787835/suppl/GSM7787835_COL10375.bed.gz	
GSM7787836	COL10380	COL10380	ChIP	cell type: Colorectal; chip antibody: H3K4me3		ftp://ftp.ncbi.nlm.nih.gov/geo/samples/GSM7787nnn/GSM7787836/suppl/GSM7787836_COL10380.bed.gz	
GSM7787837	COL10387	COL10387	ChIP	cell type: Colorectal; chip antibody: H3K4me3		ftp://ftp.ncbi.nlm.nih.gov/geo/samples/GSM7787nnn/GSM7787837/suppl/GSM7787837_COL10387.bed.gz	
GSM7787838	COL9517	COL9517	ChIP	cell type: Colorectal; chip antibody: H3K4me3		ftp://ftp.ncbi.nlm.nih.gov/geo/samples/GSM7787nnn/GSM7787838/suppl/GSM7787838_COL9517.bed.gz	
GSM7787839	COL9587	COL9587	ChIP	cell type: Colorectal; chip antibody: H3K4me3		ftp://ftp.ncbi.nlm.nih.gov/geo/samples/GSM7787nnn/GSM7787839/suppl/GSM7787839_COL9587.bed.gz	
GSM7787840	COL9602	COL9602	ChIP	cell type: Colorectal; chip antibody: H3K4me3		ftp://ftp.ncbi.nlm.nih.gov/geo/samples/GSM7787nnn/GSM7787840/suppl/GSM7787840_COL9602.bed.gz	
GSM7787841	COL9614	COL9614	ChIP	cell type: Colorectal; chip antibody: H3K4me3		ftp://ftp.ncbi.nlm.nih.gov/geo/samples/GSM7787nnn/GSM7787841/suppl/GSM7787841_COL9614.bed.gz	
GSM7787842	COL9629	COL9629	ChIP	cell type: Colorectal; chip antibody: H3K4me3		ftp://ftp.ncbi.nlm.nih.gov/geo/samples/GSM7787nnn/GSM7787842/suppl/GSM7787842_COL9629.bed.gz	
GSM7787843	COL9647	COL9647	ChIP	cell type: Colorectal; chip antibody: H3K4me3		ftp://ftp.ncbi.nlm.nih.gov/geo/samples/GSM7787nnn/GSM7787843/suppl/GSM7787843_COL9647.bed.gz	
GSM7787844	COL9752	COL9752	ChIP	cell type: Colorectal; chip antibody: H3K4me3		ftp://ftp.ncbi.nlm.nih.gov/geo/samples/GSM7787nnn/GSM7787844/suppl/GSM7787844_COL9752.bed.gz	
GSM7787845	COL9962	COL9962	ChIP	cell type: Colorectal; chip antibody: H3K4me3		ftp://ftp.ncbi.nlm.nih.gov/geo/samples/GSM7787nnn/GSM7787845/suppl/GSM7787845_COL9962.bed.gz	
GSM7787846	CRpr043PanR2	CRpr043PanR2	ChIP	cell type: Prostate; chip antibody: PanH3ac		ftp://ftp.ncbi.nlm.nih.gov/geo/samples/GSM7787nnn/GSM7787846/suppl/GSM7787846_CRpr043PanR2.bed.gz	
GSM7787847	CRpr257Me3R1	CRpr257Me3R1	ChIP	cell type: Prostate; chip antibody: H3K4me3		ftp://ftp.ncbi.nlm.nih.gov/geo/samples/GSM7787nnn/GSM7787847/suppl/GSM7787847_CRpr257Me3R1.bed.gz	
GSM7787848	CRpr575PanR2	CRpr575PanR2	ChIP	cell type: Prostate; chip antibody: PanH3ac		ftp://ftp.ncbi.nlm.nih.gov/geo/samples/GSM7787nnn/GSM7787848/suppl/GSM7787848_CRpr575PanR2.bed.gz	
GSM7787849	CRpr749PanR2	CRpr749PanR2	ChIP	cell type: Prostate; chip antibody: PanH3ac		ftp://ftp.ncbi.nlm.nih.gov/geo/samples/GSM7787nnn/GSM7787849/suppl/GSM7787849_CRpr749PanR2.bed.gz	
GSM7787850	CRpt070Me3R1	CRpt070Me3R1	ChIP	cell type: Prostate; chip antibody: H3K4me3		ftp://ftp.ncbi.nlm.nih.gov/geo/samples/GSM7787nnn/GSM7787850/suppl/GSM7787850_CRpt070Me3R1.bed.gz	
GSM7787851	CRpt070PanR2	CRpt070PanR2	ChIP	cell type: Prostate; chip antibody: PanH3ac		ftp://ftp.ncbi.nlm.nih.gov/geo/samples/GSM7787nnn/GSM7787851/suppl/GSM7787851_CRpt070PanR2.bed.gz	
GSM7787852	CRpt257bPanR2	CRpt257bPanR2	ChIP	cell type: Prostate; chip antibody: PanH3ac		ftp://ftp.ncbi.nlm.nih.gov/geo/samples/GSM7787nnn/GSM7787852/suppl/GSM7787852_CRpt257bPanR2.bed.gz	
GSM7787853	CRpt257Me3R1	CRpt257Me3R1	ChIP	cell type: Prostate; chip antibody: H3K4me3		ftp://ftp.ncbi.nlm.nih.gov/geo/samples/GSM7787nnn/GSM7787853/suppl/GSM7787853_CRpt257Me3R1.bed.gz	
GSM7787854	CRpt257PanR2	CRpt257PanR2	ChIP	cell type: Prostate; chip antibody: PanH3ac		ftp://ftp.ncbi.nlm.nih.gov/geo/samples/GSM7787nnn/GSM7787854/suppl/GSM7787854_CRpt257PanR2.bed.gz	
GSM7787855	D196K27R1	D196K27R1	ChIP	cell type: NSCLC; chip antibody: H3K27ac		ftp://ftp.ncbi.nlm.nih.gov/geo/samples/GSM7787nnn/GSM7787855/suppl/GSM7787855_D196K27R1.bed.gz	
GSM7787856	D365K27R1	D365K27R1	ChIP	cell type: NSCLC; chip antibody: H3K27ac		ftp://ftp.ncbi.nlm.nih.gov/geo/samples/GSM7787nnn/GSM7787856/suppl/GSM7787856_D365K27R1.bed.gz	
GSM7787857	D455K27R1	D455K27R1	ChIP	cell type: SCLC; chip antibody: H3K27ac		ftp://ftp.ncbi.nlm.nih.gov/geo/samples/GSM7787nnn/GSM7787857/suppl/GSM7787857_D455K27R1.bed.gz	
GSM7787858	D756K27R1	D756K27R1	ChIP	cell type: NSCLC; chip antibody: H3K27ac		ftp://ftp.ncbi.nlm.nih.gov/geo/samples/GSM7787nnn/GSM7787858/suppl/GSM7787858_D756K27R1.bed.gz	
GSM7787859	D785K27R1	D785K27R1	ChIP	cell type: NSCLC; chip antibody: H3K27ac		ftp://ftp.ncbi.nlm.nih.gov/geo/samples/GSM7787nnn/GSM7787859/suppl/GSM7787859_D785K27R1.bed.gz	
GSM7787860	DgM10mP31	DgM10mP31	ChIP	cell type: Prostate; chip antibody: H3K4me3		ftp://ftp.ncbi.nlm.nih.gov/geo/samples/GSM7787nnn/GSM7787860/suppl/GSM7787860_DgM10mP31.bed.gz	
GSM7787861	DgM3mP22	DgM3mP22	ChIP	cell type: Prostate; chip antibody: H3K4me3		ftp://ftp.ncbi.nlm.nih.gov/geo/samples/GSM7787nnn/GSM7787861/suppl/GSM7787861_DgM3mP22.bed.gz	
GSM7787862	DgM3mP32	DgM3mP32	ChIP	cell type: Prostate; chip antibody: H3K4me3		ftp://ftp.ncbi.nlm.nih.gov/geo/samples/GSM7787nnn/GSM7787862/suppl/GSM7787862_DgM3mP32.bed.gz	
GSM7787863	DgM3mP33	DgM3mP33	ChIP	cell type: Prostate; chip antibody: H3K4me3		ftp://ftp.ncbi.nlm.nih.gov/geo/samples/GSM7787nnn/GSM7787863/suppl/GSM7787863_DgM3mP33.bed.gz	
GSM7787864	DgM3mP34	DgM3mP34	ChIP	cell type: Prostate; chip antibody: H3K4me3		ftp://ftp.ncbi.nlm.nih.gov/geo/samples/GSM7787nnn/GSM7787864/suppl/GSM7787864_DgM3mP34.bed.gz	
GSM7787865	DgM4mP23	DgM4mP23	ChIP	cell type: Prostate; chip antibody: H3K4me3		ftp://ftp.ncbi.nlm.nih.gov/geo/samples/GSM7787nnn/GSM7787865/suppl/GSM7787865_DgM4mP23.bed.gz	
GSM7787866	DgM5mP24	DgM5mP24	ChIP	cell type: Prostate; chip antibody: H3K4me3		ftp://ftp.ncbi.nlm.nih.gov/geo/samples/GSM7787nnn/GSM7787866/suppl/GSM7787866_DgM5mP24.bed.gz	
GSM7787867	DgM6mP26	DgM6mP26	ChIP	cell type: Prostate; chip antibody: H3K4me3		ftp://ftp.ncbi.nlm.nih.gov/geo/samples/GSM7787nnn/GSM7787867/suppl/GSM7787867_DgM6mP26.bed.gz	
GSM7787868	DgM7mP27	DgM7mP27	ChIP	cell type: Prostate; chip antibody: H3K4me3		ftp://ftp.ncbi.nlm.nih.gov/geo/samples/GSM7787nnn/GSM7787868/suppl/GSM7787868_DgM7mP27.bed.gz	
GSM7787869	DgM8mP28	DgM8mP28	ChIP	cell type: Prostate; chip antibody: H3K4me3		ftp://ftp.ncbi.nlm.nih.gov/geo/samples/GSM7787nnn/GSM7787869/suppl/GSM7787869_DgM8mP28.bed.gz	
GSM7787870	DgM9mP29	DgM9mP29	ChIP	cell type: Prostate; chip antibody: H3K4me3		ftp://ftp.ncbi.nlm.nih.gov/geo/samples/GSM7787nnn/GSM7787870/suppl/GSM7787870_DgM9mP29.bed.gz	
GSM7787871	DgMe3_metPC_22_JS8753_S86	DgMe3_metPC_22_JS8753_S86	ChIP	cell type: Prostate; chip antibody: H3K4me3		ftp://ftp.ncbi.nlm.nih.gov/geo/samples/GSM7787nnn/GSM7787871/suppl/GSM7787871_DgMe3_metPC_22_JS875.bed.gz	
GSM7787872	DgMe3_metPC_23_JS8753_S87	DgMe3_metPC_23_JS8753_S87	ChIP	cell type: Prostate; chip antibody: H3K4me3		ftp://ftp.ncbi.nlm.nih.gov/geo/samples/GSM7787nnn/GSM7787872/suppl/GSM7787872_DgMe3_metPC_23_JS875.bed.gz	
GSM7787873	DgMe3_metPC_24_JS8753_S88	DgMe3_metPC_24_JS8753_S88	ChIP	cell type: Prostate; chip antibody: H3K4me3		ftp://ftp.ncbi.nlm.nih.gov/geo/samples/GSM7787nnn/GSM7787873/suppl/GSM7787873_DgMe3_metPC_24_JS875.bed.gz	
GSM7787874	DgMe3_metPC_26_JS8753_S89	DgMe3_metPC_26_JS8753_S89	ChIP	cell type: Prostate; chip antibody: H3K4me3		ftp://ftp.ncbi.nlm.nih.gov/geo/samples/GSM7787nnn/GSM7787874/suppl/GSM7787874_DgMe3_metPC_26_JS875.bed.gz	
GSM7787875	DgMe3_metPC_28_JS8753_S91	DgMe3_metPC_28_JS8753_S91	ChIP	cell type: Prostate; chip antibody: H3K4me3		ftp://ftp.ncbi.nlm.nih.gov/geo/samples/GSM7787nnn/GSM7787875/suppl/GSM7787875_DgMe3_metPC_28_JS875.bed.gz	
GSM7787876	DgMe3_metPC_29_JS8753_S92	DgMe3_metPC_29_JS8753_S92	ChIP	cell type: Prostate; chip antibody: H3K4me3		ftp://ftp.ncbi.nlm.nih.gov/geo/samples/GSM7787nnn/GSM7787876/suppl/GSM7787876_DgMe3_metPC_29_JS875.bed.gz	
GSM7787877	DgMe3_metPC_31_JS8753_S93	DgMe3_metPC_31_JS8753_S93	ChIP	cell type: Prostate; chip antibody: H3K4me3		ftp://ftp.ncbi.nlm.nih.gov/geo/samples/GSM7787nnn/GSM7787877/suppl/GSM7787877_DgMe3_metPC_31_JS875.bed.gz	
GSM7787878	DgMe3_metPC_32_JS8753_S94	DgMe3_metPC_32_JS8753_S94	ChIP	cell type: Prostate; chip antibody: H3K4me3		ftp://ftp.ncbi.nlm.nih.gov/geo/samples/GSM7787nnn/GSM7787878/suppl/GSM7787878_DgMe3_metPC_32_JS875.bed.gz	
GSM7787879	DgMe3_metPC_33_JS8753_S95	DgMe3_metPC_33_JS8753_S95	ChIP	cell type: Prostate; chip antibody: H3K4me3		ftp://ftp.ncbi.nlm.nih.gov/geo/samples/GSM7787nnn/GSM7787879/suppl/GSM7787879_DgMe3_metPC_33_JS875.bed.gz	
GSM7787880	DgMe3_metPC_34_JS8753_S96	DgMe3_metPC_34_JS8753_S96	ChIP	cell type: NEPC; chip antibody: H3K4me3		ftp://ftp.ncbi.nlm.nih.gov/geo/samples/GSM7787nnn/GSM7787880/suppl/GSM7787880_DgMe3_metPC_34_JS875.bed.gz	
GSM7787881	EGS3726	EGS3726	ChIP	cell type: Esophageal; chip antibody: H3K4me3		ftp://ftp.ncbi.nlm.nih.gov/geo/samples/GSM7787nnn/GSM7787881/suppl/GSM7787881_EGS3726.bed.gz	
GSM7787882	EGS3794	EGS3794	ChIP	cell type: Esophageal; chip antibody: H3K4me3		ftp://ftp.ncbi.nlm.nih.gov/geo/samples/GSM7787nnn/GSM7787882/suppl/GSM7787882_EGS3794.bed.gz	
GSM7787883	EGS3801	EGS3801	ChIP	cell type: Esophageal; chip antibody: H3K4me3		ftp://ftp.ncbi.nlm.nih.gov/geo/samples/GSM7787nnn/GSM7787883/suppl/GSM7787883_EGS3801.bed.gz	
GSM7787884	EGS3808	EGS3808	ChIP	cell type: Esophageal; chip antibody: H3K4me3		ftp://ftp.ncbi.nlm.nih.gov/geo/samples/GSM7787nnn/GSM7787884/suppl/GSM7787884_EGS3808.bed.gz	
GSM7787885	EGS3845	EGS3845	ChIP	cell type: Esophageal; chip antibody: H3K4me3		ftp://ftp.ncbi.nlm.nih.gov/geo/samples/GSM7787nnn/GSM7787885/suppl/GSM7787885_EGS3845.bed.gz	
GSM7787886	EGS3867	EGS3867	ChIP	cell type: Esophageal; chip antibody: H3K4me3		ftp://ftp.ncbi.nlm.nih.gov/geo/samples/GSM7787nnn/GSM7787886/suppl/GSM7787886_EGS3867.bed.gz	
GSM7787887	EGS3906	EGS3906	ChIP	cell type: Esophageal; chip antibody: H3K4me3		ftp://ftp.ncbi.nlm.nih.gov/geo/samples/GSM7787nnn/GSM7787887/suppl/GSM7787887_EGS3906.bed.gz	
GSM7787888	EGS4206	EGS4206	ChIP	cell type: Esophageal; chip antibody: H3K4me3		ftp://ftp.ncbi.nlm.nih.gov/geo/samples/GSM7787nnn/GSM7787888/suppl/GSM7787888_EGS4206.bed.gz	
GSM7787889	EGS4275	EGS4275	ChIP	cell type: Esophageal; chip antibody: H3K4me3		ftp://ftp.ncbi.nlm.nih.gov/geo/samples/GSM7787nnn/GSM7787889/suppl/GSM7787889_EGS4275.bed.gz	
GSM7787890	EGS4300	EGS4300	ChIP	cell type: Esophageal; chip antibody: H3K4me3		ftp://ftp.ncbi.nlm.nih.gov/geo/samples/GSM7787nnn/GSM7787890/suppl/GSM7787890_EGS4300.bed.gz	
GSM7787891	EGS4325	EGS4325	ChIP	cell type: Esophageal; chip antibody: H3K4me3		ftp://ftp.ncbi.nlm.nih.gov/geo/samples/GSM7787nnn/GSM7787891/suppl/GSM7787891_EGS4325.bed.gz	
GSM7787892	EGS4348	EGS4348	ChIP	cell type: Esophageal; chip antibody: H3K4me3		ftp://ftp.ncbi.nlm.nih.gov/geo/samples/GSM7787nnn/GSM7787892/suppl/GSM7787892_EGS4348.bed.gz	
GSM7787893	EGS4352	EGS4352	ChIP	cell type: Esophageal; chip antibody: H3K4me3		ftp://ftp.ncbi.nlm.nih.gov/geo/samples/GSM7787nnn/GSM7787893/suppl/GSM7787893_EGS4352.bed.gz	
GSM7787894	EGS4488	EGS4488	ChIP	cell type: Esophageal; chip antibody: H3K4me3		ftp://ftp.ncbi.nlm.nih.gov/geo/samples/GSM7787nnn/GSM7787894/suppl/GSM7787894_EGS4488.bed.gz	
GSM7787895	EGS9920	EGS9920	ChIP	cell type: Colorectal; chip antibody: H3K4me3		ftp://ftp.ncbi.nlm.nih.gov/geo/samples/GSM7787nnn/GSM7787895/suppl/GSM7787895_EGS9920.bed.gz	
GSM7787896	EGSB4275	EGSB4275	ChIP	cell type: Esophageal; chip antibody: H3K4me3		ftp://ftp.ncbi.nlm.nih.gov/geo/samples/GSM7787nnn/GSM7787896/suppl/GSM7787896_EGSB4275.bed.gz	
GSM7787897	FMNG0135_JS8585_S89	FMNG0135_JS8585_S89	ChIP	cell type: post_BMT; chip antibody: H3K4me3		ftp://ftp.ncbi.nlm.nih.gov/geo/samples/GSM7787nnn/GSM7787897/suppl/GSM7787897_FMNG0135_JS8585_S89.bed.gz	
GSM7787898	fNEPCmlf1AcR1	fNEPCmlf1AcR1	ChIP	cell type: NEPC; chip antibody: H3K27ac		ftp://ftp.ncbi.nlm.nih.gov/geo/samples/GSM7787nnn/GSM7787898/suppl/GSM7787898_fNEPCmlf1AcR1.bed.gz	
GSM7787899	fNEPCmlf1M3R2	fNEPCmlf1M3R2	ChIP	cell type: NEPC; chip antibody: H3K4me3		ftp://ftp.ncbi.nlm.nih.gov/geo/samples/GSM7787nnn/GSM7787899/suppl/GSM7787899_fNEPCmlf1M3R2.bed.gz	
GSM7787900	fNEPCmlf2AcR1	fNEPCmlf2AcR1	ChIP	cell type: NEPC; chip antibody: H3K27ac		ftp://ftp.ncbi.nlm.nih.gov/geo/samples/GSM7787nnn/GSM7787900/suppl/GSM7787900_fNEPCmlf2AcR1.bed.gz	
GSM7787901	fNEPCmlf2M3R2	fNEPCmlf2M3R2	ChIP	cell type: NEPC; chip antibody: H3K4me3		ftp://ftp.ncbi.nlm.nih.gov/geo/samples/GSM7787nnn/GSM7787901/suppl/GSM7787901_fNEPCmlf2M3R2.bed.gz	
GSM7787902	GAc1H348	GAc1H348	ChIP	cell type: Healthy; chip antibody: PanH3ac		ftp://ftp.ncbi.nlm.nih.gov/geo/samples/GSM7787nnn/GSM7787902/suppl/GSM7787902_GAc1H348.bed.gz	
GSM7787903	GAc1H748	GAc1H748	ChIP	cell type: Healthy; chip antibody: PanH3ac		ftp://ftp.ncbi.nlm.nih.gov/geo/samples/GSM7787nnn/GSM7787903/suppl/GSM7787903_GAc1H748.bed.gz	
GSM7787904	GAc2Lc46	GAc2Lc46	ChIP	cell type: SCLC; chip antibody: PanH3ac		ftp://ftp.ncbi.nlm.nih.gov/geo/samples/GSM7787nnn/GSM7787904/suppl/GSM7787904_GAc2Lc46.bed.gz	
GSM7787905	GAc2Lc47	GAc2Lc47	ChIP	cell type: SCLC; chip antibody: PanH3ac		ftp://ftp.ncbi.nlm.nih.gov/geo/samples/GSM7787nnn/GSM7787905/suppl/GSM7787905_GAc2Lc47.bed.gz	
GSM7787906	GAcPc59	GAcPc59	ChIP	cell type: Prostate; chip antibody: PanH3ac		ftp://ftp.ncbi.nlm.nih.gov/geo/samples/GSM7787nnn/GSM7787906/suppl/GSM7787906_GAcPc59.bed.gz	
GSM7787907	gAcS_PC62	gAcS_PC62	ChIP	cell type: Prostate; chip antibody: PanH3ac		ftp://ftp.ncbi.nlm.nih.gov/geo/samples/GSM7787nnn/GSM7787907/suppl/GSM7787907_gAcS_PC62.bed.gz	
GSM7787908	GeGENP8711AcR1	GeGENP8711AcR1	ChIP	cell type: NEPC; chip antibody: H3K27ac		ftp://ftp.ncbi.nlm.nih.gov/geo/samples/GSM7787nnn/GSM7787908/suppl/GSM7787908_GeGENP8711AcR1.bed.gz	
GSM7787909	gHP034881Ac	gHP034881Ac	ChIP	cell type: Healthy; chip antibody: PanH3ac		ftp://ftp.ncbi.nlm.nih.gov/geo/samples/GSM7787nnn/GSM7787909/suppl/GSM7787909_gHP034881Ac.bed.gz	
GSM7787910	gHP034881K4	gHP034881K4	ChIP	cell type: Healthy; chip antibody: H3K4me3		ftp://ftp.ncbi.nlm.nih.gov/geo/samples/GSM7787nnn/GSM7787910/suppl/GSM7787910_gHP034881K4.bed.gz	
GSM7787911	gK27_PC59b	gK27_PC59	ChIP	cell type: Prostate; chip antibody: H3K27ac		ftp://ftp.ncbi.nlm.nih.gov/geo/samples/GSM7787nnn/GSM7787911/suppl/GSM7787911_gK27_PC59b.bed.gz	
GSM7787912	gK27_PC62b	gK27_PC62	ChIP	cell type: Prostate; chip antibody: H3K27ac		ftp://ftp.ncbi.nlm.nih.gov/geo/samples/GSM7787nnn/GSM7787912/suppl/GSM7787912_gK27_PC62b.bed.gz	
GSM7787913	gK4_PC053	gK4_PC053	ChIP	cell type: Prostate; chip antibody: H3K4me3		ftp://ftp.ncbi.nlm.nih.gov/geo/samples/GSM7787nnn/GSM7787913/suppl/GSM7787913_gK4_PC053.bed.gz	
GSM7787914	gK4_PC054	gK4_PC054	ChIP	cell type: Prostate; chip antibody: H3K4me3		ftp://ftp.ncbi.nlm.nih.gov/geo/samples/GSM7787nnn/GSM7787914/suppl/GSM7787914_gK4_PC054.bed.gz	
GSM7787915	gK4_PC59a	gK4_PC59	ChIP	cell type: Prostate; chip antibody: H3K4me3		ftp://ftp.ncbi.nlm.nih.gov/geo/samples/GSM7787nnn/GSM7787915/suppl/GSM7787915_gK4_PC59a.bed.gz	
GSM7787916	gK4_PC62_1	gK4_PC62_1	ChIP	cell type: Prostate; chip antibody: H3K4me3		ftp://ftp.ncbi.nlm.nih.gov/geo/samples/GSM7787nnn/GSM7787916/suppl/GSM7787916_gK4_PC62_1.bed.gz	
GSM7787917	gK4_PC62_2	gK4_PC62_2	ChIP	cell type: Prostate; chip antibody: H3K4me3		ftp://ftp.ncbi.nlm.nih.gov/geo/samples/GSM7787nnn/GSM7787917/suppl/GSM7787917_gK4_PC62_2.bed.gz	
GSM7787918	gK4_PC62a	gK4_PC62	ChIP	cell type: Prostate; chip antibody: H3K4me3		ftp://ftp.ncbi.nlm.nih.gov/geo/samples/GSM7787nnn/GSM7787918/suppl/GSM7787918_gK4_PC62a.bed.gz	
GSM7787919	GK4LC33	GK4LC33	ChIP	cell type: SCLC; chip antibody: H3K4me3		ftp://ftp.ncbi.nlm.nih.gov/geo/samples/GSM7787nnn/GSM7787919/suppl/GSM7787919_GK4LC33.bed.gz	
GSM7787920	GK4LC34	GK4LC34	ChIP	cell type: SCLC; chip antibody: H3K4me3		ftp://ftp.ncbi.nlm.nih.gov/geo/samples/GSM7787nnn/GSM7787920/suppl/GSM7787920_GK4LC34.bed.gz	
GSM7787921	GK4Lc46	GK4Lc46	ChIP	cell type: SCLC; chip antibody: H3K4me3		ftp://ftp.ncbi.nlm.nih.gov/geo/samples/GSM7787nnn/GSM7787921/suppl/GSM7787921_GK4Lc46.bed.gz	
GSM7787922	GK4Lc47	GK4Lc47	ChIP	cell type: SCLC; chip antibody: H3K4me3		ftp://ftp.ncbi.nlm.nih.gov/geo/samples/GSM7787nnn/GSM7787922/suppl/GSM7787922_GK4Lc47.bed.gz	
GSM7787923	GK4mel5	GK4mel5	ChIP	cell type: Melanoma; chip antibody: H3K4me3		ftp://ftp.ncbi.nlm.nih.gov/geo/samples/GSM7787nnn/GSM7787923/suppl/GSM7787923_GK4mel5.bed.gz	
GSM7787924	GK4mel6	GK4mel6	ChIP	cell type: Melanoma; chip antibody: H3K4me3		ftp://ftp.ncbi.nlm.nih.gov/geo/samples/GSM7787nnn/GSM7787924/suppl/GSM7787924_GK4mel6.bed.gz	
GSM7787925	Gk4Pc59	Gk4Pc59	ChIP	cell type: Prostate; chip antibody: H3K4me3		ftp://ftp.ncbi.nlm.nih.gov/geo/samples/GSM7787nnn/GSM7787925/suppl/GSM7787925_Gk4Pc59.bed.gz	
GSM7787926	GL09789K27R1	GL09789K27R1	ChIP	cell type: Glioma; chip antibody: H3K27ac		ftp://ftp.ncbi.nlm.nih.gov/geo/samples/GSM7787nnn/GSM7787926/suppl/GSM7787926_GL09789K27R1.bed.gz	
GSM7787927	GL09789K4R2	GL09789K4R2	ChIP	cell type: Glioma; chip antibody: H3K4me3		ftp://ftp.ncbi.nlm.nih.gov/geo/samples/GSM7787nnn/GSM7787927/suppl/GSM7787927_GL09789K4R2.bed.gz	
GSM7787928	GL09828K27R1	GL09828K27R1	ChIP	cell type: Glioma; chip antibody: H3K27ac		ftp://ftp.ncbi.nlm.nih.gov/geo/samples/GSM7787nnn/GSM7787928/suppl/GSM7787928_GL09828K27R1.bed.gz	
GSM7787929	GL09828K4R2	GL09828K4R2	ChIP	cell type: Glioma; chip antibody: H3K4me3		ftp://ftp.ncbi.nlm.nih.gov/geo/samples/GSM7787nnn/GSM7787929/suppl/GSM7787929_GL09828K4R2.bed.gz	
GSM7787930	GL09923K27R1	GL09923K27R1	ChIP	cell type: Glioma; chip antibody: H3K27ac		ftp://ftp.ncbi.nlm.nih.gov/geo/samples/GSM7787nnn/GSM7787930/suppl/GSM7787930_GL09923K27R1.bed.gz	
GSM7787931	GL09923K4R2	GL09923K4R2	ChIP	cell type: Glioma; chip antibody: H3K4me3		ftp://ftp.ncbi.nlm.nih.gov/geo/samples/GSM7787nnn/GSM7787931/suppl/GSM7787931_GL09923K4R2.bed.gz	
GSM7787932	GL10025K27R1	GL10025K27R1	ChIP	cell type: Glioma; chip antibody: H3K27ac		ftp://ftp.ncbi.nlm.nih.gov/geo/samples/GSM7787nnn/GSM7787932/suppl/GSM7787932_GL10025K27R1.bed.gz	
GSM7787933	GL10025K4R2	GL10025K4R2	ChIP	cell type: Glioma; chip antibody: H3K4me3		ftp://ftp.ncbi.nlm.nih.gov/geo/samples/GSM7787nnn/GSM7787933/suppl/GSM7787933_GL10025K4R2.bed.gz	
GSM7787934	GL10040K27R1	GL10040K27R1	ChIP	cell type: Glioma; chip antibody: H3K27ac		ftp://ftp.ncbi.nlm.nih.gov/geo/samples/GSM7787nnn/GSM7787934/suppl/GSM7787934_GL10040K27R1.bed.gz	
GSM7787935	GL10040K4R2	GL10040K4R2	ChIP	cell type: Glioma; chip antibody: H3K4me3		ftp://ftp.ncbi.nlm.nih.gov/geo/samples/GSM7787nnn/GSM7787935/suppl/GSM7787935_GL10040K4R2.bed.gz	
GSM7787936	GL10077K27R1	GL10077K27R1	ChIP	cell type: Glioma; chip antibody: H3K27ac		ftp://ftp.ncbi.nlm.nih.gov/geo/samples/GSM7787nnn/GSM7787936/suppl/GSM7787936_GL10077K27R1.bed.gz	
GSM7787937	GL10077K4R2	GL10077K4R2	ChIP	cell type: Glioma; chip antibody: H3K4me3		ftp://ftp.ncbi.nlm.nih.gov/geo/samples/GSM7787nnn/GSM7787937/suppl/GSM7787937_GL10077K4R2.bed.gz	
GSM7787938	GL10083K27R1	GL10083K27R1	ChIP	cell type: Glioma; chip antibody: H3K27ac		ftp://ftp.ncbi.nlm.nih.gov/geo/samples/GSM7787nnn/GSM7787938/suppl/GSM7787938_GL10083K27R1.bed.gz	
GSM7787939	GL10192K27R1	GL10192K27R1	ChIP	cell type: Glioma; chip antibody: H3K27ac		ftp://ftp.ncbi.nlm.nih.gov/geo/samples/GSM7787nnn/GSM7787939/suppl/GSM7787939_GL10192K27R1.bed.gz	
GSM7787940	GL10192K4R2	GL10192K4R2	ChIP	cell type: Glioma; chip antibody: H3K4me3		ftp://ftp.ncbi.nlm.nih.gov/geo/samples/GSM7787nnn/GSM7787940/suppl/GSM7787940_GL10192K4R2.bed.gz	
GSM7787941	GL10194K27R1	GL10194K27R1	ChIP	cell type: Glioma; chip antibody: H3K27ac		ftp://ftp.ncbi.nlm.nih.gov/geo/samples/GSM7787nnn/GSM7787941/suppl/GSM7787941_GL10194K27R1.bed.gz	
GSM7787942	GL10261K27R1	GL10261K27R1	ChIP	cell type: Glioma; chip antibody: H3K27ac		ftp://ftp.ncbi.nlm.nih.gov/geo/samples/GSM7787nnn/GSM7787942/suppl/GSM7787942_GL10261K27R1.bed.gz	
GSM7787943	GL10261K4R2	GL10261K4R2	ChIP	cell type: Glioma; chip antibody: H3K4me3		ftp://ftp.ncbi.nlm.nih.gov/geo/samples/GSM7787nnn/GSM7787943/suppl/GSM7787943_GL10261K4R2.bed.gz	
GSM7787944	gLC16Ac	gLC16Ac	ChIP	cell type: NSCLC; chip antibody: PanH3ac		ftp://ftp.ncbi.nlm.nih.gov/geo/samples/GSM7787nnn/GSM7787944/suppl/GSM7787944_gLC16Ac.bed.gz	
GSM7787945	gLC16K4	gLC16K4	ChIP	cell type: NSCLC; chip antibody: H3K4me3		ftp://ftp.ncbi.nlm.nih.gov/geo/samples/GSM7787nnn/GSM7787945/suppl/GSM7787945_gLC16K4.bed.gz	
GSM7787946	gLC17Ac	gLC17Ac	ChIP	cell type: NSCLC; chip antibody: PanH3ac		ftp://ftp.ncbi.nlm.nih.gov/geo/samples/GSM7787nnn/GSM7787946/suppl/GSM7787946_gLC17Ac.bed.gz	
GSM7787947	gLC17K4	gLC17K4	ChIP	cell type: NSCLC; chip antibody: H3K4me3		ftp://ftp.ncbi.nlm.nih.gov/geo/samples/GSM7787nnn/GSM7787947/suppl/GSM7787947_gLC17K4.bed.gz	
GSM7787948	gLC45_K27ON	gLC45_K27ON	ChIP	cell type: SCLC; chip antibody: H3K27ac		ftp://ftp.ncbi.nlm.nih.gov/geo/samples/GSM7787nnn/GSM7787948/suppl/GSM7787948_gLC45_K27ON.bed.gz	
GSM7787949	gLC45_K4_3hr	gLC45_K4_3hr	ChIP	cell type: SCLC; chip antibody: H3K4me3		ftp://ftp.ncbi.nlm.nih.gov/geo/samples/GSM7787nnn/GSM7787949/suppl/GSM7787949_gLC45_K4_3hr.bed.gz	
GSM7787950	gLC46_K27ON	gLC46_K27ON	ChIP	cell type: SCLC; chip antibody: H3K27ac		ftp://ftp.ncbi.nlm.nih.gov/geo/samples/GSM7787nnn/GSM7787950/suppl/GSM7787950_gLC46_K27ON.bed.gz	
GSM7787951	gLC46_K4_3hr	gLC46_K4_3hr	ChIP	cell type: SCLC; chip antibody: H3K4me3		ftp://ftp.ncbi.nlm.nih.gov/geo/samples/GSM7787nnn/GSM7787951/suppl/GSM7787951_gLC46_K4_3hr.bed.gz	
GSM7787952	gLC47_K27ON	gLC47_K27ON	ChIP	cell type: SCLC; chip antibody: H3K27ac		ftp://ftp.ncbi.nlm.nih.gov/geo/samples/GSM7787nnn/GSM7787952/suppl/GSM7787952_gLC47_K27ON.bed.gz	
GSM7787953	gLC47_K4_3hr	gLC47_K4_3hr	ChIP	cell type: SCLC; chip antibody: H3K4me3		ftp://ftp.ncbi.nlm.nih.gov/geo/samples/GSM7787nnn/GSM7787953/suppl/GSM7787953_gLC47_K4_3hr.bed.gz	
GSM7787954	gLC4K4	gLC4K4	ChIP	cell type: NSCLC; chip antibody: H3K4me3		ftp://ftp.ncbi.nlm.nih.gov/geo/samples/GSM7787nnn/GSM7787954/suppl/GSM7787954_gLC4K4.bed.gz	
GSM7787955	gLC5Ac	gLC5Ac	ChIP	cell type: NSCLC; chip antibody: PanH3ac		ftp://ftp.ncbi.nlm.nih.gov/geo/samples/GSM7787nnn/GSM7787955/suppl/GSM7787955_gLC5Ac.bed.gz	
GSM7787956	gLC5K4	gLC5K4	ChIP	cell type: NSCLC; chip antibody: H3K4me3		ftp://ftp.ncbi.nlm.nih.gov/geo/samples/GSM7787nnn/GSM7787956/suppl/GSM7787956_gLC5K4.bed.gz	
GSM7787957	gLC6Ac	gLC6Ac	ChIP	cell type: NSCLC; chip antibody: PanH3ac		ftp://ftp.ncbi.nlm.nih.gov/geo/samples/GSM7787nnn/GSM7787957/suppl/GSM7787957_gLC6Ac.bed.gz	
GSM7787958	gLC6K4	gLC6K4	ChIP	cell type: NSCLC; chip antibody: H3K4me3		ftp://ftp.ncbi.nlm.nih.gov/geo/samples/GSM7787nnn/GSM7787958/suppl/GSM7787958_gLC6K4.bed.gz	
GSM7787959	GPAcLC34	GPAcLC34	ChIP	cell type: SCLC; chip antibody: PanH3ac		ftp://ftp.ncbi.nlm.nih.gov/geo/samples/GSM7787nnn/GSM7787959/suppl/GSM7787959_GPAcLC34.bed.gz	
GSM7787960	GPAcmel5	GPAcmel5	ChIP	cell type: Melanoma; chip antibody: PanH3ac		ftp://ftp.ncbi.nlm.nih.gov/geo/samples/GSM7787nnn/GSM7787960/suppl/GSM7787960_GPAcmel5.bed.gz	
GSM7787961	gPC18_K27ON	gPC18_K27ON	ChIP	cell type: Prostate; chip antibody: H3K27ac		ftp://ftp.ncbi.nlm.nih.gov/geo/samples/GSM7787nnn/GSM7787961/suppl/GSM7787961_gPC18_K27ON.bed.gz	
GSM7787962	gPC18_K4_3hr	gPC18_K4_3hr	ChIP	cell type: Prostate; chip antibody: H3K4me3		ftp://ftp.ncbi.nlm.nih.gov/geo/samples/GSM7787nnn/GSM7787962/suppl/GSM7787962_gPC18_K4_3hr.bed.gz	
GSM7787963	gPC36_K4_3hr	gPC36_K4_3hr	ChIP	cell type: Prostate; chip antibody: H3K4me3		ftp://ftp.ncbi.nlm.nih.gov/geo/samples/GSM7787nnn/GSM7787963/suppl/GSM7787963_gPC36_K4_3hr.bed.gz	
GSM7787964	gPC38Ac	gPC38Ac	ChIP	cell type: Prostate; chip antibody: PanH3ac		ftp://ftp.ncbi.nlm.nih.gov/geo/samples/GSM7787nnn/GSM7787964/suppl/GSM7787964_gPC38Ac.bed.gz	
GSM7787965	gPC38K4	gPC38K4	ChIP	cell type: Prostate; chip antibody: H3K4me3		ftp://ftp.ncbi.nlm.nih.gov/geo/samples/GSM7787nnn/GSM7787965/suppl/GSM7787965_gPC38K4.bed.gz	
GSM7787966	hK4_PC053	hK4_PC053	ChIP	cell type: Prostate; chip antibody: H3K4me3		ftp://ftp.ncbi.nlm.nih.gov/geo/samples/GSM7787nnn/GSM7787966/suppl/GSM7787966_hK4_PC053.bed.gz	
GSM7787967	hK4_PC054	hK4_PC054	ChIP	cell type: Prostate; chip antibody: H3K4me3		ftp://ftp.ncbi.nlm.nih.gov/geo/samples/GSM7787nnn/GSM7787967/suppl/GSM7787967_hK4_PC054.bed.gz	
GSM7787968	HP024732	HP024732	ChIP	cell type: Healthy; chip antibody: H3K4me3		ftp://ftp.ncbi.nlm.nih.gov/geo/samples/GSM7787nnn/GSM7787968/suppl/GSM7787968_HP024732.bed.gz	
GSM7787969	HP024788	HP024788	ChIP	cell type: Healthy; chip antibody: H3K4me3		ftp://ftp.ncbi.nlm.nih.gov/geo/samples/GSM7787nnn/GSM7787969/suppl/GSM7787969_HP024788.bed.gz	
GSM7787970	HP026607	HP026607	ChIP	cell type: Healthy; chip antibody: H3K4me3		ftp://ftp.ncbi.nlm.nih.gov/geo/samples/GSM7787nnn/GSM7787970/suppl/GSM7787970_HP026607.bed.gz	
GSM7787971	HP029376	HP029376	ChIP	cell type: Healthy; chip antibody: H3K4me3		ftp://ftp.ncbi.nlm.nih.gov/geo/samples/GSM7787nnn/GSM7787971/suppl/GSM7787971_HP029376.bed.gz	
GSM7787972	HP030132	HP030132	ChIP	cell type: Healthy; chip antibody: H3K4me3		ftp://ftp.ncbi.nlm.nih.gov/geo/samples/GSM7787nnn/GSM7787972/suppl/GSM7787972_HP030132.bed.gz	
GSM7787973	HP030132_H3K27Ac	HP030132_H3K27Ac	ChIP	cell type: Healthy; chip antibody: H3K27ac		ftp://ftp.ncbi.nlm.nih.gov/geo/samples/GSM7787nnn/GSM7787973/suppl/GSM7787973_HP030132_H3K27Ac.bed.gz	
GSM7787974	HP030642	HP030642	ChIP	cell type: Healthy; chip antibody: H3K4me3		ftp://ftp.ncbi.nlm.nih.gov/geo/samples/GSM7787nnn/GSM7787974/suppl/GSM7787974_HP030642.bed.gz	
GSM7787975	HP030642_H3K27Ac	HP030642_H3K27Ac	ChIP	cell type: Healthy; chip antibody: H3K27ac		ftp://ftp.ncbi.nlm.nih.gov/geo/samples/GSM7787nnn/GSM7787975/suppl/GSM7787975_HP030642_H3K27Ac.bed.gz	
GSM7787976	HP030912	HP030912	ChIP	cell type: Healthy; chip antibody: H3K4me3		ftp://ftp.ncbi.nlm.nih.gov/geo/samples/GSM7787nnn/GSM7787976/suppl/GSM7787976_HP030912.bed.gz	
GSM7787977	HP031645	HP031645	ChIP	cell type: Healthy; chip antibody: H3K4me3		ftp://ftp.ncbi.nlm.nih.gov/geo/samples/GSM7787nnn/GSM7787977/suppl/GSM7787977_HP031645.bed.gz	
GSM7787978	HP031645_H3K27Ac	HP031645_H3K27Ac	ChIP	cell type: Healthy; chip antibody: H3K27ac		ftp://ftp.ncbi.nlm.nih.gov/geo/samples/GSM7787nnn/GSM7787978/suppl/GSM7787978_HP031645_H3K27Ac.bed.gz	
GSM7787979	HP034881	HP034881	ChIP	cell type: Healthy; chip antibody: H3K4me3		ftp://ftp.ncbi.nlm.nih.gov/geo/samples/GSM7787nnn/GSM7787979/suppl/GSM7787979_HP034881.bed.gz	
GSM7787980	HP034881_H3K27Ac	HP034881_H3K27Ac	ChIP	cell type: Healthy; chip antibody: H3K27ac		ftp://ftp.ncbi.nlm.nih.gov/geo/samples/GSM7787nnn/GSM7787980/suppl/GSM7787980_HP034881_H3K27Ac.bed.gz	
GSM7787981	HP035094	HP035094	ChIP	cell type: Healthy; chip antibody: H3K4me3		ftp://ftp.ncbi.nlm.nih.gov/geo/samples/GSM7787nnn/GSM7787981/suppl/GSM7787981_HP035094.bed.gz	
GSM7787982	HP035094_H3K27Ac	HP035094_H3K27Ac	ChIP	cell type: Healthy; chip antibody: H3K27ac		ftp://ftp.ncbi.nlm.nih.gov/geo/samples/GSM7787nnn/GSM7787982/suppl/GSM7787982_HP035094_H3K27Ac.bed.gz	
GSM7787983	HP036348	HP036348	ChIP	cell type: Healthy; chip antibody: H3K4me3		ftp://ftp.ncbi.nlm.nih.gov/geo/samples/GSM7787nnn/GSM7787983/suppl/GSM7787983_HP036348.bed.gz	
GSM7787984	HP038748	HP038748	ChIP	cell type: Healthy; chip antibody: H3K4me3		ftp://ftp.ncbi.nlm.nih.gov/geo/samples/GSM7787nnn/GSM7787984/suppl/GSM7787984_HP038748.bed.gz	
GSM7787985	HP038748_H3K27Ac	HP038748_H3K27Ac	ChIP	cell type: Healthy; chip antibody: H3K27ac		ftp://ftp.ncbi.nlm.nih.gov/geo/samples/GSM7787nnn/GSM7787985/suppl/GSM7787985_HP038748_H3K27Ac.bed.gz	
GSM7787986	HP041556	HP041556	ChIP	cell type: Healthy; chip antibody: H3K4me3		ftp://ftp.ncbi.nlm.nih.gov/geo/samples/GSM7787nnn/GSM7787986/suppl/GSM7787986_HP041556.bed.gz	
GSM7787987	HP041556_H3K27Ac	HP041556_H3K27Ac	ChIP	cell type: Healthy; chip antibody: H3K27ac		ftp://ftp.ncbi.nlm.nih.gov/geo/samples/GSM7787nnn/GSM7787987/suppl/GSM7787987_HP041556_H3K27Ac.bed.gz	
GSM7787988	HP044301	HP044301	ChIP	cell type: Healthy; chip antibody: H3K4me3		ftp://ftp.ncbi.nlm.nih.gov/geo/samples/GSM7787nnn/GSM7787988/suppl/GSM7787988_HP044301.bed.gz	
GSM7787989	HP045456	HP045456	ChIP	cell type: Healthy; chip antibody: H3K4me3		ftp://ftp.ncbi.nlm.nih.gov/geo/samples/GSM7787nnn/GSM7787989/suppl/GSM7787989_HP045456.bed.gz	
GSM7787990	HP047328	HP047328	ChIP	cell type: Healthy; chip antibody: H3K4me3		ftp://ftp.ncbi.nlm.nih.gov/geo/samples/GSM7787nnn/GSM7787990/suppl/GSM7787990_HP047328.bed.gz	
GSM7787991	HP053744	HP053744	ChIP	cell type: Healthy; chip antibody: H3K4me3		ftp://ftp.ncbi.nlm.nih.gov/geo/samples/GSM7787nnn/GSM7787991/suppl/GSM7787991_HP053744.bed.gz	
GSM7787992	HP056703	HP056703	ChIP	cell type: Healthy; chip antibody: H3K4me3		ftp://ftp.ncbi.nlm.nih.gov/geo/samples/GSM7787nnn/GSM7787992/suppl/GSM7787992_HP056703.bed.gz	
GSM7787993	HP056703_H3K27Ac	HP056703_H3K27Ac	ChIP	cell type: Healthy; chip antibody: H3K27ac		ftp://ftp.ncbi.nlm.nih.gov/geo/samples/GSM7787nnn/GSM7787993/suppl/GSM7787993_HP056703_H3K27Ac.bed.gz	
GSM7787994	HP059620	HP059620	ChIP	cell type: Healthy; chip antibody: H3K4me3		ftp://ftp.ncbi.nlm.nih.gov/geo/samples/GSM7787nnn/GSM7787994/suppl/GSM7787994_HP059620.bed.gz	
GSM7787995	HP069519	HP069519	ChIP	cell type: Healthy; chip antibody: H3K4me3		ftp://ftp.ncbi.nlm.nih.gov/geo/samples/GSM7787nnn/GSM7787995/suppl/GSM7787995_HP069519.bed.gz	
GSM7787996	HP075732	HP075732	ChIP	cell type: Healthy; chip antibody: H3K4me3		ftp://ftp.ncbi.nlm.nih.gov/geo/samples/GSM7787nnn/GSM7787996/suppl/GSM7787996_HP075732.bed.gz	
GSM7787997	HP076550	HP076550	ChIP	cell type: Healthy; chip antibody: H3K4me3		ftp://ftp.ncbi.nlm.nih.gov/geo/samples/GSM7787nnn/GSM7787997/suppl/GSM7787997_HP076550.bed.gz	
GSM7787998	HP090512	HP090512	ChIP	cell type: Healthy; chip antibody: H3K4me3		ftp://ftp.ncbi.nlm.nih.gov/geo/samples/GSM7787nnn/GSM7787998/suppl/GSM7787998_HP090512.bed.gz	
GSM7787999	HP098228	HP098228	ChIP	cell type: Healthy; chip antibody: H3K4me3		ftp://ftp.ncbi.nlm.nih.gov/geo/samples/GSM7787nnn/GSM7787999/suppl/GSM7787999_HP098228.bed.gz	
GSM7788000	HP098228_H3K27Ac	HP098228_H3K27Ac	ChIP	cell type: Healthy; chip antibody: H3K27ac		ftp://ftp.ncbi.nlm.nih.gov/geo/samples/GSM7788nnn/GSM7788000/suppl/GSM7788000_HP098228_H3K27Ac.bed.gz	
GSM7788001	HP10028203	HP10028203	ChIP	cell type: Healthy; chip antibody: LPWGS		ftp://ftp.ncbi.nlm.nih.gov/geo/samples/GSM7788nnn/GSM7788001/suppl/GSM7788001_HP10028203.bed.gz	
GSM7788002	HP10031645	HP10031645	ChIP	cell type: Healthy; chip antibody: LPWGS		ftp://ftp.ncbi.nlm.nih.gov/geo/samples/GSM7788nnn/GSM7788002/suppl/GSM7788002_HP10031645.bed.gz	
GSM7788003	HP100337	HP100337	ChIP	cell type: Healthy; chip antibody: H3K4me3		ftp://ftp.ncbi.nlm.nih.gov/geo/samples/GSM7788nnn/GSM7788003/suppl/GSM7788003_HP100337.bed.gz	
GSM7788004	HP10033740	HP10033740	ChIP	cell type: Healthy; chip antibody: LPWGS		ftp://ftp.ncbi.nlm.nih.gov/geo/samples/GSM7788nnn/GSM7788004/suppl/GSM7788004_HP10033740.bed.gz	
GSM7788005	HP10035094_ACAGTG	HP10035094_ACAGTG	ChIP	cell type: Healthy; chip antibody: LPWGS		ftp://ftp.ncbi.nlm.nih.gov/geo/samples/GSM7788nnn/GSM7788005/suppl/GSM7788005_HP10035094_ACAGTG.bed.gz	
GSM7788006	HP10035094_CAGGCG	HP10035094_CAGGCG	ChIP	cell type: Healthy; chip antibody: LPWGS		ftp://ftp.ncbi.nlm.nih.gov/geo/samples/GSM7788nnn/GSM7788006/suppl/GSM7788006_HP10035094_CAGGCG.bed.gz	
GSM7788007	HP10036348	HP10036348	ChIP	cell type: Healthy; chip antibody: LPWGS		ftp://ftp.ncbi.nlm.nih.gov/geo/samples/GSM7788nnn/GSM7788007/suppl/GSM7788007_HP10036348.bed.gz	
GSM7788008	HP10038748	HP10038748	ChIP	cell type: Healthy; chip antibody: LPWGS		ftp://ftp.ncbi.nlm.nih.gov/geo/samples/GSM7788nnn/GSM7788008/suppl/GSM7788008_HP10038748.bed.gz	
GSM7788009	HP10041556	HP10041556	ChIP	cell type: Healthy; chip antibody: LPWGS		ftp://ftp.ncbi.nlm.nih.gov/geo/samples/GSM7788nnn/GSM7788009/suppl/GSM7788009_HP10041556.bed.gz	
GSM7788010	HP10045456	HP10045456	ChIP	cell type: Healthy; chip antibody: LPWGS		ftp://ftp.ncbi.nlm.nih.gov/geo/samples/GSM7788nnn/GSM7788010/suppl/GSM7788010_HP10045456.bed.gz	
GSM7788011	HP10047328	HP10047328	ChIP	cell type: Healthy; chip antibody: LPWGS		ftp://ftp.ncbi.nlm.nih.gov/geo/samples/GSM7788nnn/GSM7788011/suppl/GSM7788011_HP10047328.bed.gz	
GSM7788012	HP10053744	HP10053744	ChIP	cell type: Healthy; chip antibody: LPWGS		ftp://ftp.ncbi.nlm.nih.gov/geo/samples/GSM7788nnn/GSM7788012/suppl/GSM7788012_HP10053744.bed.gz	
GSM7788013	HP10058173	HP10058173	ChIP	cell type: Healthy; chip antibody: LPWGS		ftp://ftp.ncbi.nlm.nih.gov/geo/samples/GSM7788nnn/GSM7788013/suppl/GSM7788013_HP10058173.bed.gz	
GSM7788014	HP10059091	HP10059091	ChIP	cell type: Healthy; chip antibody: LPWGS		ftp://ftp.ncbi.nlm.nih.gov/geo/samples/GSM7788nnn/GSM7788014/suppl/GSM7788014_HP10059091.bed.gz	
GSM7788015	HP10059620	HP10059620	ChIP	cell type: Healthy; chip antibody: LPWGS		ftp://ftp.ncbi.nlm.nih.gov/geo/samples/GSM7788nnn/GSM7788015/suppl/GSM7788015_HP10059620.bed.gz	
GSM7788016	HP10069519	HP10069519	ChIP	cell type: Healthy; chip antibody: LPWGS		ftp://ftp.ncbi.nlm.nih.gov/geo/samples/GSM7788nnn/GSM7788016/suppl/GSM7788016_HP10069519.bed.gz	
GSM7788017	HP10075732	HP10075732	ChIP	cell type: Healthy; chip antibody: LPWGS		ftp://ftp.ncbi.nlm.nih.gov/geo/samples/GSM7788nnn/GSM7788017/suppl/GSM7788017_HP10075732.bed.gz	
GSM7788018	HP10077180	HP10077180	ChIP	cell type: Healthy; chip antibody: LPWGS		ftp://ftp.ncbi.nlm.nih.gov/geo/samples/GSM7788nnn/GSM7788018/suppl/GSM7788018_HP10077180.bed.gz	
GSM7788019	HP10095178	HP10095178	ChIP	cell type: Healthy; chip antibody: LPWGS		ftp://ftp.ncbi.nlm.nih.gov/geo/samples/GSM7788nnn/GSM7788019/suppl/GSM7788019_HP10095178.bed.gz	
GSM7788020	HP100959	HP100959	ChIP	cell type: Healthy; chip antibody: H3K4me3		ftp://ftp.ncbi.nlm.nih.gov/geo/samples/GSM7788nnn/GSM7788020/suppl/GSM7788020_HP100959.bed.gz	
GSM7788021	HP10095999	HP10095999	ChIP	cell type: Healthy; chip antibody: LPWGS		ftp://ftp.ncbi.nlm.nih.gov/geo/samples/GSM7788nnn/GSM7788021/suppl/GSM7788021_HP10095999.bed.gz	
GSM7788022	HP10097407	HP10097407	ChIP	cell type: Healthy; chip antibody: LPWGS		ftp://ftp.ncbi.nlm.nih.gov/geo/samples/GSM7788nnn/GSM7788022/suppl/GSM7788022_HP10097407.bed.gz	
GSM7788023	HP101027	HP101027	ChIP	cell type: Healthy; chip antibody: H3K4me3		ftp://ftp.ncbi.nlm.nih.gov/geo/samples/GSM7788nnn/GSM7788023/suppl/GSM7788023_HP101027.bed.gz	
GSM7788024	HP10102703	HP10102703	ChIP	cell type: Healthy; chip antibody: LPWGS		ftp://ftp.ncbi.nlm.nih.gov/geo/samples/GSM7788nnn/GSM7788024/suppl/GSM7788024_HP10102703.bed.gz	
GSM7788025	HP10111016	HP10111016	ChIP	cell type: Healthy; chip antibody: LPWGS		ftp://ftp.ncbi.nlm.nih.gov/geo/samples/GSM7788nnn/GSM7788025/suppl/GSM7788025_HP10111016.bed.gz	
GSM7788026	HP10111616	HP10111616	ChIP	cell type: Healthy; chip antibody: LPWGS		ftp://ftp.ncbi.nlm.nih.gov/geo/samples/GSM7788nnn/GSM7788026/suppl/GSM7788026_HP10111616.bed.gz	
GSM7788027	HP10111717	HP10111717	ChIP	cell type: Healthy; chip antibody: LPWGS		ftp://ftp.ncbi.nlm.nih.gov/geo/samples/GSM7788nnn/GSM7788027/suppl/GSM7788027_HP10111717.bed.gz	
GSM7788028	HP10116305	HP10116305	ChIP	cell type: Healthy; chip antibody: LPWGS		ftp://ftp.ncbi.nlm.nih.gov/geo/samples/GSM7788nnn/GSM7788028/suppl/GSM7788028_HP10116305.bed.gz	
GSM7788029	HP10123027	HP10123027	ChIP	cell type: Healthy; chip antibody: LPWGS		ftp://ftp.ncbi.nlm.nih.gov/geo/samples/GSM7788nnn/GSM7788029/suppl/GSM7788029_HP10123027.bed.gz	
GSM7788030	HP101286	HP101286	ChIP	cell type: Healthy; chip antibody: H3K4me3		ftp://ftp.ncbi.nlm.nih.gov/geo/samples/GSM7788nnn/GSM7788030/suppl/GSM7788030_HP101286.bed.gz	
GSM7788031	HP10132279	HP10132279	ChIP	cell type: Healthy; chip antibody: LPWGS		ftp://ftp.ncbi.nlm.nih.gov/geo/samples/GSM7788nnn/GSM7788031/suppl/GSM7788031_HP10132279.bed.gz	
GSM7788032	HP10133405	HP10133405	ChIP	cell type: Healthy; chip antibody: LPWGS		ftp://ftp.ncbi.nlm.nih.gov/geo/samples/GSM7788nnn/GSM7788032/suppl/GSM7788032_HP10133405.bed.gz	
GSM7788033	HP10135963	HP10135963	ChIP	cell type: Healthy; chip antibody: LPWGS		ftp://ftp.ncbi.nlm.nih.gov/geo/samples/GSM7788nnn/GSM7788033/suppl/GSM7788033_HP10135963.bed.gz	
GSM7788034	HP111016	HP111016	ChIP	cell type: Healthy; chip antibody: H3K4me3		ftp://ftp.ncbi.nlm.nih.gov/geo/samples/GSM7788nnn/GSM7788034/suppl/GSM7788034_HP111016.bed.gz	
GSM7788035	HP111616	HP111616	ChIP	cell type: Healthy; chip antibody: H3K4me3		ftp://ftp.ncbi.nlm.nih.gov/geo/samples/GSM7788nnn/GSM7788035/suppl/GSM7788035_HP111616.bed.gz	
GSM7788036	HP11717Me3R1v01	HP11717Me3R1v01	ChIP	cell type: Healthy; chip antibody: H3K4me3		ftp://ftp.ncbi.nlm.nih.gov/geo/samples/GSM7788nnn/GSM7788036/suppl/GSM7788036_HP11717Me3R1v01.bed.gz	
GSM7788037	HP119862	HP119862	ChIP	cell type: Healthy; chip antibody: H3K4me3		ftp://ftp.ncbi.nlm.nih.gov/geo/samples/GSM7788nnn/GSM7788037/suppl/GSM7788037_HP119862.bed.gz	
GSM7788038	HP127557	HP127557	ChIP	cell type: Healthy; chip antibody: H3K4me3		ftp://ftp.ncbi.nlm.nih.gov/geo/samples/GSM7788nnn/GSM7788038/suppl/GSM7788038_HP127557.bed.gz	
GSM7788039	HP132279	HP132279	ChIP	cell type: Healthy; chip antibody: H3K4me3		ftp://ftp.ncbi.nlm.nih.gov/geo/samples/GSM7788nnn/GSM7788039/suppl/GSM7788039_HP132279.bed.gz	
GSM7788040	HP133814	HP133814	ChIP	cell type: Healthy; chip antibody: H3K4me3		ftp://ftp.ncbi.nlm.nih.gov/geo/samples/GSM7788nnn/GSM7788040/suppl/GSM7788040_HP133814.bed.gz	
GSM7788041	HP135963	HP135963	ChIP	cell type: Healthy; chip antibody: H3K4me3		ftp://ftp.ncbi.nlm.nih.gov/geo/samples/GSM7788nnn/GSM7788041/suppl/GSM7788041_HP135963.bed.gz	
GSM7788042	HP140197	HP140197	ChIP	cell type: Healthy; chip antibody: H3K4me3		ftp://ftp.ncbi.nlm.nih.gov/geo/samples/GSM7788nnn/GSM7788042/suppl/GSM7788042_HP140197.bed.gz	
GSM7788043	HP19862	HP19862	ChIP	cell type: Healthy; chip antibody: H3K4me3		ftp://ftp.ncbi.nlm.nih.gov/geo/samples/GSM7788nnn/GSM7788043/suppl/GSM7788043_HP19862.bed.gz	
GSM7788044	HP27557	HP27557	ChIP	cell type: Healthy; chip antibody: H3K4me3		ftp://ftp.ncbi.nlm.nih.gov/geo/samples/GSM7788nnn/GSM7788044/suppl/GSM7788044_HP27557.bed.gz	
GSM7788045	HP28203Me3R1	HP28203Me3R1	ChIP	cell type: Healthy; chip antibody: H3K4me3		ftp://ftp.ncbi.nlm.nih.gov/geo/samples/GSM7788nnn/GSM7788045/suppl/GSM7788045_HP28203Me3R1.bed.gz	
GSM7788046	HP31645Me3R1	HP31645Me3R1	ChIP	cell type: Healthy; chip antibody: H3K4me3		ftp://ftp.ncbi.nlm.nih.gov/geo/samples/GSM7788nnn/GSM7788046/suppl/GSM7788046_HP31645Me3R1.bed.gz	
GSM7788047	J_HP030132Me3	J_HP030132Me3	ChIP	cell type: Healthy; chip antibody: H3K4me3		ftp://ftp.ncbi.nlm.nih.gov/geo/samples/GSM7788nnn/GSM7788047/suppl/GSM7788047_J_HP030132Me3.bed.gz	
GSM7788048	J_HP030132PanAc	J_HP030132PanAc	ChIP	cell type: Healthy; chip antibody: PanH3ac		ftp://ftp.ncbi.nlm.nih.gov/geo/samples/GSM7788nnn/GSM7788048/suppl/GSM7788048_J_HP030132PanAc.bed.gz	
GSM7788049	J_HP030642Me3	J_HP030642Me3	ChIP	cell type: Healthy; chip antibody: H3K4me3		ftp://ftp.ncbi.nlm.nih.gov/geo/samples/GSM7788nnn/GSM7788049/suppl/GSM7788049_J_HP030642Me3.bed.gz	
GSM7788050	J_LCmlf002Me3	J_LCmlf002Me3	ChIP	cell type: NSCLC; chip antibody: H3K4me3		ftp://ftp.ncbi.nlm.nih.gov/geo/samples/GSM7788nnn/GSM7788050/suppl/GSM7788050_J_LCmlf002Me3.bed.gz	
GSM7788051	J_LCmlf002PanAc	J_LCmlf002PanAc	ChIP	cell type: NSCLC; chip antibody: PanH3ac		ftp://ftp.ncbi.nlm.nih.gov/geo/samples/GSM7788nnn/GSM7788051/suppl/GSM7788051_J_LCmlf002PanAc.bed.gz	
GSM7788052	J_LCmlf007Me3	J_LCmlf007Me3	ChIP	cell type: NSCLC; chip antibody: H3K4me3		ftp://ftp.ncbi.nlm.nih.gov/geo/samples/GSM7788nnn/GSM7788052/suppl/GSM7788052_J_LCmlf007Me3.bed.gz	
GSM7788053	J_LCmlf007PanAc	J_LCmlf007PanAc	ChIP	cell type: NSCLC; chip antibody: PanH3ac		ftp://ftp.ncbi.nlm.nih.gov/geo/samples/GSM7788nnn/GSM7788053/suppl/GSM7788053_J_LCmlf007PanAc.bed.gz	
GSM7788054	J_LCmlf009Me3	J_LCmlf009Me3	ChIP	cell type: SCLC; chip antibody: H3K4me3		ftp://ftp.ncbi.nlm.nih.gov/geo/samples/GSM7788nnn/GSM7788054/suppl/GSM7788054_J_LCmlf009Me3.bed.gz	
GSM7788055	J_PCmlf31Me3	J_PCmlf31Me3	ChIP	cell type: Prostate; chip antibody: H3K4me3		ftp://ftp.ncbi.nlm.nih.gov/geo/samples/GSM7788nnn/GSM7788055/suppl/GSM7788055_J_PCmlf31Me3.bed.gz	
GSM7788056	J_PCmlf31PanAc	J_PCmlf31PanAc	ChIP	cell type: Prostate; chip antibody: PanH3ac		ftp://ftp.ncbi.nlm.nih.gov/geo/samples/GSM7788nnn/GSM7788056/suppl/GSM7788056_J_PCmlf31PanAc.bed.gz	
GSM7788057	J_PCmlf32Me3	J_PCmlf32Me3	ChIP	cell type: Prostate; chip antibody: H3K4me3		ftp://ftp.ncbi.nlm.nih.gov/geo/samples/GSM7788nnn/GSM7788057/suppl/GSM7788057_J_PCmlf32Me3.bed.gz	
GSM7788058	JS_PC_39_JS9177_S44	JS_PC_39_JS9177_S44	ChIP	cell type: Prostate; chip antibody: H3K4me3		ftp://ftp.ncbi.nlm.nih.gov/geo/samples/GSM7788nnn/GSM7788058/suppl/GSM7788058_JS_PC_39_JS9177_S44.bed.gz	
GSM7788059	JS_PC_40_JS9177_S45	JS_PC_40_JS9177_S45	ChIP	cell type: Prostate; chip antibody: H3K4me3		ftp://ftp.ncbi.nlm.nih.gov/geo/samples/GSM7788nnn/GSM7788059/suppl/GSM7788059_JS_PC_40_JS9177_S45.bed.gz	
GSM7788060	JS_PC_42_JS9177_S47	JS_PC_42_JS9177_S47	ChIP	cell type: Prostate; chip antibody: H3K4me3		ftp://ftp.ncbi.nlm.nih.gov/geo/samples/GSM7788nnn/GSM7788060/suppl/GSM7788060_JS_PC_42_JS9177_S47.bed.gz	
GSM7788061	JS_PC_43_JS9177_S48	JS_PC_43_JS9177_S48	ChIP	cell type: Prostate; chip antibody: H3K4me3		ftp://ftp.ncbi.nlm.nih.gov/geo/samples/GSM7788nnn/GSM7788061/suppl/GSM7788061_JS_PC_43_JS9177_S48.bed.gz	
GSM7788062	JS_PC_44_JS9177_S49	JS_PC_44_JS9177_S49	ChIP	cell type: Prostate; chip antibody: H3K4me3		ftp://ftp.ncbi.nlm.nih.gov/geo/samples/GSM7788nnn/GSM7788062/suppl/GSM7788062_JS_PC_44_JS9177_S49.bed.gz	
GSM7788063	K27_AMP1	K27_AMP1	ChIP	cell type: Colorectal; chip antibody: H3K27ac		ftp://ftp.ncbi.nlm.nih.gov/geo/samples/GSM7788nnn/GSM7788063/suppl/GSM7788063_K27_AMP1.bed.gz	
GSM7788064	K27_AMP11_2	K27_AMP11_2	ChIP	cell type: Colorectal; chip antibody: H3K27ac		ftp://ftp.ncbi.nlm.nih.gov/geo/samples/GSM7788nnn/GSM7788064/suppl/GSM7788064_K27_AMP11_2.bed.gz	
GSM7788065	K27_AMP13_2	K27_AMP13_2	ChIP	cell type: Colorectal; chip antibody: H3K27ac		ftp://ftp.ncbi.nlm.nih.gov/geo/samples/GSM7788nnn/GSM7788065/suppl/GSM7788065_K27_AMP13_2.bed.gz	
GSM7788066	K27_AMP16_2	K27_AMP16_2	ChIP	cell type: Colorectal; chip antibody: H3K27ac		ftp://ftp.ncbi.nlm.nih.gov/geo/samples/GSM7788nnn/GSM7788066/suppl/GSM7788066_K27_AMP16_2.bed.gz	
GSM7788067	K27_AMP2	K27_AMP2	ChIP	cell type: Colorectal; chip antibody: H3K27ac		ftp://ftp.ncbi.nlm.nih.gov/geo/samples/GSM7788nnn/GSM7788067/suppl/GSM7788067_K27_AMP2.bed.gz	
GSM7788068	K27_AMP20_2	K27_AMP20_2	ChIP	cell type: Colorectal; chip antibody: H3K27ac		ftp://ftp.ncbi.nlm.nih.gov/geo/samples/GSM7788nnn/GSM7788068/suppl/GSM7788068_K27_AMP20_2.bed.gz	
GSM7788069	K27_AMP28_2	K27_AMP28_2	ChIP	cell type: Colorectal; chip antibody: H3K27ac		ftp://ftp.ncbi.nlm.nih.gov/geo/samples/GSM7788nnn/GSM7788069/suppl/GSM7788069_K27_AMP28_2.bed.gz	
GSM7788070	K27_AMP31_2	K27_AMP31_2	ChIP	cell type: Colorectal; chip antibody: H3K27ac		ftp://ftp.ncbi.nlm.nih.gov/geo/samples/GSM7788nnn/GSM7788070/suppl/GSM7788070_K27_AMP31_2.bed.gz	
GSM7788071	K27_AMP48_2	K27_AMP48_2	ChIP	cell type: Colorectal; chip antibody: H3K27ac		ftp://ftp.ncbi.nlm.nih.gov/geo/samples/GSM7788nnn/GSM7788071/suppl/GSM7788071_K27_AMP48_2.bed.gz	
GSM7788072	K27_AMP59_2	K27_AMP59_2	ChIP	cell type: Colorectal; chip antibody: H3K27ac		ftp://ftp.ncbi.nlm.nih.gov/geo/samples/GSM7788nnn/GSM7788072/suppl/GSM7788072_K27_AMP59_2.bed.gz	
GSM7788073	K27_AMP60_2	K27_AMP60_2	ChIP	cell type: Colorectal; chip antibody: H3K27ac		ftp://ftp.ncbi.nlm.nih.gov/geo/samples/GSM7788nnn/GSM7788073/suppl/GSM7788073_K27_AMP60_2.bed.gz	
GSM7788074	K27_AMP61_2	K27_AMP61_2	ChIP	cell type: Colorectal; chip antibody: H3K27ac		ftp://ftp.ncbi.nlm.nih.gov/geo/samples/GSM7788nnn/GSM7788074/suppl/GSM7788074_K27_AMP61_2.bed.gz	
GSM7788075	K27_AMP68_2	K27_AMP68_2	ChIP	cell type: Colorectal; chip antibody: H3K27ac		ftp://ftp.ncbi.nlm.nih.gov/geo/samples/GSM7788nnn/GSM7788075/suppl/GSM7788075_K27_AMP68_2.bed.gz	
GSM7788076	K27_AMP70_2	K27_AMP70_2	ChIP	cell type: Colorectal; chip antibody: H3K27ac		ftp://ftp.ncbi.nlm.nih.gov/geo/samples/GSM7788nnn/GSM7788076/suppl/GSM7788076_K27_AMP70_2.bed.gz	
GSM7788077	K27_BCDC158_2	K27_BCDC158_2	ChIP	cell type: Thymic; chip antibody: H3K27ac		ftp://ftp.ncbi.nlm.nih.gov/geo/samples/GSM7788nnn/GSM7788077/suppl/GSM7788077_K27_BCDC158_2.bed.gz	
GSM7788078	K27_BELI1	K27_BELI1	ChIP	cell type: Thymic; chip antibody: H3K27ac		ftp://ftp.ncbi.nlm.nih.gov/geo/samples/GSM7788nnn/GSM7788078/suppl/GSM7788078_K27_BELI1.bed.gz	
GSM7788079	K27_BELI117_2	K27_BELI117_2	ChIP	cell type: Thymic; chip antibody: H3K27ac		ftp://ftp.ncbi.nlm.nih.gov/geo/samples/GSM7788nnn/GSM7788079/suppl/GSM7788079_K27_BELI117_2.bed.gz	
GSM7788080	K27_BELI123_2	K27_BELI123_2	ChIP	cell type: Thymic; chip antibody: H3K27ac		ftp://ftp.ncbi.nlm.nih.gov/geo/samples/GSM7788nnn/GSM7788080/suppl/GSM7788080_K27_BELI123_2.bed.gz	
GSM7788081	K27_BELI2	K27_BELI2	ChIP	cell type: Thymic; chip antibody: H3K27ac		ftp://ftp.ncbi.nlm.nih.gov/geo/samples/GSM7788nnn/GSM7788081/suppl/GSM7788081_K27_BELI2.bed.gz	
GSM7788082	K27_BELI56_2	K27_BELI56_2	ChIP	cell type: Thymic; chip antibody: H3K27ac		ftp://ftp.ncbi.nlm.nih.gov/geo/samples/GSM7788nnn/GSM7788082/suppl/GSM7788082_K27_BELI56_2.bed.gz	
GSM7788083	K27_BELI64_2	K27_BELI64_2	ChIP	cell type: Thymic; chip antibody: H3K27ac		ftp://ftp.ncbi.nlm.nih.gov/geo/samples/GSM7788nnn/GSM7788083/suppl/GSM7788083_K27_BELI64_2.bed.gz	
GSM7788084	K27_BELI68_2	K27_BELI68_2	ChIP	cell type: Thymic; chip antibody: H3K27ac		ftp://ftp.ncbi.nlm.nih.gov/geo/samples/GSM7788nnn/GSM7788084/suppl/GSM7788084_K27_BELI68_2.bed.gz	
GSM7788085	K27_BELI70_2	K27_BELI70_2	ChIP	cell type: Thymic; chip antibody: H3K27ac		ftp://ftp.ncbi.nlm.nih.gov/geo/samples/GSM7788nnn/GSM7788085/suppl/GSM7788085_K27_BELI70_2.bed.gz	
GSM7788086	K27_BELI74_2	K27_BELI74_2	ChIP	cell type: Thymic; chip antibody: H3K27ac		ftp://ftp.ncbi.nlm.nih.gov/geo/samples/GSM7788nnn/GSM7788086/suppl/GSM7788086_K27_BELI74_2.bed.gz	
GSM7788087	K27_BELI82_2	K27_BELI82_2	ChIP	cell type: Thymic; chip antibody: H3K27ac		ftp://ftp.ncbi.nlm.nih.gov/geo/samples/GSM7788nnn/GSM7788087/suppl/GSM7788087_K27_BELI82_2.bed.gz	
GSM7788088	K27_BELI83_2	K27_BELI83_2	ChIP	cell type: Thymic; chip antibody: H3K27ac		ftp://ftp.ncbi.nlm.nih.gov/geo/samples/GSM7788nnn/GSM7788088/suppl/GSM7788088_K27_BELI83_2.bed.gz	
GSM7788089	k27_BELI88_2	k27_BELI88_2	ChIP	cell type: Thymic; chip antibody: H3K27ac		ftp://ftp.ncbi.nlm.nih.gov/geo/samples/GSM7788nnn/GSM7788089/suppl/GSM7788089_k27_BELI88_2.bed.gz	
GSM7788090	k27_BELI90_2	k27_BELI90_2	ChIP	cell type: Thymic; chip antibody: H3K27ac		ftp://ftp.ncbi.nlm.nih.gov/geo/samples/GSM7788nnn/GSM7788090/suppl/GSM7788090_k27_BELI90_2.bed.gz	
GSM7788091	K27_BELI92_2	K27_BELI92_2	ChIP	cell type: Thymic; chip antibody: H3K27ac		ftp://ftp.ncbi.nlm.nih.gov/geo/samples/GSM7788nnn/GSM7788091/suppl/GSM7788091_K27_BELI92_2.bed.gz	
GSM7788092	K27_BELI95_2	K27_BELI95_2	ChIP	cell type: Thymic; chip antibody: H3K27ac		ftp://ftp.ncbi.nlm.nih.gov/geo/samples/GSM7788nnn/GSM7788092/suppl/GSM7788092_K27_BELI95_2.bed.gz	
GSM7788093	k27_BMS12_2	k27_BMS12_2	ChIP	cell type: Renal; chip antibody: H3K27ac		ftp://ftp.ncbi.nlm.nih.gov/geo/samples/GSM7788nnn/GSM7788093/suppl/GSM7788093_k27_BMS12_2.bed.gz	
GSM7788094	k27_BMS15_2	k27_BMS15_2	ChIP	cell type: Renal; chip antibody: H3K27ac		ftp://ftp.ncbi.nlm.nih.gov/geo/samples/GSM7788nnn/GSM7788094/suppl/GSM7788094_k27_BMS15_2.bed.gz	
GSM7788095	K27_BMS19_2	K27_BMS19_2	ChIP	cell type: Renal; chip antibody: H3K27ac		ftp://ftp.ncbi.nlm.nih.gov/geo/samples/GSM7788nnn/GSM7788095/suppl/GSM7788095_K27_BMS19_2.bed.gz	
GSM7788096	K27_BMS23_2	K27_BMS23_2	ChIP	cell type: Renal; chip antibody: H3K27ac		ftp://ftp.ncbi.nlm.nih.gov/geo/samples/GSM7788nnn/GSM7788096/suppl/GSM7788096_K27_BMS23_2.bed.gz	
GSM7788097	K27_BMS28_2	K27_BMS28_2	ChIP	cell type: Renal; chip antibody: H3K27ac		ftp://ftp.ncbi.nlm.nih.gov/geo/samples/GSM7788nnn/GSM7788097/suppl/GSM7788097_K27_BMS28_2.bed.gz	
GSM7788098	K27_BMS31_2	K27_BMS31_2	ChIP	cell type: Renal; chip antibody: H3K27ac		ftp://ftp.ncbi.nlm.nih.gov/geo/samples/GSM7788nnn/GSM7788098/suppl/GSM7788098_K27_BMS31_2.bed.gz	
GSM7788099	K27_BMS35_2	K27_BMS35_2	ChIP	cell type: Renal; chip antibody: H3K27ac		ftp://ftp.ncbi.nlm.nih.gov/geo/samples/GSM7788nnn/GSM7788099/suppl/GSM7788099_K27_BMS35_2.bed.gz	
GSM7788100	K27_BMS4_2	K27_BMS4_2	ChIP	cell type: Renal; chip antibody: H3K27ac		ftp://ftp.ncbi.nlm.nih.gov/geo/samples/GSM7788nnn/GSM7788100/suppl/GSM7788100_K27_BMS4_2.bed.gz	
GSM7788101	K27_BMS7_2	K27_BMS7_2	ChIP	cell type: Renal; chip antibody: H3K27ac		ftp://ftp.ncbi.nlm.nih.gov/geo/samples/GSM7788nnn/GSM7788101/suppl/GSM7788101_K27_BMS7_2.bed.gz	
GSM7788102	K27_BYLU432_1	K27_BYLU432_1	ChIP	cell type: NSCLC; chip antibody: H3K27ac		ftp://ftp.ncbi.nlm.nih.gov/geo/samples/GSM7788nnn/GSM7788102/suppl/GSM7788102_K27_BYLU432_1.bed.gz	
GSM7788103	K27_CAI726_2	K27_CAI726_2	ChIP	cell type: Ovarian; chip antibody: H3K27ac		ftp://ftp.ncbi.nlm.nih.gov/geo/samples/GSM7788nnn/GSM7788103/suppl/GSM7788103_K27_CAI726_2.bed.gz	
GSM7788104	k27_GFBVK	k27_GFBVK	ChIP	cell type: Breast; chip antibody: H3K27ac		ftp://ftp.ncbi.nlm.nih.gov/geo/samples/GSM7788nnn/GSM7788104/suppl/GSM7788104_k27_GFBVK.bed.gz	
GSM7788105	k27_H5JLI	k27_H5JLI	ChIP	cell type: Breast; chip antibody: H3K27ac		ftp://ftp.ncbi.nlm.nih.gov/geo/samples/GSM7788nnn/GSM7788105/suppl/GSM7788105_k27_H5JLI.bed.gz	
GSM7788106	k27_HIRFD	k27_HIRFD	ChIP	cell type: Breast; chip antibody: H3K27ac		ftp://ftp.ncbi.nlm.nih.gov/geo/samples/GSM7788nnn/GSM7788106/suppl/GSM7788106_k27_HIRFD.bed.gz	
GSM7788107	K27_HPC81_1	K27_HPC81_1	ChIP	cell type: Prostate; chip antibody: H3K27ac		ftp://ftp.ncbi.nlm.nih.gov/geo/samples/GSM7788nnn/GSM7788107/suppl/GSM7788107_K27_HPC81_1.bed.gz	
GSM7788108	K27_HPC81_2	K27_HPC81_2	ChIP	cell type: Prostate; chip antibody: H3K27ac		ftp://ftp.ncbi.nlm.nih.gov/geo/samples/GSM7788nnn/GSM7788108/suppl/GSM7788108_K27_HPC81_2.bed.gz	
GSM7788109	K27_ISIS109_1	K27_ISIS109_1	ChIP	cell type: Colorectal; chip antibody: H3K27ac		ftp://ftp.ncbi.nlm.nih.gov/geo/samples/GSM7788nnn/GSM7788109/suppl/GSM7788109_K27_ISIS109_1.bed.gz	
GSM7788110	K27_ISIS13_1	K27_ISIS13_1	ChIP	cell type: Colorectal; chip antibody: H3K27ac		ftp://ftp.ncbi.nlm.nih.gov/geo/samples/GSM7788nnn/GSM7788110/suppl/GSM7788110_K27_ISIS13_1.bed.gz	
GSM7788111	k27_ISIS151_1	k27_ISIS151_1	ChIP	cell type: Colorectal; chip antibody: H3K27ac		ftp://ftp.ncbi.nlm.nih.gov/geo/samples/GSM7788nnn/GSM7788111/suppl/GSM7788111_k27_ISIS151_1.bed.gz	
GSM7788112	K27_ISIS184_1	K27_ISIS184_1	ChIP	cell type: Colorectal; chip antibody: H3K27ac		ftp://ftp.ncbi.nlm.nih.gov/geo/samples/GSM7788nnn/GSM7788112/suppl/GSM7788112_K27_ISIS184_1.bed.gz	
GSM7788113	K27_ISIS21_1	K27_ISIS21_1	ChIP	cell type: Colorectal; chip antibody: H3K27ac		ftp://ftp.ncbi.nlm.nih.gov/geo/samples/GSM7788nnn/GSM7788113/suppl/GSM7788113_K27_ISIS21_1.bed.gz	
GSM7788114	K27_ISIS32_1	K27_ISIS32_1	ChIP	cell type: Colorectal; chip antibody: H3K27ac		ftp://ftp.ncbi.nlm.nih.gov/geo/samples/GSM7788nnn/GSM7788114/suppl/GSM7788114_K27_ISIS32_1.bed.gz	
GSM7788115	K27_ISIS337_1	K27_ISIS337_1	ChIP	cell type: Colorectal; chip antibody: H3K27ac		ftp://ftp.ncbi.nlm.nih.gov/geo/samples/GSM7788nnn/GSM7788115/suppl/GSM7788115_K27_ISIS337_1.bed.gz	
GSM7788116	K27_ISIS342_1	K27_ISIS342_1	ChIP	cell type: Colorectal; chip antibody: H3K27ac		ftp://ftp.ncbi.nlm.nih.gov/geo/samples/GSM7788nnn/GSM7788116/suppl/GSM7788116_K27_ISIS342_1.bed.gz	
GSM7788117	K27_ISIS356_1	K27_ISIS356_1	ChIP	cell type: Ovarian; chip antibody: H3K27ac		ftp://ftp.ncbi.nlm.nih.gov/geo/samples/GSM7788nnn/GSM7788117/suppl/GSM7788117_K27_ISIS356_1.bed.gz	
GSM7788118	K27_ISIS363_1	K27_ISIS363_1	ChIP	cell type: Colorectal; chip antibody: H3K27ac		ftp://ftp.ncbi.nlm.nih.gov/geo/samples/GSM7788nnn/GSM7788118/suppl/GSM7788118_K27_ISIS363_1.bed.gz	
GSM7788119	K27_ISIS90_1	K27_ISIS90_1	ChIP	cell type: Colorectal; chip antibody: H3K27ac		ftp://ftp.ncbi.nlm.nih.gov/geo/samples/GSM7788nnn/GSM7788119/suppl/GSM7788119_K27_ISIS90_1.bed.gz	
GSM7788120	k27_JR6BR	k27_JR6BR	ChIP	cell type: Breast; chip antibody: H3K27ac		ftp://ftp.ncbi.nlm.nih.gov/geo/samples/GSM7788nnn/GSM7788120/suppl/GSM7788120_k27_JR6BR.bed.gz	
GSM7788121	k27_KN7SQ	k27_KN7SQ	ChIP	cell type: Breast; chip antibody: H3K27ac		ftp://ftp.ncbi.nlm.nih.gov/geo/samples/GSM7788nnn/GSM7788121/suppl/GSM7788121_k27_KN7SQ.bed.gz	
GSM7788122	k27_KOL1X	k27_KOL1X	ChIP	cell type: Breast; chip antibody: H3K27ac		ftp://ftp.ncbi.nlm.nih.gov/geo/samples/GSM7788nnn/GSM7788122/suppl/GSM7788122_k27_KOL1X.bed.gz	
GSM7788123	k27_KVFUI	k27_KVFUI	ChIP	cell type: Breast; chip antibody: H3K27ac		ftp://ftp.ncbi.nlm.nih.gov/geo/samples/GSM7788nnn/GSM7788123/suppl/GSM7788123_k27_KVFUI.bed.gz	
GSM7788124	k27_L3V83	k27_L3V83	ChIP	cell type: Breast; chip antibody: H3K27ac		ftp://ftp.ncbi.nlm.nih.gov/geo/samples/GSM7788nnn/GSM7788124/suppl/GSM7788124_k27_L3V83.bed.gz	
GSM7788125	k27_LC25	k27_LC25	ChIP	cell type: NSCLC; chip antibody: H3K27ac		ftp://ftp.ncbi.nlm.nih.gov/geo/samples/GSM7788nnn/GSM7788125/suppl/GSM7788125_k27_LC25.bed.gz	
GSM7788126	k27_LC33g	k27_LC33g	ChIP	cell type: SCLC; chip antibody: H3K27ac		ftp://ftp.ncbi.nlm.nih.gov/geo/samples/GSM7788nnn/GSM7788126/suppl/GSM7788126_k27_LC33g.bed.gz	
GSM7788127	k27_LC33m	k27_LC33m	ChIP	cell type: SCLC; chip antibody: H3K27ac		ftp://ftp.ncbi.nlm.nih.gov/geo/samples/GSM7788nnn/GSM7788127/suppl/GSM7788127_k27_LC33m.bed.gz	
GSM7788128	k27_LC34	k27_LC34	ChIP	cell type: SCLC; chip antibody: H3K27ac		ftp://ftp.ncbi.nlm.nih.gov/geo/samples/GSM7788nnn/GSM7788128/suppl/GSM7788128_k27_LC34.bed.gz	
GSM7788129	K27_LC46_CD	K27_LC46_CD	ChIP	cell type: SCLC; chip antibody: H3K27ac		ftp://ftp.ncbi.nlm.nih.gov/geo/samples/GSM7788nnn/GSM7788129/suppl/GSM7788129_K27_LC46_CD.bed.gz	
GSM7788130	K27_LC46_IDT	K27_LC46_IDT	ChIP	cell type: SCLC; chip antibody: H3K27ac		ftp://ftp.ncbi.nlm.nih.gov/geo/samples/GSM7788nnn/GSM7788130/suppl/GSM7788130_K27_LC46_IDT.bed.gz	
GSM7788131	K27_LC46_Tak	K27_LC46_Tak	ChIP	cell type: SCLC; chip antibody: H3K27ac		ftp://ftp.ncbi.nlm.nih.gov/geo/samples/GSM7788nnn/GSM7788131/suppl/GSM7788131_K27_LC46_Tak.bed.gz	
GSM7788132	k27_LWZIR	k27_LWZIR	ChIP	cell type: Breast; chip antibody: H3K27ac		ftp://ftp.ncbi.nlm.nih.gov/geo/samples/GSM7788nnn/GSM7788132/suppl/GSM7788132_k27_LWZIR.bed.gz	
GSM7788133	k27_LYCQK	k27_LYCQK	ChIP	cell type: Breast; chip antibody: H3K27ac		ftp://ftp.ncbi.nlm.nih.gov/geo/samples/GSM7788nnn/GSM7788133/suppl/GSM7788133_k27_LYCQK.bed.gz	
GSM7788134	K27_Merk165	K27_Merk165	ChIP	cell type: Merkel cell; chip antibody: H3K27ac		ftp://ftp.ncbi.nlm.nih.gov/geo/samples/GSM7788nnn/GSM7788134/suppl/GSM7788134_K27_Merk165.bed.gz	
GSM7788135	K27_Merk168	K27_Merk168	ChIP	cell type: Merkel cell; chip antibody: H3K27ac		ftp://ftp.ncbi.nlm.nih.gov/geo/samples/GSM7788nnn/GSM7788135/suppl/GSM7788135_K27_Merk168.bed.gz	
GSM7788136	K27_Merk197	K27_Merk197	ChIP	cell type: Merkel cell; chip antibody: H3K27ac		ftp://ftp.ncbi.nlm.nih.gov/geo/samples/GSM7788nnn/GSM7788136/suppl/GSM7788136_K27_Merk197.bed.gz	
GSM7788137	K27_Merk212	K27_Merk212	ChIP	cell type: Merkel cell; chip antibody: H3K27ac		ftp://ftp.ncbi.nlm.nih.gov/geo/samples/GSM7788nnn/GSM7788137/suppl/GSM7788137_K27_Merk212.bed.gz	
GSM7788138	K27_Merk229	K27_Merk229	ChIP	cell type: Merkel cell; chip antibody: H3K27ac		ftp://ftp.ncbi.nlm.nih.gov/geo/samples/GSM7788nnn/GSM7788138/suppl/GSM7788138_K27_Merk229.bed.gz	
GSM7788139	K27_MGI44_1	K27_MGI44_1	ChIP	cell type: Ovarian; chip antibody: H3K27ac		ftp://ftp.ncbi.nlm.nih.gov/geo/samples/GSM7788nnn/GSM7788139/suppl/GSM7788139_K27_MGI44_1.bed.gz	
GSM7788140	K27_MGI933_1	K27_MGI933_1	ChIP	cell type: Ovarian; chip antibody: H3K27ac		ftp://ftp.ncbi.nlm.nih.gov/geo/samples/GSM7788nnn/GSM7788140/suppl/GSM7788140_K27_MGI933_1.bed.gz	
GSM7788141	K27_MGI938_1	K27_MGI938_1	ChIP	cell type: Ovarian; chip antibody: H3K27ac		ftp://ftp.ncbi.nlm.nih.gov/geo/samples/GSM7788nnn/GSM7788141/suppl/GSM7788141_K27_MGI938_1.bed.gz	
GSM7788142	K27_MGI940_1	K27_MGI940_1	ChIP	cell type: Ovarian; chip antibody: H3K27ac		ftp://ftp.ncbi.nlm.nih.gov/geo/samples/GSM7788nnn/GSM7788142/suppl/GSM7788142_K27_MGI940_1.bed.gz	
GSM7788143	K27_MGI942_1	K27_MGI942_1	ChIP	cell type: Ovarian; chip antibody: H3K27ac		ftp://ftp.ncbi.nlm.nih.gov/geo/samples/GSM7788nnn/GSM7788143/suppl/GSM7788143_K27_MGI942_1.bed.gz	
GSM7788144	K27_MGI946_1	K27_MGI946_1	ChIP	cell type: Ovarian; chip antibody: H3K27ac		ftp://ftp.ncbi.nlm.nih.gov/geo/samples/GSM7788nnn/GSM7788144/suppl/GSM7788144_K27_MGI946_1.bed.gz	
GSM7788145	K27_MGI952_2	K27_MGI952_2	ChIP	cell type: Ovarian; chip antibody: H3K27ac		ftp://ftp.ncbi.nlm.nih.gov/geo/samples/GSM7788nnn/GSM7788145/suppl/GSM7788145_K27_MGI952_2.bed.gz	
GSM7788146	K27_MGI954_1	K27_MGI954_1	ChIP	cell type: Ovarian; chip antibody: H3K27ac		ftp://ftp.ncbi.nlm.nih.gov/geo/samples/GSM7788nnn/GSM7788146/suppl/GSM7788146_K27_MGI954_1.bed.gz	
GSM7788147	K27_MGI956_2	K27_MGI956_2	ChIP	cell type: Ovarian; chip antibody: H3K27ac		ftp://ftp.ncbi.nlm.nih.gov/geo/samples/GSM7788nnn/GSM7788147/suppl/GSM7788147_K27_MGI956_2.bed.gz	
GSM7788148	K27_MGI958_1	K27_MGI958_1	ChIP	cell type: Ovarian; chip antibody: H3K27ac		ftp://ftp.ncbi.nlm.nih.gov/geo/samples/GSM7788nnn/GSM7788148/suppl/GSM7788148_K27_MGI958_1.bed.gz	
GSM7788149	k27_MMYE1	k27_MMYE1	ChIP	cell type: Breast; chip antibody: H3K27ac		ftp://ftp.ncbi.nlm.nih.gov/geo/samples/GSM7788nnn/GSM7788149/suppl/GSM7788149_k27_MMYE1.bed.gz	
GSM7788150	K27_NEPC13	K27_NEPC13	ChIP	cell type: NEPC; chip antibody: H3K27ac		ftp://ftp.ncbi.nlm.nih.gov/geo/samples/GSM7788nnn/GSM7788150/suppl/GSM7788150_K27_NEPC13.bed.gz	
GSM7788151	K27_NEPC14	K27_NEPC14	ChIP	cell type: NEPC; chip antibody: H3K27ac		ftp://ftp.ncbi.nlm.nih.gov/geo/samples/GSM7788nnn/GSM7788151/suppl/GSM7788151_K27_NEPC14.bed.gz	
GSM7788152	K27_NEPC15	K27_NEPC15	ChIP	cell type: NEPC; chip antibody: H3K27ac		ftp://ftp.ncbi.nlm.nih.gov/geo/samples/GSM7788nnn/GSM7788152/suppl/GSM7788152_K27_NEPC15.bed.gz	
GSM7788153	K27_NEPC16	K27_NEPC16	ChIP	cell type: Prostate; chip antibody: H3K27ac		ftp://ftp.ncbi.nlm.nih.gov/geo/samples/GSM7788nnn/GSM7788153/suppl/GSM7788153_K27_NEPC16.bed.gz	
GSM7788154	K27_NEPC17	K27_NEPC17	ChIP	cell type: Prostate; chip antibody: H3K27ac		ftp://ftp.ncbi.nlm.nih.gov/geo/samples/GSM7788nnn/GSM7788154/suppl/GSM7788154_K27_NEPC17.bed.gz	
GSM7788155	K27_NEPC18	K27_NEPC18	ChIP	cell type: NEPC; chip antibody: H3K27ac		ftp://ftp.ncbi.nlm.nih.gov/geo/samples/GSM7788nnn/GSM7788155/suppl/GSM7788155_K27_NEPC18.bed.gz	
GSM7788156	K27_NEPC19	K27_NEPC19	ChIP	cell type: NEPC; chip antibody: H3K27ac		ftp://ftp.ncbi.nlm.nih.gov/geo/samples/GSM7788nnn/GSM7788156/suppl/GSM7788156_K27_NEPC19.bed.gz	
GSM7788157	K27_NEPC20	K27_NEPC20	ChIP	cell type: Prostate; chip antibody: H3K27ac		ftp://ftp.ncbi.nlm.nih.gov/geo/samples/GSM7788nnn/GSM7788157/suppl/GSM7788157_K27_NEPC20.bed.gz	
GSM7788158	K27_NEPC21	K27_NEPC21	ChIP	cell type: Prostate; chip antibody: H3K27ac		ftp://ftp.ncbi.nlm.nih.gov/geo/samples/GSM7788nnn/GSM7788158/suppl/GSM7788158_K27_NEPC21.bed.gz	
GSM7788159	K27_NEPC22	K27_NEPC22	ChIP	cell type: NEPC; chip antibody: H3K27ac		ftp://ftp.ncbi.nlm.nih.gov/geo/samples/GSM7788nnn/GSM7788159/suppl/GSM7788159_K27_NEPC22.bed.gz	
GSM7788160	K27_PS1	K27_PS1	ChIP	cell type: NSCLC; chip antibody: H3K27ac		ftp://ftp.ncbi.nlm.nih.gov/geo/samples/GSM7788nnn/GSM7788160/suppl/GSM7788160_K27_PS1.bed.gz	
GSM7788161	K27_PS122_2	K27_PS122_2	ChIP	cell type: NSCLC; chip antibody: H3K27ac		ftp://ftp.ncbi.nlm.nih.gov/geo/samples/GSM7788nnn/GSM7788161/suppl/GSM7788161_K27_PS122_2.bed.gz	
GSM7788162	K27_PS123_2	K27_PS123_2	ChIP	cell type: NSCLC; chip antibody: H3K27ac		ftp://ftp.ncbi.nlm.nih.gov/geo/samples/GSM7788nnn/GSM7788162/suppl/GSM7788162_K27_PS123_2.bed.gz	
GSM7788163	K27_PS154_1	K27_PS154_1	ChIP	cell type: NSCLC; chip antibody: H3K27ac		ftp://ftp.ncbi.nlm.nih.gov/geo/samples/GSM7788nnn/GSM7788163/suppl/GSM7788163_K27_PS154_1.bed.gz	
GSM7788164	K27_PS173_1	K27_PS173_1	ChIP	cell type: NSCLC; chip antibody: H3K27ac		ftp://ftp.ncbi.nlm.nih.gov/geo/samples/GSM7788nnn/GSM7788164/suppl/GSM7788164_K27_PS173_1.bed.gz	
GSM7788165	K27_PS197_2	K27_PS197_2	ChIP	cell type: NSCLC; chip antibody: H3K27ac		ftp://ftp.ncbi.nlm.nih.gov/geo/samples/GSM7788nnn/GSM7788165/suppl/GSM7788165_K27_PS197_2.bed.gz	
GSM7788166	K27_PS2	K27_PS2	ChIP	cell type: NSCLC; chip antibody: H3K27ac		ftp://ftp.ncbi.nlm.nih.gov/geo/samples/GSM7788nnn/GSM7788166/suppl/GSM7788166_K27_PS2.bed.gz	
GSM7788167	K27_PS219_2	K27_PS219_2	ChIP	cell type: NSCLC; chip antibody: H3K27ac		ftp://ftp.ncbi.nlm.nih.gov/geo/samples/GSM7788nnn/GSM7788167/suppl/GSM7788167_K27_PS219_2.bed.gz	
GSM7788168	K27_PS245_2	K27_PS245_2	ChIP	cell type: NSCLC; chip antibody: H3K27ac		ftp://ftp.ncbi.nlm.nih.gov/geo/samples/GSM7788nnn/GSM7788168/suppl/GSM7788168_K27_PS245_2.bed.gz	
GSM7788169	K27_PS248_2	K27_PS248_2	ChIP	cell type: NSCLC; chip antibody: H3K27ac		ftp://ftp.ncbi.nlm.nih.gov/geo/samples/GSM7788nnn/GSM7788169/suppl/GSM7788169_K27_PS248_2.bed.gz	
GSM7788170	k27_PS278_2	k27_PS278_2	ChIP	cell type: NSCLC; chip antibody: H3K27ac		ftp://ftp.ncbi.nlm.nih.gov/geo/samples/GSM7788nnn/GSM7788170/suppl/GSM7788170_k27_PS278_2.bed.gz	
GSM7788171	k27_PS296_2	k27_PS296_2	ChIP	cell type: NSCLC; chip antibody: H3K27ac		ftp://ftp.ncbi.nlm.nih.gov/geo/samples/GSM7788nnn/GSM7788171/suppl/GSM7788171_k27_PS296_2.bed.gz	
GSM7788172	K27_PS325_2	K27_PS325_2	ChIP	cell type: NSCLC; chip antibody: H3K27ac		ftp://ftp.ncbi.nlm.nih.gov/geo/samples/GSM7788nnn/GSM7788172/suppl/GSM7788172_K27_PS325_2.bed.gz	
GSM7788173	K27_PS353_2	K27_PS353_2	ChIP	cell type: NSCLC; chip antibody: H3K27ac		ftp://ftp.ncbi.nlm.nih.gov/geo/samples/GSM7788nnn/GSM7788173/suppl/GSM7788173_K27_PS353_2.bed.gz	
GSM7788174	K27_PS381_2	K27_PS381_2	ChIP	cell type: NSCLC; chip antibody: H3K27ac		ftp://ftp.ncbi.nlm.nih.gov/geo/samples/GSM7788nnn/GSM7788174/suppl/GSM7788174_K27_PS381_2.bed.gz	
GSM7788175	K27_PS410_2	K27_PS410_2	ChIP	cell type: NSCLC; chip antibody: H3K27ac		ftp://ftp.ncbi.nlm.nih.gov/geo/samples/GSM7788nnn/GSM7788175/suppl/GSM7788175_K27_PS410_2.bed.gz	
GSM7788176	K27_PS438_2	K27_PS438_2	ChIP	cell type: NSCLC; chip antibody: H3K27ac		ftp://ftp.ncbi.nlm.nih.gov/geo/samples/GSM7788nnn/GSM7788176/suppl/GSM7788176_K27_PS438_2.bed.gz	
GSM7788177	K27_PS466_2	K27_PS466_2	ChIP	cell type: NSCLC; chip antibody: H3K27ac		ftp://ftp.ncbi.nlm.nih.gov/geo/samples/GSM7788nnn/GSM7788177/suppl/GSM7788177_K27_PS466_2.bed.gz	
GSM7788178	K27_PS475_2	K27_PS475_2	ChIP	cell type: NSCLC; chip antibody: H3K27ac		ftp://ftp.ncbi.nlm.nih.gov/geo/samples/GSM7788nnn/GSM7788178/suppl/GSM7788178_K27_PS475_2.bed.gz	
GSM7788179	K27_PS55_2	K27_PS55_2	ChIP	cell type: NSCLC; chip antibody: H3K27ac		ftp://ftp.ncbi.nlm.nih.gov/geo/samples/GSM7788nnn/GSM7788179/suppl/GSM7788179_K27_PS55_2.bed.gz	
GSM7788180	K27_PS75_2	K27_PS75_2	ChIP	cell type: NSCLC; chip antibody: H3K27ac		ftp://ftp.ncbi.nlm.nih.gov/geo/samples/GSM7788nnn/GSM7788180/suppl/GSM7788180_K27_PS75_2.bed.gz	
GSM7788181	K27_PS96_2	K27_PS96_2	ChIP	cell type: NSCLC; chip antibody: H3K27ac		ftp://ftp.ncbi.nlm.nih.gov/geo/samples/GSM7788nnn/GSM7788181/suppl/GSM7788181_K27_PS96_2.bed.gz	
GSM7788182	K27_SATR1_2	K27_SATR1_2	ChIP	cell type: Prostate; chip antibody: H3K27ac		ftp://ftp.ncbi.nlm.nih.gov/geo/samples/GSM7788nnn/GSM7788182/suppl/GSM7788182_K27_SATR1_2.bed.gz	
GSM7788183	K27_SMAC05_2	K27_SMAC05_2	ChIP	cell type: Ovarian; chip antibody: H3K27ac		ftp://ftp.ncbi.nlm.nih.gov/geo/samples/GSM7788nnn/GSM7788183/suppl/GSM7788183_K27_SMAC05_2.bed.gz	
GSM7788184	K27_SMAC11_2	K27_SMAC11_2	ChIP	cell type: Ovarian; chip antibody: H3K27ac		ftp://ftp.ncbi.nlm.nih.gov/geo/samples/GSM7788nnn/GSM7788184/suppl/GSM7788184_K27_SMAC11_2.bed.gz	
GSM7788185	K27_SMAC23_2	K27_SMAC23_2	ChIP	cell type: Ovarian; chip antibody: H3K27ac		ftp://ftp.ncbi.nlm.nih.gov/geo/samples/GSM7788nnn/GSM7788185/suppl/GSM7788185_K27_SMAC23_2.bed.gz	
GSM7788186	K27_SMAC26_2	K27_SMAC26_2	ChIP	cell type: Ovarian; chip antibody: H3K27ac		ftp://ftp.ncbi.nlm.nih.gov/geo/samples/GSM7788nnn/GSM7788186/suppl/GSM7788186_K27_SMAC26_2.bed.gz	
GSM7788187	K27_SMAC35_2	K27_SMAC35_2	ChIP	cell type: Ovarian; chip antibody: H3K27ac		ftp://ftp.ncbi.nlm.nih.gov/geo/samples/GSM7788nnn/GSM7788187/suppl/GSM7788187_K27_SMAC35_2.bed.gz	
GSM7788188	K27_SMAC41_2	K27_SMAC41_2	ChIP	cell type: Ovarian; chip antibody: H3K27ac		ftp://ftp.ncbi.nlm.nih.gov/geo/samples/GSM7788nnn/GSM7788188/suppl/GSM7788188_K27_SMAC41_2.bed.gz	
GSM7788189	K27_SMAC49_2	K27_SMAC49_2	ChIP	cell type: Ovarian; chip antibody: H3K27ac		ftp://ftp.ncbi.nlm.nih.gov/geo/samples/GSM7788nnn/GSM7788189/suppl/GSM7788189_K27_SMAC49_2.bed.gz	
GSM7788190	K27_SMAC57_2	K27_SMAC57_2	ChIP	cell type: Ovarian; chip antibody: H3K27ac		ftp://ftp.ncbi.nlm.nih.gov/geo/samples/GSM7788nnn/GSM7788190/suppl/GSM7788190_K27_SMAC57_2.bed.gz	
GSM7788191	K27_SMAC64_2	K27_SMAC64_2	ChIP	cell type: Ovarian; chip antibody: H3K27ac		ftp://ftp.ncbi.nlm.nih.gov/geo/samples/GSM7788nnn/GSM7788191/suppl/GSM7788191_K27_SMAC64_2.bed.gz	
GSM7788192	K27_SMAC70_2	K27_SMAC70_2	ChIP	cell type: Ovarian; chip antibody: H3K27ac		ftp://ftp.ncbi.nlm.nih.gov/geo/samples/GSM7788nnn/GSM7788192/suppl/GSM7788192_K27_SMAC70_2.bed.gz	
GSM7788193	K27_SMAC78_2	K27_SMAC78_2	ChIP	cell type: Ovarian; chip antibody: H3K27ac		ftp://ftp.ncbi.nlm.nih.gov/geo/samples/GSM7788nnn/GSM7788193/suppl/GSM7788193_K27_SMAC78_2.bed.gz	
GSM7788194	K27_TRC094_1	K27_TRC094_1	ChIP	cell type: Prostate; chip antibody: H3K27ac		ftp://ftp.ncbi.nlm.nih.gov/geo/samples/GSM7788nnn/GSM7788194/suppl/GSM7788194_K27_TRC094_1.bed.gz	
GSM7788195	K27_TRC1	K27_TRC1	ChIP	cell type: Prostate; chip antibody: H3K27ac		ftp://ftp.ncbi.nlm.nih.gov/geo/samples/GSM7788nnn/GSM7788195/suppl/GSM7788195_K27_TRC1.bed.gz	
GSM7788196	K27_TRC11_1	K27_TRC11_1	ChIP	cell type: Prostate; chip antibody: H3K27ac		ftp://ftp.ncbi.nlm.nih.gov/geo/samples/GSM7788nnn/GSM7788196/suppl/GSM7788196_K27_TRC11_1.bed.gz	
GSM7788197	K27_TRC121_2	K27_TRC121_2	ChIP	cell type: Prostate; chip antibody: H3K27ac		ftp://ftp.ncbi.nlm.nih.gov/geo/samples/GSM7788nnn/GSM7788197/suppl/GSM7788197_K27_TRC121_2.bed.gz	
GSM7788198	K27_TRC133_2	K27_TRC133_2	ChIP	cell type: Prostate; chip antibody: H3K27ac		ftp://ftp.ncbi.nlm.nih.gov/geo/samples/GSM7788nnn/GSM7788198/suppl/GSM7788198_K27_TRC133_2.bed.gz	
GSM7788199	K27_TRC134_1	K27_TRC134_1	ChIP	cell type: Prostate; chip antibody: H3K27ac		ftp://ftp.ncbi.nlm.nih.gov/geo/samples/GSM7788nnn/GSM7788199/suppl/GSM7788199_K27_TRC134_1.bed.gz	
GSM7788200	K27_TRC148_2	K27_TRC148_2	ChIP	cell type: Prostate; chip antibody: H3K27ac		ftp://ftp.ncbi.nlm.nih.gov/geo/samples/GSM7788nnn/GSM7788200/suppl/GSM7788200_K27_TRC148_2.bed.gz	
GSM7788201	K27_TRC2	K27_TRC2	ChIP	cell type: Prostate; chip antibody: H3K27ac		ftp://ftp.ncbi.nlm.nih.gov/geo/samples/GSM7788nnn/GSM7788201/suppl/GSM7788201_K27_TRC2.bed.gz	
GSM7788202	K27_TRC23_1	K27_TRC23_1	ChIP	cell type: Prostate; chip antibody: H3K27ac		ftp://ftp.ncbi.nlm.nih.gov/geo/samples/GSM7788nnn/GSM7788202/suppl/GSM7788202_K27_TRC23_1.bed.gz	
GSM7788203	K27_TRC25_1	K27_TRC25_1	ChIP	cell type: Prostate; chip antibody: H3K27ac		ftp://ftp.ncbi.nlm.nih.gov/geo/samples/GSM7788nnn/GSM7788203/suppl/GSM7788203_K27_TRC25_1.bed.gz	
GSM7788204	K27_TRC30_1	K27_TRC30_1	ChIP	cell type: Prostate; chip antibody: H3K27ac		ftp://ftp.ncbi.nlm.nih.gov/geo/samples/GSM7788nnn/GSM7788204/suppl/GSM7788204_K27_TRC30_1.bed.gz	
GSM7788205	K27_TRC40_1	K27_TRC40_1	ChIP	cell type: Prostate; chip antibody: H3K27ac		ftp://ftp.ncbi.nlm.nih.gov/geo/samples/GSM7788nnn/GSM7788205/suppl/GSM7788205_K27_TRC40_1.bed.gz	
GSM7788206	K27_TRC42_1	K27_TRC42_1	ChIP	cell type: Prostate; chip antibody: H3K27ac		ftp://ftp.ncbi.nlm.nih.gov/geo/samples/GSM7788nnn/GSM7788206/suppl/GSM7788206_K27_TRC42_1.bed.gz	
GSM7788207	K27_TRC53_1	K27_TRC53_1	ChIP	cell type: Prostate; chip antibody: H3K27ac		ftp://ftp.ncbi.nlm.nih.gov/geo/samples/GSM7788nnn/GSM7788207/suppl/GSM7788207_K27_TRC53_1.bed.gz	
GSM7788208	K27_TRC61_2	K27_TRC61_2	ChIP	cell type: Prostate; chip antibody: H3K27ac		ftp://ftp.ncbi.nlm.nih.gov/geo/samples/GSM7788nnn/GSM7788208/suppl/GSM7788208_K27_TRC61_2.bed.gz	
GSM7788209	K27_TRC67_1	K27_TRC67_1	ChIP	cell type: Prostate; chip antibody: H3K27ac		ftp://ftp.ncbi.nlm.nih.gov/geo/samples/GSM7788nnn/GSM7788209/suppl/GSM7788209_K27_TRC67_1.bed.gz	
GSM7788210	K27_TRC78_2	K27_TRC78_2	ChIP	cell type: Prostate; chip antibody: H3K27ac		ftp://ftp.ncbi.nlm.nih.gov/geo/samples/GSM7788nnn/GSM7788210/suppl/GSM7788210_K27_TRC78_2.bed.gz	
GSM7788211	K27_TRC84_1	K27_TRC84_1	ChIP	cell type: Prostate; chip antibody: H3K27ac		ftp://ftp.ncbi.nlm.nih.gov/geo/samples/GSM7788nnn/GSM7788211/suppl/GSM7788211_K27_TRC84_1.bed.gz	
GSM7788212	K27_TRC97_1	K27_TRC97_1	ChIP	cell type: Prostate; chip antibody: H3K27ac		ftp://ftp.ncbi.nlm.nih.gov/geo/samples/GSM7788nnn/GSM7788212/suppl/GSM7788212_K27_TRC97_1.bed.gz	
GSM7788213	K27_TRHC1	K27_TRHC1	ChIP	cell type: Hepatocellular; chip antibody: H3K27ac		ftp://ftp.ncbi.nlm.nih.gov/geo/samples/GSM7788nnn/GSM7788213/suppl/GSM7788213_K27_TRHC1.bed.gz	
GSM7788214	K27_TRHC101_2	K27_TRHC101_2	ChIP	cell type: Hepatocellular; chip antibody: H3K27ac		ftp://ftp.ncbi.nlm.nih.gov/geo/samples/GSM7788nnn/GSM7788214/suppl/GSM7788214_K27_TRHC101_2.bed.gz	
GSM7788215	K27_TRHC103_2	K27_TRHC103_2	ChIP	cell type: Hepatocellular; chip antibody: H3K27ac		ftp://ftp.ncbi.nlm.nih.gov/geo/samples/GSM7788nnn/GSM7788215/suppl/GSM7788215_K27_TRHC103_2.bed.gz	
GSM7788216	K27_TRHC123_2	K27_TRHC123_2	ChIP	cell type: Hepatocellular; chip antibody: H3K27ac		ftp://ftp.ncbi.nlm.nih.gov/geo/samples/GSM7788nnn/GSM7788216/suppl/GSM7788216_K27_TRHC123_2.bed.gz	
GSM7788217	k27_TRHC131_2	k27_TRHC131_2	ChIP	cell type: Hepatocellular; chip antibody: H3K27ac		ftp://ftp.ncbi.nlm.nih.gov/geo/samples/GSM7788nnn/GSM7788217/suppl/GSM7788217_k27_TRHC131_2.bed.gz	
GSM7788218	k27_TRHC145_2	k27_TRHC145_2	ChIP	cell type: Hepatocellular; chip antibody: H3K27ac		ftp://ftp.ncbi.nlm.nih.gov/geo/samples/GSM7788nnn/GSM7788218/suppl/GSM7788218_k27_TRHC145_2.bed.gz	
GSM7788219	K27_TRHC148_2	K27_TRHC148_2	ChIP	cell type: Hepatocellular; chip antibody: H3K27ac		ftp://ftp.ncbi.nlm.nih.gov/geo/samples/GSM7788nnn/GSM7788219/suppl/GSM7788219_K27_TRHC148_2.bed.gz	
GSM7788220	K27_TRHC161_2	K27_TRHC161_2	ChIP	cell type: Hepatocellular; chip antibody: H3K27ac		ftp://ftp.ncbi.nlm.nih.gov/geo/samples/GSM7788nnn/GSM7788220/suppl/GSM7788220_K27_TRHC161_2.bed.gz	
GSM7788221	K27_TRHC169_2	K27_TRHC169_2	ChIP	cell type: Hepatocellular; chip antibody: H3K27ac		ftp://ftp.ncbi.nlm.nih.gov/geo/samples/GSM7788nnn/GSM7788221/suppl/GSM7788221_K27_TRHC169_2.bed.gz	
GSM7788222	K27_TRHC192_1	K27_TRHC192_1	ChIP	cell type: Hepatocellular; chip antibody: H3K27ac		ftp://ftp.ncbi.nlm.nih.gov/geo/samples/GSM7788nnn/GSM7788222/suppl/GSM7788222_K27_TRHC192_1.bed.gz	
GSM7788223	K27_TRHC2	K27_TRHC2	ChIP	cell type: Hepatocellular; chip antibody: H3K27ac		ftp://ftp.ncbi.nlm.nih.gov/geo/samples/GSM7788nnn/GSM7788223/suppl/GSM7788223_K27_TRHC2.bed.gz	
GSM7788224	K27_TRHC208_2	K27_TRHC208_2	ChIP	cell type: Hepatocellular; chip antibody: H3K27ac		ftp://ftp.ncbi.nlm.nih.gov/geo/samples/GSM7788nnn/GSM7788224/suppl/GSM7788224_K27_TRHC208_2.bed.gz	
GSM7788225	K27_TRHC216_2	K27_TRHC216_2	ChIP	cell type: Hepatocellular; chip antibody: H3K27ac		ftp://ftp.ncbi.nlm.nih.gov/geo/samples/GSM7788nnn/GSM7788225/suppl/GSM7788225_K27_TRHC216_2.bed.gz	
GSM7788226	K27_TRHC225_2	K27_TRHC225_2	ChIP	cell type: Hepatocellular; chip antibody: H3K27ac		ftp://ftp.ncbi.nlm.nih.gov/geo/samples/GSM7788nnn/GSM7788226/suppl/GSM7788226_K27_TRHC225_2.bed.gz	
GSM7788227	K27_TRHC229_1	K27_TRHC229_1	ChIP	cell type: Hepatocellular; chip antibody: H3K27ac		ftp://ftp.ncbi.nlm.nih.gov/geo/samples/GSM7788nnn/GSM7788227/suppl/GSM7788227_K27_TRHC229_1.bed.gz	
GSM7788228	K27_TRHC238_2	K27_TRHC238_2	ChIP	cell type: Hepatocellular; chip antibody: H3K27ac		ftp://ftp.ncbi.nlm.nih.gov/geo/samples/GSM7788nnn/GSM7788228/suppl/GSM7788228_K27_TRHC238_2.bed.gz	
GSM7788229	K27_TRHC25_2	K27_TRHC25_2	ChIP	cell type: Hepatocellular; chip antibody: H3K27ac		ftp://ftp.ncbi.nlm.nih.gov/geo/samples/GSM7788nnn/GSM7788229/suppl/GSM7788229_K27_TRHC25_2.bed.gz	
GSM7788230	K27_TRHC33_2	K27_TRHC33_2	ChIP	cell type: Hepatocellular; chip antibody: H3K27ac		ftp://ftp.ncbi.nlm.nih.gov/geo/samples/GSM7788nnn/GSM7788230/suppl/GSM7788230_K27_TRHC33_2.bed.gz	
GSM7788231	K27_TRHC47_1	K27_TRHC47_1	ChIP	cell type: Hepatocellular; chip antibody: H3K27ac		ftp://ftp.ncbi.nlm.nih.gov/geo/samples/GSM7788nnn/GSM7788231/suppl/GSM7788231_K27_TRHC47_1.bed.gz	
GSM7788232	K27_TRHC53_2	K27_TRHC53_2	ChIP	cell type: Hepatocellular; chip antibody: H3K27ac		ftp://ftp.ncbi.nlm.nih.gov/geo/samples/GSM7788nnn/GSM7788232/suppl/GSM7788232_K27_TRHC53_2.bed.gz	
GSM7788233	K27_TRHC66_2	K27_TRHC66_2	ChIP	cell type: Hepatocellular; chip antibody: H3K27ac		ftp://ftp.ncbi.nlm.nih.gov/geo/samples/GSM7788nnn/GSM7788233/suppl/GSM7788233_K27_TRHC66_2.bed.gz	
GSM7788234	K27_TRHC68_2	K27_TRHC68_2	ChIP	cell type: Hepatocellular; chip antibody: H3K27ac		ftp://ftp.ncbi.nlm.nih.gov/geo/samples/GSM7788nnn/GSM7788234/suppl/GSM7788234_K27_TRHC68_2.bed.gz	
GSM7788235	K27_TRHC82_2	K27_TRHC82_2	ChIP	cell type: Hepatocellular; chip antibody: H3K27ac		ftp://ftp.ncbi.nlm.nih.gov/geo/samples/GSM7788nnn/GSM7788235/suppl/GSM7788235_K27_TRHC82_2.bed.gz	
GSM7788236	K27_TRHC88_2	K27_TRHC88_2	ChIP	cell type: Hepatocellular; chip antibody: H3K27ac		ftp://ftp.ncbi.nlm.nih.gov/geo/samples/GSM7788nnn/GSM7788236/suppl/GSM7788236_K27_TRHC88_2.bed.gz	
GSM7788237	K27EZJFG_1	K27EZJFG_1	ChIP	cell type: Breast; chip antibody: H3K27ac		ftp://ftp.ncbi.nlm.nih.gov/geo/samples/GSM7788nnn/GSM7788237/suppl/GSM7788237_K27EZJFG_1.bed.gz	
GSM7788238	K27EZJFG_2	K27EZJFG_2	ChIP	cell type: Breast; chip antibody: H3K27ac		ftp://ftp.ncbi.nlm.nih.gov/geo/samples/GSM7788nnn/GSM7788238/suppl/GSM7788238_K27EZJFG_2.bed.gz	
GSM7788239	K27H5UBF_1	K27H5UBF_1	ChIP	cell type: Breast; chip antibody: H3K27ac		ftp://ftp.ncbi.nlm.nih.gov/geo/samples/GSM7788nnn/GSM7788239/suppl/GSM7788239_K27H5UBF_1.bed.gz	
GSM7788240	K27H5UBF_2	K27H5UBF_2	ChIP	cell type: Breast; chip antibody: H3K27ac		ftp://ftp.ncbi.nlm.nih.gov/geo/samples/GSM7788nnn/GSM7788240/suppl/GSM7788240_K27H5UBF_2.bed.gz	
GSM7788241	K27HU30E_1	K27HU30E_1	ChIP	cell type: Breast; chip antibody: H3K27ac		ftp://ftp.ncbi.nlm.nih.gov/geo/samples/GSM7788nnn/GSM7788241/suppl/GSM7788241_K27HU30E_1.bed.gz	
GSM7788242	K27HU30E_2	K27HU30E_2	ChIP	cell type: Breast; chip antibody: H3K27ac		ftp://ftp.ncbi.nlm.nih.gov/geo/samples/GSM7788nnn/GSM7788242/suppl/GSM7788242_K27HU30E_2.bed.gz	
GSM7788243	K27IGFSE_1	K27IGFSE_1	ChIP	cell type: Breast; chip antibody: H3K27ac		ftp://ftp.ncbi.nlm.nih.gov/geo/samples/GSM7788nnn/GSM7788243/suppl/GSM7788243_K27IGFSE_1.bed.gz	
GSM7788244	K27IGFSE_2	K27IGFSE_2	ChIP	cell type: Breast; chip antibody: H3K27ac		ftp://ftp.ncbi.nlm.nih.gov/geo/samples/GSM7788nnn/GSM7788244/suppl/GSM7788244_K27IGFSE_2.bed.gz	
GSM7788245	K27IGFSE_3	K27IGFSE_3	ChIP	cell type: Breast; chip antibody: H3K27ac		ftp://ftp.ncbi.nlm.nih.gov/geo/samples/GSM7788nnn/GSM7788245/suppl/GSM7788245_K27IGFSE_3.bed.gz	
GSM7788246	K27L8WWS_1	K27L8WWS_1	ChIP	cell type: Breast; chip antibody: H3K27ac		ftp://ftp.ncbi.nlm.nih.gov/geo/samples/GSM7788nnn/GSM7788246/suppl/GSM7788246_K27L8WWS_1.bed.gz	
GSM7788247	K27L8WWS_2	K27L8WWS_2	ChIP	cell type: Breast; chip antibody: H3K27ac		ftp://ftp.ncbi.nlm.nih.gov/geo/samples/GSM7788nnn/GSM7788247/suppl/GSM7788247_K27L8WWS_2.bed.gz	
GSM7788248	K27L8WWS_3	K27L8WWS_3	ChIP	cell type: Breast; chip antibody: H3K27ac		ftp://ftp.ncbi.nlm.nih.gov/geo/samples/GSM7788nnn/GSM7788248/suppl/GSM7788248_K27L8WWS_3.bed.gz	
GSM7788249	K27LXE8W_1	K27LXE8W_1	ChIP	cell type: Breast; chip antibody: H3K27ac		ftp://ftp.ncbi.nlm.nih.gov/geo/samples/GSM7788nnn/GSM7788249/suppl/GSM7788249_K27LXE8W_1.bed.gz	
GSM7788250	K27LXE8W_2	K27LXE8W_2	ChIP	cell type: Breast; chip antibody: H3K27ac		ftp://ftp.ncbi.nlm.nih.gov/geo/samples/GSM7788nnn/GSM7788250/suppl/GSM7788250_K27LXE8W_2.bed.gz	
GSM7788251	K27LXE8W_3	K27LXE8W_3	ChIP	cell type: Breast; chip antibody: H3K27ac		ftp://ftp.ncbi.nlm.nih.gov/geo/samples/GSM7788nnn/GSM7788251/suppl/GSM7788251_K27LXE8W_3.bed.gz	
GSM7788252	K4_4666	K4_4666	ChIP	cell type: NSCLC; chip antibody: H3K4me3		ftp://ftp.ncbi.nlm.nih.gov/geo/samples/GSM7788nnn/GSM7788252/suppl/GSM7788252_K4_4666.bed.gz	
GSM7788253	K4_5912	K4_5912	ChIP	cell type: NSCLC; chip antibody: H3K4me3		ftp://ftp.ncbi.nlm.nih.gov/geo/samples/GSM7788nnn/GSM7788253/suppl/GSM7788253_K4_5912.bed.gz	
GSM7788254	K4_5915	K4_5915	ChIP	cell type: NSCLC; chip antibody: H3K4me3		ftp://ftp.ncbi.nlm.nih.gov/geo/samples/GSM7788nnn/GSM7788254/suppl/GSM7788254_K4_5915.bed.gz	
GSM7788255	K4_AMP11_2	K4_AMP11_2	ChIP	cell type: Colorectal; chip antibody: H3K4me3		ftp://ftp.ncbi.nlm.nih.gov/geo/samples/GSM7788nnn/GSM7788255/suppl/GSM7788255_K4_AMP11_2.bed.gz	
GSM7788256	K4_AMP13_2	K4_AMP13_2	ChIP	cell type: Colorectal; chip antibody: H3K4me3		ftp://ftp.ncbi.nlm.nih.gov/geo/samples/GSM7788nnn/GSM7788256/suppl/GSM7788256_K4_AMP13_2.bed.gz	
GSM7788257	K4_AMP16_2	K4_AMP16_2	ChIP	cell type: Colorectal; chip antibody: H3K4me3		ftp://ftp.ncbi.nlm.nih.gov/geo/samples/GSM7788nnn/GSM7788257/suppl/GSM7788257_K4_AMP16_2.bed.gz	
GSM7788258	K4_AMP20_2	K4_AMP20_2	ChIP	cell type: Colorectal; chip antibody: H3K4me3		ftp://ftp.ncbi.nlm.nih.gov/geo/samples/GSM7788nnn/GSM7788258/suppl/GSM7788258_K4_AMP20_2.bed.gz	
GSM7788259	K4_AMP28_2	K4_AMP28_2	ChIP	cell type: Colorectal; chip antibody: H3K4me3		ftp://ftp.ncbi.nlm.nih.gov/geo/samples/GSM7788nnn/GSM7788259/suppl/GSM7788259_K4_AMP28_2.bed.gz	
GSM7788260	K4_AMP31_2	K4_AMP31_2	ChIP	cell type: Colorectal; chip antibody: H3K4me3		ftp://ftp.ncbi.nlm.nih.gov/geo/samples/GSM7788nnn/GSM7788260/suppl/GSM7788260_K4_AMP31_2.bed.gz	
GSM7788261	K4_AMP48_2	K4_AMP48_2	ChIP	cell type: Colorectal; chip antibody: H3K4me3		ftp://ftp.ncbi.nlm.nih.gov/geo/samples/GSM7788nnn/GSM7788261/suppl/GSM7788261_K4_AMP48_2.bed.gz	
GSM7788262	K4_AMP59_2	K4_AMP59_2	ChIP	cell type: Colorectal; chip antibody: H3K4me3		ftp://ftp.ncbi.nlm.nih.gov/geo/samples/GSM7788nnn/GSM7788262/suppl/GSM7788262_K4_AMP59_2.bed.gz	
GSM7788263	K4_AMP60_2	K4_AMP60_2	ChIP	cell type: Colorectal; chip antibody: H3K4me3		ftp://ftp.ncbi.nlm.nih.gov/geo/samples/GSM7788nnn/GSM7788263/suppl/GSM7788263_K4_AMP60_2.bed.gz	
GSM7788264	K4_AMP61_2	K4_AMP61_2	ChIP	cell type: Colorectal; chip antibody: H3K4me3		ftp://ftp.ncbi.nlm.nih.gov/geo/samples/GSM7788nnn/GSM7788264/suppl/GSM7788264_K4_AMP61_2.bed.gz	
GSM7788265	K4_AMP68_2	K4_AMP68_2	ChIP	cell type: Colorectal; chip antibody: H3K4me3		ftp://ftp.ncbi.nlm.nih.gov/geo/samples/GSM7788nnn/GSM7788265/suppl/GSM7788265_K4_AMP68_2.bed.gz	
GSM7788266	K4_AMP70_2	K4_AMP70_2	ChIP	cell type: Colorectal; chip antibody: H3K4me3		ftp://ftp.ncbi.nlm.nih.gov/geo/samples/GSM7788nnn/GSM7788266/suppl/GSM7788266_K4_AMP70_2.bed.gz	
GSM7788267	K4_BCDC158_2	K4_BCDC158_2	ChIP	cell type: Thymic; chip antibody: H3K4me3		ftp://ftp.ncbi.nlm.nih.gov/geo/samples/GSM7788nnn/GSM7788267/suppl/GSM7788267_K4_BCDC158_2.bed.gz	
GSM7788268	K4_BELI104_2	K4_BELI104_2	ChIP	cell type: Thymic; chip antibody: H3K4me3		ftp://ftp.ncbi.nlm.nih.gov/geo/samples/GSM7788nnn/GSM7788268/suppl/GSM7788268_K4_BELI104_2.bed.gz	
GSM7788269	K4_BELI117_2	K4_BELI117_2	ChIP	cell type: Thymic; chip antibody: H3K4me3		ftp://ftp.ncbi.nlm.nih.gov/geo/samples/GSM7788nnn/GSM7788269/suppl/GSM7788269_K4_BELI117_2.bed.gz	
GSM7788270	K4_BELI123_2	K4_BELI123_2	ChIP	cell type: Thymic; chip antibody: H3K4me3		ftp://ftp.ncbi.nlm.nih.gov/geo/samples/GSM7788nnn/GSM7788270/suppl/GSM7788270_K4_BELI123_2.bed.gz	
GSM7788271	K4_BELI56_2	K4_BELI56_2	ChIP	cell type: Thymic; chip antibody: H3K4me3		ftp://ftp.ncbi.nlm.nih.gov/geo/samples/GSM7788nnn/GSM7788271/suppl/GSM7788271_K4_BELI56_2.bed.gz	
GSM7788272	K4_BELI64_2	K4_BELI64_2	ChIP	cell type: Thymic; chip antibody: H3K4me3		ftp://ftp.ncbi.nlm.nih.gov/geo/samples/GSM7788nnn/GSM7788272/suppl/GSM7788272_K4_BELI64_2.bed.gz	
GSM7788273	K4_BELI68_2	K4_BELI68_2	ChIP	cell type: Thymic; chip antibody: H3K4me3		ftp://ftp.ncbi.nlm.nih.gov/geo/samples/GSM7788nnn/GSM7788273/suppl/GSM7788273_K4_BELI68_2.bed.gz	
GSM7788274	K4_BELI70_2	K4_BELI70_2	ChIP	cell type: Thymic; chip antibody: H3K4me3		ftp://ftp.ncbi.nlm.nih.gov/geo/samples/GSM7788nnn/GSM7788274/suppl/GSM7788274_K4_BELI70_2.bed.gz	
GSM7788275	K4_BELI74_2	K4_BELI74_2	ChIP	cell type: Thymic; chip antibody: H3K4me3		ftp://ftp.ncbi.nlm.nih.gov/geo/samples/GSM7788nnn/GSM7788275/suppl/GSM7788275_K4_BELI74_2.bed.gz	
GSM7788276	K4_BELI82_2	K4_BELI82_2	ChIP	cell type: Thymic; chip antibody: H3K4me3		ftp://ftp.ncbi.nlm.nih.gov/geo/samples/GSM7788nnn/GSM7788276/suppl/GSM7788276_K4_BELI82_2.bed.gz	
GSM7788277	K4_BELI83_2	K4_BELI83_2	ChIP	cell type: Thymic; chip antibody: H3K4me3		ftp://ftp.ncbi.nlm.nih.gov/geo/samples/GSM7788nnn/GSM7788277/suppl/GSM7788277_K4_BELI83_2.bed.gz	
GSM7788278	k4_BELI88_2	k4_BELI88_2	ChIP	cell type: Thymic; chip antibody: H3K4me3		ftp://ftp.ncbi.nlm.nih.gov/geo/samples/GSM7788nnn/GSM7788278/suppl/GSM7788278_k4_BELI88_2.bed.gz	
GSM7788279	k4_BELI90_2	k4_BELI90_2	ChIP	cell type: Thymic; chip antibody: H3K4me3		ftp://ftp.ncbi.nlm.nih.gov/geo/samples/GSM7788nnn/GSM7788279/suppl/GSM7788279_k4_BELI90_2.bed.gz	
GSM7788280	K4_BELI92_2	K4_BELI92_2	ChIP	cell type: Thymic; chip antibody: H3K4me3		ftp://ftp.ncbi.nlm.nih.gov/geo/samples/GSM7788nnn/GSM7788280/suppl/GSM7788280_K4_BELI92_2.bed.gz	
GSM7788281	K4_BELI95_2	K4_BELI95_2	ChIP	cell type: Thymic; chip antibody: H3K4me3		ftp://ftp.ncbi.nlm.nih.gov/geo/samples/GSM7788nnn/GSM7788281/suppl/GSM7788281_K4_BELI95_2.bed.gz	
GSM7788282	k4_BMS12_2	k4_BMS12_2	ChIP	cell type: Renal; chip antibody: H3K4me3		ftp://ftp.ncbi.nlm.nih.gov/geo/samples/GSM7788nnn/GSM7788282/suppl/GSM7788282_k4_BMS12_2.bed.gz	
GSM7788283	k4_BMS15_2	k4_BMS15_2	ChIP	cell type: Renal; chip antibody: H3K4me3		ftp://ftp.ncbi.nlm.nih.gov/geo/samples/GSM7788nnn/GSM7788283/suppl/GSM7788283_k4_BMS15_2.bed.gz	
GSM7788284	K4_BMS19_2	K4_BMS19_2	ChIP	cell type: Renal; chip antibody: H3K4me3		ftp://ftp.ncbi.nlm.nih.gov/geo/samples/GSM7788nnn/GSM7788284/suppl/GSM7788284_K4_BMS19_2.bed.gz	
GSM7788285	K4_BMS23_2	K4_BMS23_2	ChIP	cell type: Renal; chip antibody: H3K4me3		ftp://ftp.ncbi.nlm.nih.gov/geo/samples/GSM7788nnn/GSM7788285/suppl/GSM7788285_K4_BMS23_2.bed.gz	
GSM7788286	K4_BMS28_2	K4_BMS28_2	ChIP	cell type: Renal; chip antibody: H3K4me3		ftp://ftp.ncbi.nlm.nih.gov/geo/samples/GSM7788nnn/GSM7788286/suppl/GSM7788286_K4_BMS28_2.bed.gz	
GSM7788287	K4_BMS31_2	K4_BMS31_2	ChIP	cell type: Renal; chip antibody: H3K4me3		ftp://ftp.ncbi.nlm.nih.gov/geo/samples/GSM7788nnn/GSM7788287/suppl/GSM7788287_K4_BMS31_2.bed.gz	
GSM7788288	K4_BMS35_2	K4_BMS35_2	ChIP	cell type: Renal; chip antibody: H3K4me3		ftp://ftp.ncbi.nlm.nih.gov/geo/samples/GSM7788nnn/GSM7788288/suppl/GSM7788288_K4_BMS35_2.bed.gz	
GSM7788289	K4_BMS4_2	K4_BMS4_2	ChIP	cell type: Renal; chip antibody: H3K4me3		ftp://ftp.ncbi.nlm.nih.gov/geo/samples/GSM7788nnn/GSM7788289/suppl/GSM7788289_K4_BMS4_2.bed.gz	
GSM7788290	K4_BMS7_2	K4_BMS7_2	ChIP	cell type: Renal; chip antibody: H3K4me3		ftp://ftp.ncbi.nlm.nih.gov/geo/samples/GSM7788nnn/GSM7788290/suppl/GSM7788290_K4_BMS7_2.bed.gz	
GSM7788291	K4_BYLU432_1	K4_BYLU432_1	ChIP	cell type: NSCLC; chip antibody: H3K4me3		ftp://ftp.ncbi.nlm.nih.gov/geo/samples/GSM7788nnn/GSM7788291/suppl/GSM7788291_K4_BYLU432_1.bed.gz	
GSM7788292	K4_CAI726_2	K4_CAI726_2	ChIP	cell type: Ovarian; chip antibody: H3K4me3		ftp://ftp.ncbi.nlm.nih.gov/geo/samples/GSM7788nnn/GSM7788292/suppl/GSM7788292_K4_CAI726_2.bed.gz	
GSM7788293	k4_GFBVK	k4_GFBVK	ChIP	cell type: Breast; chip antibody: H3K4me3		ftp://ftp.ncbi.nlm.nih.gov/geo/samples/GSM7788nnn/GSM7788293/suppl/GSM7788293_k4_GFBVK.bed.gz	
GSM7788294	k4_H5JLI	k4_H5JLI	ChIP	cell type: Breast; chip antibody: H3K4me3		ftp://ftp.ncbi.nlm.nih.gov/geo/samples/GSM7788nnn/GSM7788294/suppl/GSM7788294_k4_H5JLI.bed.gz	
GSM7788295	k4_HIRFD	k4_HIRFD	ChIP	cell type: Breast; chip antibody: H3K4me3		ftp://ftp.ncbi.nlm.nih.gov/geo/samples/GSM7788nnn/GSM7788295/suppl/GSM7788295_k4_HIRFD.bed.gz	
GSM7788296	K4_HPC81_1	K4_HPC81_1	ChIP	cell type: Prostate; chip antibody: H3K4me3		ftp://ftp.ncbi.nlm.nih.gov/geo/samples/GSM7788nnn/GSM7788296/suppl/GSM7788296_K4_HPC81_1.bed.gz	
GSM7788297	K4_HPC81_2	K4_HPC81_2	ChIP	cell type: Prostate; chip antibody: H3K4me3		ftp://ftp.ncbi.nlm.nih.gov/geo/samples/GSM7788nnn/GSM7788297/suppl/GSM7788297_K4_HPC81_2.bed.gz	
GSM7788298	K4_ISIS109_1	K4_ISIS109_1	ChIP	cell type: Colorectal; chip antibody: H3K4me3		ftp://ftp.ncbi.nlm.nih.gov/geo/samples/GSM7788nnn/GSM7788298/suppl/GSM7788298_K4_ISIS109_1.bed.gz	
GSM7788299	K4_ISIS13_1	K4_ISIS13_1	ChIP	cell type: Colorectal; chip antibody: H3K4me3		ftp://ftp.ncbi.nlm.nih.gov/geo/samples/GSM7788nnn/GSM7788299/suppl/GSM7788299_K4_ISIS13_1.bed.gz	
GSM7788300	k4_ISIS151_1	k4_ISIS151_1	ChIP	cell type: Colorectal; chip antibody: H3K4me3		ftp://ftp.ncbi.nlm.nih.gov/geo/samples/GSM7788nnn/GSM7788300/suppl/GSM7788300_k4_ISIS151_1.bed.gz	
GSM7788301	K4_ISIS184_1	K4_ISIS184_1	ChIP	cell type: Colorectal; chip antibody: H3K4me3		ftp://ftp.ncbi.nlm.nih.gov/geo/samples/GSM7788nnn/GSM7788301/suppl/GSM7788301_K4_ISIS184_1.bed.gz	
GSM7788302	K4_ISIS21_1	K4_ISIS21_1	ChIP	cell type: Colorectal; chip antibody: H3K4me3		ftp://ftp.ncbi.nlm.nih.gov/geo/samples/GSM7788nnn/GSM7788302/suppl/GSM7788302_K4_ISIS21_1.bed.gz	
GSM7788303	K4_ISIS32_1	K4_ISIS32_1	ChIP	cell type: Colorectal; chip antibody: H3K4me3		ftp://ftp.ncbi.nlm.nih.gov/geo/samples/GSM7788nnn/GSM7788303/suppl/GSM7788303_K4_ISIS32_1.bed.gz	
GSM7788304	K4_ISIS337_1	K4_ISIS337_1	ChIP	cell type: Colorectal; chip antibody: H3K4me3		ftp://ftp.ncbi.nlm.nih.gov/geo/samples/GSM7788nnn/GSM7788304/suppl/GSM7788304_K4_ISIS337_1.bed.gz	
GSM7788305	K4_ISIS356_1	K4_ISIS356_1	ChIP	cell type: Ovarian; chip antibody: H3K4me3		ftp://ftp.ncbi.nlm.nih.gov/geo/samples/GSM7788nnn/GSM7788305/suppl/GSM7788305_K4_ISIS356_1.bed.gz	
GSM7788306	K4_ISIS363_1	K4_ISIS363_1	ChIP	cell type: Colorectal; chip antibody: H3K4me3		ftp://ftp.ncbi.nlm.nih.gov/geo/samples/GSM7788nnn/GSM7788306/suppl/GSM7788306_K4_ISIS363_1.bed.gz	
GSM7788307	K4_ISIS90_1	K4_ISIS90_1	ChIP	cell type: Colorectal; chip antibody: H3K4me3		ftp://ftp.ncbi.nlm.nih.gov/geo/samples/GSM7788nnn/GSM7788307/suppl/GSM7788307_K4_ISIS90_1.bed.gz	
GSM7788308	k4_JR6BR	k4_JR6BR	ChIP	cell type: Breast; chip antibody: H3K4me3		ftp://ftp.ncbi.nlm.nih.gov/geo/samples/GSM7788nnn/GSM7788308/suppl/GSM7788308_k4_JR6BR.bed.gz	
GSM7788309	k4_KN7SQ	k4_KN7SQ	ChIP	cell type: Breast; chip antibody: H3K4me3		ftp://ftp.ncbi.nlm.nih.gov/geo/samples/GSM7788nnn/GSM7788309/suppl/GSM7788309_k4_KN7SQ.bed.gz	
GSM7788310	k4_KOL1X	k4_KOL1X	ChIP	cell type: Breast; chip antibody: H3K4me3		ftp://ftp.ncbi.nlm.nih.gov/geo/samples/GSM7788nnn/GSM7788310/suppl/GSM7788310_k4_KOL1X.bed.gz	
GSM7788311	k4_KVFUI	k4_KVFUI	ChIP	cell type: Breast; chip antibody: H3K4me3		ftp://ftp.ncbi.nlm.nih.gov/geo/samples/GSM7788nnn/GSM7788311/suppl/GSM7788311_k4_KVFUI.bed.gz	
GSM7788312	k4_L3V83	k4_L3V83	ChIP	cell type: Breast; chip antibody: H3K4me3		ftp://ftp.ncbi.nlm.nih.gov/geo/samples/GSM7788nnn/GSM7788312/suppl/GSM7788312_k4_L3V83.bed.gz	
GSM7788313	k4_LC25	k4_LC25	ChIP	cell type: NSCLC; chip antibody: H3K4me3		ftp://ftp.ncbi.nlm.nih.gov/geo/samples/GSM7788nnn/GSM7788313/suppl/GSM7788313_k4_LC25.bed.gz	
GSM7788314	k4_LC33g	k4_LC33g	ChIP	cell type: SCLC; chip antibody: H3K4me3		ftp://ftp.ncbi.nlm.nih.gov/geo/samples/GSM7788nnn/GSM7788314/suppl/GSM7788314_k4_LC33g.bed.gz	
GSM7788315	k4_LC33m	k4_LC33m	ChIP	cell type: SCLC; chip antibody: H3K4me3		ftp://ftp.ncbi.nlm.nih.gov/geo/samples/GSM7788nnn/GSM7788315/suppl/GSM7788315_k4_LC33m.bed.gz	
GSM7788316	k4_LC34	k4_LC34	ChIP	cell type: SCLC; chip antibody: H3K4me3		ftp://ftp.ncbi.nlm.nih.gov/geo/samples/GSM7788nnn/GSM7788316/suppl/GSM7788316_k4_LC34.bed.gz	
GSM7788317	K4_LC46_CD	K4_LC46_CD	ChIP	cell type: SCLC; chip antibody: H3K4me3		ftp://ftp.ncbi.nlm.nih.gov/geo/samples/GSM7788nnn/GSM7788317/suppl/GSM7788317_K4_LC46_CD.bed.gz	
GSM7788318	K4_LC46_IDT	K4_LC46_IDT	ChIP	cell type: SCLC; chip antibody: H3K4me3		ftp://ftp.ncbi.nlm.nih.gov/geo/samples/GSM7788nnn/GSM7788318/suppl/GSM7788318_K4_LC46_IDT.bed.gz	
GSM7788319	K4_LC46_Tak	K4_LC46_Tak	ChIP	cell type: SCLC; chip antibody: H3K4me3		ftp://ftp.ncbi.nlm.nih.gov/geo/samples/GSM7788nnn/GSM7788319/suppl/GSM7788319_K4_LC46_Tak.bed.gz	
GSM7788320	k4_LWZIR	k4_LWZIR	ChIP	cell type: Breast; chip antibody: H3K4me3		ftp://ftp.ncbi.nlm.nih.gov/geo/samples/GSM7788nnn/GSM7788320/suppl/GSM7788320_k4_LWZIR.bed.gz	
GSM7788321	k4_LYCQK	k4_LYCQK	ChIP	cell type: Breast; chip antibody: H3K4me3		ftp://ftp.ncbi.nlm.nih.gov/geo/samples/GSM7788nnn/GSM7788321/suppl/GSM7788321_k4_LYCQK.bed.gz	
GSM7788322	K4_Merk165	K4_Merk165	ChIP	cell type: Merkel cell; chip antibody: H3K4me3		ftp://ftp.ncbi.nlm.nih.gov/geo/samples/GSM7788nnn/GSM7788322/suppl/GSM7788322_K4_Merk165.bed.gz	
GSM7788323	K4_Merk168	K4_Merk168	ChIP	cell type: Merkel cell; chip antibody: H3K4me3		ftp://ftp.ncbi.nlm.nih.gov/geo/samples/GSM7788nnn/GSM7788323/suppl/GSM7788323_K4_Merk168.bed.gz	
GSM7788324	K4_Merk197	K4_Merk197	ChIP	cell type: Merkel cell; chip antibody: H3K4me3		ftp://ftp.ncbi.nlm.nih.gov/geo/samples/GSM7788nnn/GSM7788324/suppl/GSM7788324_K4_Merk197.bed.gz	
GSM7788325	K4_Merk212	K4_Merk212	ChIP	cell type: Merkel cell; chip antibody: H3K4me3		ftp://ftp.ncbi.nlm.nih.gov/geo/samples/GSM7788nnn/GSM7788325/suppl/GSM7788325_K4_Merk212.bed.gz	
GSM7788326	K4_Merk229	K4_Merk229	ChIP	cell type: Merkel cell; chip antibody: H3K4me3		ftp://ftp.ncbi.nlm.nih.gov/geo/samples/GSM7788nnn/GSM7788326/suppl/GSM7788326_K4_Merk229.bed.gz	
GSM7788327	K4_MGI_933_1	K4_MGI_933_1	ChIP	cell type: Ovarian; chip antibody: H3K4me3		ftp://ftp.ncbi.nlm.nih.gov/geo/samples/GSM7788nnn/GSM7788327/suppl/GSM7788327_K4_MGI_933_1.bed.gz	
GSM7788328	K4_MGI938_1	K4_MGI938_1	ChIP	cell type: Ovarian; chip antibody: H3K4me3		ftp://ftp.ncbi.nlm.nih.gov/geo/samples/GSM7788nnn/GSM7788328/suppl/GSM7788328_K4_MGI938_1.bed.gz	
GSM7788329	K4_MGI940_1	K4_MGI940_1	ChIP	cell type: Ovarian; chip antibody: H3K4me3		ftp://ftp.ncbi.nlm.nih.gov/geo/samples/GSM7788nnn/GSM7788329/suppl/GSM7788329_K4_MGI940_1.bed.gz	
GSM7788330	K4_MGI942_1	K4_MGI942_1	ChIP	cell type: Ovarian; chip antibody: H3K4me3		ftp://ftp.ncbi.nlm.nih.gov/geo/samples/GSM7788nnn/GSM7788330/suppl/GSM7788330_K4_MGI942_1.bed.gz	
GSM7788331	K4_MGI944_1	K4_MGI944_1	ChIP	cell type: Ovarian; chip antibody: H3K4me3		ftp://ftp.ncbi.nlm.nih.gov/geo/samples/GSM7788nnn/GSM7788331/suppl/GSM7788331_K4_MGI944_1.bed.gz	
GSM7788332	K4_MGI946_1	K4_MGI946_1	ChIP	cell type: Ovarian; chip antibody: H3K4me3		ftp://ftp.ncbi.nlm.nih.gov/geo/samples/GSM7788nnn/GSM7788332/suppl/GSM7788332_K4_MGI946_1.bed.gz	
GSM7788333	K4_MGI948_1	K4_MGI948_1	ChIP	cell type: Ovarian; chip antibody: H3K4me3		ftp://ftp.ncbi.nlm.nih.gov/geo/samples/GSM7788nnn/GSM7788333/suppl/GSM7788333_K4_MGI948_1.bed.gz	
GSM7788334	K4_MGI952_2	K4_MGI952_2	ChIP	cell type: Ovarian; chip antibody: H3K4me3		ftp://ftp.ncbi.nlm.nih.gov/geo/samples/GSM7788nnn/GSM7788334/suppl/GSM7788334_K4_MGI952_2.bed.gz	
GSM7788335	K4_MGI954_1	K4_MGI954_1	ChIP	cell type: Ovarian; chip antibody: H3K4me3		ftp://ftp.ncbi.nlm.nih.gov/geo/samples/GSM7788nnn/GSM7788335/suppl/GSM7788335_K4_MGI954_1.bed.gz	
GSM7788336	K4_MGI956_2	K4_MGI956_2	ChIP	cell type: Ovarian; chip antibody: H3K4me3		ftp://ftp.ncbi.nlm.nih.gov/geo/samples/GSM7788nnn/GSM7788336/suppl/GSM7788336_K4_MGI956_2.bed.gz	
GSM7788337	K4_MGI958_1	K4_MGI958_1	ChIP	cell type: Ovarian; chip antibody: H3K4me3		ftp://ftp.ncbi.nlm.nih.gov/geo/samples/GSM7788nnn/GSM7788337/suppl/GSM7788337_K4_MGI958_1.bed.gz	
GSM7788338	k4_MMYE1	k4_MMYE1	ChIP	cell type: Breast; chip antibody: H3K4me3		ftp://ftp.ncbi.nlm.nih.gov/geo/samples/GSM7788nnn/GSM7788338/suppl/GSM7788338_k4_MMYE1.bed.gz	
GSM7788339	K4_NEPC13	K4_NEPC13	ChIP	cell type: NEPC; chip antibody: H3K4me3		ftp://ftp.ncbi.nlm.nih.gov/geo/samples/GSM7788nnn/GSM7788339/suppl/GSM7788339_K4_NEPC13.bed.gz	
GSM7788340	K4_NEPC14	K4_NEPC14	ChIP	cell type: NEPC; chip antibody: H3K4me3		ftp://ftp.ncbi.nlm.nih.gov/geo/samples/GSM7788nnn/GSM7788340/suppl/GSM7788340_K4_NEPC14.bed.gz	
GSM7788341	K4_NEPC15	K4_NEPC15	ChIP	cell type: NEPC; chip antibody: H3K4me3		ftp://ftp.ncbi.nlm.nih.gov/geo/samples/GSM7788nnn/GSM7788341/suppl/GSM7788341_K4_NEPC15.bed.gz	
GSM7788342	K4_NEPC16	K4_NEPC16	ChIP	cell type: Prostate; chip antibody: H3K4me3		ftp://ftp.ncbi.nlm.nih.gov/geo/samples/GSM7788nnn/GSM7788342/suppl/GSM7788342_K4_NEPC16.bed.gz	
GSM7788343	K4_NEPC18	K4_NEPC18	ChIP	cell type: NEPC; chip antibody: H3K4me3		ftp://ftp.ncbi.nlm.nih.gov/geo/samples/GSM7788nnn/GSM7788343/suppl/GSM7788343_K4_NEPC18.bed.gz	
GSM7788344	K4_NEPC19	K4_NEPC19	ChIP	cell type: NEPC; chip antibody: H3K4me3		ftp://ftp.ncbi.nlm.nih.gov/geo/samples/GSM7788nnn/GSM7788344/suppl/GSM7788344_K4_NEPC19.bed.gz	
GSM7788345	K4_NEPC20	K4_NEPC20	ChIP	cell type: Prostate; chip antibody: H3K4me3		ftp://ftp.ncbi.nlm.nih.gov/geo/samples/GSM7788nnn/GSM7788345/suppl/GSM7788345_K4_NEPC20.bed.gz	
GSM7788346	K4_NEPC21	K4_NEPC21	ChIP	cell type: Prostate; chip antibody: H3K4me3		ftp://ftp.ncbi.nlm.nih.gov/geo/samples/GSM7788nnn/GSM7788346/suppl/GSM7788346_K4_NEPC21.bed.gz	
GSM7788347	K4_NEPC22	K4_NEPC22	ChIP	cell type: NEPC; chip antibody: H3K4me3		ftp://ftp.ncbi.nlm.nih.gov/geo/samples/GSM7788nnn/GSM7788347/suppl/GSM7788347_K4_NEPC22.bed.gz	
GSM7788348	K4_PS_122_2	K4_PS_122_2	ChIP	cell type: NSCLC; chip antibody: H3K4me3		ftp://ftp.ncbi.nlm.nih.gov/geo/samples/GSM7788nnn/GSM7788348/suppl/GSM7788348_K4_PS_122_2.bed.gz	
GSM7788349	K4_PS123_2	K4_PS123_2	ChIP	cell type: NSCLC; chip antibody: H3K4me3		ftp://ftp.ncbi.nlm.nih.gov/geo/samples/GSM7788nnn/GSM7788349/suppl/GSM7788349_K4_PS123_2.bed.gz	
GSM7788350	K4_PS154_1	K4_PS154_1	ChIP	cell type: NSCLC; chip antibody: H3K4me3		ftp://ftp.ncbi.nlm.nih.gov/geo/samples/GSM7788nnn/GSM7788350/suppl/GSM7788350_K4_PS154_1.bed.gz	
GSM7788351	K4_PS173_1	K4_PS173_1	ChIP	cell type: NSCLC; chip antibody: H3K4me3		ftp://ftp.ncbi.nlm.nih.gov/geo/samples/GSM7788nnn/GSM7788351/suppl/GSM7788351_K4_PS173_1.bed.gz	
GSM7788352	K4_PS197_2	K4_PS197_2	ChIP	cell type: NSCLC; chip antibody: H3K4me3		ftp://ftp.ncbi.nlm.nih.gov/geo/samples/GSM7788nnn/GSM7788352/suppl/GSM7788352_K4_PS197_2.bed.gz	
GSM7788353	K4_PS219_2	K4_PS219_2	ChIP	cell type: NSCLC; chip antibody: H3K4me3		ftp://ftp.ncbi.nlm.nih.gov/geo/samples/GSM7788nnn/GSM7788353/suppl/GSM7788353_K4_PS219_2.bed.gz	
GSM7788354	K4_PS245_2	K4_PS245_2	ChIP	cell type: NSCLC; chip antibody: H3K4me3		ftp://ftp.ncbi.nlm.nih.gov/geo/samples/GSM7788nnn/GSM7788354/suppl/GSM7788354_K4_PS245_2.bed.gz	
GSM7788355	K4_PS248_2	K4_PS248_2	ChIP	cell type: NSCLC; chip antibody: H3K4me3		ftp://ftp.ncbi.nlm.nih.gov/geo/samples/GSM7788nnn/GSM7788355/suppl/GSM7788355_K4_PS248_2.bed.gz	
GSM7788356	k4_PS278_2	k4_PS278_2	ChIP	cell type: NSCLC; chip antibody: H3K4me3		ftp://ftp.ncbi.nlm.nih.gov/geo/samples/GSM7788nnn/GSM7788356/suppl/GSM7788356_k4_PS278_2.bed.gz	
GSM7788357	k4_PS296_2	k4_PS296_2	ChIP	cell type: NSCLC; chip antibody: H3K4me3		ftp://ftp.ncbi.nlm.nih.gov/geo/samples/GSM7788nnn/GSM7788357/suppl/GSM7788357_k4_PS296_2.bed.gz	
GSM7788358	K4_PS325_2	K4_PS325_2	ChIP	cell type: NSCLC; chip antibody: H3K4me3		ftp://ftp.ncbi.nlm.nih.gov/geo/samples/GSM7788nnn/GSM7788358/suppl/GSM7788358_K4_PS325_2.bed.gz	
GSM7788359	K4_PS353_2	K4_PS353_2	ChIP	cell type: NSCLC; chip antibody: H3K4me3		ftp://ftp.ncbi.nlm.nih.gov/geo/samples/GSM7788nnn/GSM7788359/suppl/GSM7788359_K4_PS353_2.bed.gz	
GSM7788360	K4_PS381_2	K4_PS381_2	ChIP	cell type: NSCLC; chip antibody: H3K4me3		ftp://ftp.ncbi.nlm.nih.gov/geo/samples/GSM7788nnn/GSM7788360/suppl/GSM7788360_K4_PS381_2.bed.gz	
GSM7788361	K4_PS410_2	K4_PS410_2	ChIP	cell type: NSCLC; chip antibody: H3K4me3		ftp://ftp.ncbi.nlm.nih.gov/geo/samples/GSM7788nnn/GSM7788361/suppl/GSM7788361_K4_PS410_2.bed.gz	
GSM7788362	K4_PS438_2	K4_PS438_2	ChIP	cell type: NSCLC; chip antibody: H3K4me3		ftp://ftp.ncbi.nlm.nih.gov/geo/samples/GSM7788nnn/GSM7788362/suppl/GSM7788362_K4_PS438_2.bed.gz	
GSM7788363	K4_PS466_2	K4_PS466_2	ChIP	cell type: NSCLC; chip antibody: H3K4me3		ftp://ftp.ncbi.nlm.nih.gov/geo/samples/GSM7788nnn/GSM7788363/suppl/GSM7788363_K4_PS466_2.bed.gz	
GSM7788364	K4_PS475_2	K4_PS475_2	ChIP	cell type: NSCLC; chip antibody: H3K4me3		ftp://ftp.ncbi.nlm.nih.gov/geo/samples/GSM7788nnn/GSM7788364/suppl/GSM7788364_K4_PS475_2.bed.gz	
GSM7788365	K4_PS55_2	K4_PS55_2	ChIP	cell type: NSCLC; chip antibody: H3K4me3		ftp://ftp.ncbi.nlm.nih.gov/geo/samples/GSM7788nnn/GSM7788365/suppl/GSM7788365_K4_PS55_2.bed.gz	
GSM7788366	K4_PS75_2	K4_PS75_2	ChIP	cell type: NSCLC; chip antibody: H3K4me3		ftp://ftp.ncbi.nlm.nih.gov/geo/samples/GSM7788nnn/GSM7788366/suppl/GSM7788366_K4_PS75_2.bed.gz	
GSM7788367	K4_PS96_2	K4_PS96_2	ChIP	cell type: NSCLC; chip antibody: H3K4me3		ftp://ftp.ncbi.nlm.nih.gov/geo/samples/GSM7788nnn/GSM7788367/suppl/GSM7788367_K4_PS96_2.bed.gz	
GSM7788368	K4_SATR1_2	K4_SATR1_2	ChIP	cell type: Prostate; chip antibody: H3K4me3		ftp://ftp.ncbi.nlm.nih.gov/geo/samples/GSM7788nnn/GSM7788368/suppl/GSM7788368_K4_SATR1_2.bed.gz	
GSM7788369	K4_SMAC05_2	K4_SMAC05_2	ChIP	cell type: Ovarian; chip antibody: H3K4me3		ftp://ftp.ncbi.nlm.nih.gov/geo/samples/GSM7788nnn/GSM7788369/suppl/GSM7788369_K4_SMAC05_2.bed.gz	
GSM7788370	K4_SMAC11_2	K4_SMAC11_2	ChIP	cell type: Ovarian; chip antibody: H3K4me3		ftp://ftp.ncbi.nlm.nih.gov/geo/samples/GSM7788nnn/GSM7788370/suppl/GSM7788370_K4_SMAC11_2.bed.gz	
GSM7788371	K4_SMAC23_2	K4_SMAC23_2	ChIP	cell type: Ovarian; chip antibody: H3K4me3		ftp://ftp.ncbi.nlm.nih.gov/geo/samples/GSM7788nnn/GSM7788371/suppl/GSM7788371_K4_SMAC23_2.bed.gz	
GSM7788372	K4_SMAC26_2	K4_SMAC26_2	ChIP	cell type: Ovarian; chip antibody: H3K4me3		ftp://ftp.ncbi.nlm.nih.gov/geo/samples/GSM7788nnn/GSM7788372/suppl/GSM7788372_K4_SMAC26_2.bed.gz	
GSM7788373	K4_SMAC35_2	K4_SMAC35_2	ChIP	cell type: Ovarian; chip antibody: H3K4me3		ftp://ftp.ncbi.nlm.nih.gov/geo/samples/GSM7788nnn/GSM7788373/suppl/GSM7788373_K4_SMAC35_2.bed.gz	
GSM7788374	K4_SMAC41_2	K4_SMAC41_2	ChIP	cell type: Ovarian; chip antibody: H3K4me3		ftp://ftp.ncbi.nlm.nih.gov/geo/samples/GSM7788nnn/GSM7788374/suppl/GSM7788374_K4_SMAC41_2.bed.gz	
GSM7788375	K4_SMAC49_2	K4_SMAC49_2	ChIP	cell type: Ovarian; chip antibody: H3K4me3		ftp://ftp.ncbi.nlm.nih.gov/geo/samples/GSM7788nnn/GSM7788375/suppl/GSM7788375_K4_SMAC49_2.bed.gz	
GSM7788376	K4_SMAC57_2	K4_SMAC57_2	ChIP	cell type: Ovarian; chip antibody: H3K4me3		ftp://ftp.ncbi.nlm.nih.gov/geo/samples/GSM7788nnn/GSM7788376/suppl/GSM7788376_K4_SMAC57_2.bed.gz	
GSM7788377	K4_SMAC64_2	K4_SMAC64_2	ChIP	cell type: Ovarian; chip antibody: H3K4me3		ftp://ftp.ncbi.nlm.nih.gov/geo/samples/GSM7788nnn/GSM7788377/suppl/GSM7788377_K4_SMAC64_2.bed.gz	
GSM7788378	K4_SMAC70_2	K4_SMAC70_2	ChIP	cell type: Ovarian; chip antibody: H3K4me3		ftp://ftp.ncbi.nlm.nih.gov/geo/samples/GSM7788nnn/GSM7788378/suppl/GSM7788378_K4_SMAC70_2.bed.gz	
GSM7788379	K4_SMAC78_2	K4_SMAC78_2	ChIP	cell type: Ovarian; chip antibody: H3K4me3		ftp://ftp.ncbi.nlm.nih.gov/geo/samples/GSM7788nnn/GSM7788379/suppl/GSM7788379_K4_SMAC78_2.bed.gz	
GSM7788380	K4_TRC11_1	K4_TRC11_1	ChIP	cell type: Prostate; chip antibody: H3K4me3		ftp://ftp.ncbi.nlm.nih.gov/geo/samples/GSM7788nnn/GSM7788380/suppl/GSM7788380_K4_TRC11_1.bed.gz	
GSM7788381	K4_TRC113_1	K4_TRC113_1	ChIP	cell type: Prostate; chip antibody: H3K4me3		ftp://ftp.ncbi.nlm.nih.gov/geo/samples/GSM7788nnn/GSM7788381/suppl/GSM7788381_K4_TRC113_1.bed.gz	
GSM7788382	K4_TRC121_2	K4_TRC121_2	ChIP	cell type: Prostate; chip antibody: H3K4me3		ftp://ftp.ncbi.nlm.nih.gov/geo/samples/GSM7788nnn/GSM7788382/suppl/GSM7788382_K4_TRC121_2.bed.gz	
GSM7788383	K4_TRC133_2	K4_TRC133_2	ChIP	cell type: Prostate; chip antibody: H3K4me3		ftp://ftp.ncbi.nlm.nih.gov/geo/samples/GSM7788nnn/GSM7788383/suppl/GSM7788383_K4_TRC133_2.bed.gz	
GSM7788384	K4_TRC134_1	K4_TRC134_1	ChIP	cell type: Prostate; chip antibody: H3K4me3		ftp://ftp.ncbi.nlm.nih.gov/geo/samples/GSM7788nnn/GSM7788384/suppl/GSM7788384_K4_TRC134_1.bed.gz	
GSM7788385	K4_TRC148_2	K4_TRC148_2	ChIP	cell type: Prostate; chip antibody: H3K4me3		ftp://ftp.ncbi.nlm.nih.gov/geo/samples/GSM7788nnn/GSM7788385/suppl/GSM7788385_K4_TRC148_2.bed.gz	
GSM7788386	K4_TRC23_1	K4_TRC23_1	ChIP	cell type: Prostate; chip antibody: H3K4me3		ftp://ftp.ncbi.nlm.nih.gov/geo/samples/GSM7788nnn/GSM7788386/suppl/GSM7788386_K4_TRC23_1.bed.gz	
GSM7788387	K4_TRC25_1	K4_TRC25_1	ChIP	cell type: Prostate; chip antibody: H3K4me3		ftp://ftp.ncbi.nlm.nih.gov/geo/samples/GSM7788nnn/GSM7788387/suppl/GSM7788387_K4_TRC25_1.bed.gz	
GSM7788388	K4_TRC30_1	K4_TRC30_1	ChIP	cell type: Prostate; chip antibody: H3K4me3		ftp://ftp.ncbi.nlm.nih.gov/geo/samples/GSM7788nnn/GSM7788388/suppl/GSM7788388_K4_TRC30_1.bed.gz	
GSM7788389	K4_TRC40_1	K4_TRC40_1	ChIP	cell type: Prostate; chip antibody: H3K4me3		ftp://ftp.ncbi.nlm.nih.gov/geo/samples/GSM7788nnn/GSM7788389/suppl/GSM7788389_K4_TRC40_1.bed.gz	
GSM7788390	K4_TRC42_1	K4_TRC42_1	ChIP	cell type: Prostate; chip antibody: H3K4me3		ftp://ftp.ncbi.nlm.nih.gov/geo/samples/GSM7788nnn/GSM7788390/suppl/GSM7788390_K4_TRC42_1.bed.gz	
GSM7788391	K4_TRC53_1	K4_TRC53_1	ChIP	cell type: Prostate; chip antibody: H3K4me3		ftp://ftp.ncbi.nlm.nih.gov/geo/samples/GSM7788nnn/GSM7788391/suppl/GSM7788391_K4_TRC53_1.bed.gz	
GSM7788392	K4_TRC61_2	K4_TRC61_2	ChIP	cell type: Prostate; chip antibody: H3K4me3		ftp://ftp.ncbi.nlm.nih.gov/geo/samples/GSM7788nnn/GSM7788392/suppl/GSM7788392_K4_TRC61_2.bed.gz	
GSM7788393	K4_TRC67_1	K4_TRC67_1	ChIP	cell type: Prostate; chip antibody: H3K4me3		ftp://ftp.ncbi.nlm.nih.gov/geo/samples/GSM7788nnn/GSM7788393/suppl/GSM7788393_K4_TRC67_1.bed.gz	
GSM7788394	K4_TRC78_2	K4_TRC78_2	ChIP	cell type: Prostate; chip antibody: H3K4me3		ftp://ftp.ncbi.nlm.nih.gov/geo/samples/GSM7788nnn/GSM7788394/suppl/GSM7788394_K4_TRC78_2.bed.gz	
GSM7788395	K4_TRC84_1	K4_TRC84_1	ChIP	cell type: Prostate; chip antibody: H3K4me3		ftp://ftp.ncbi.nlm.nih.gov/geo/samples/GSM7788nnn/GSM7788395/suppl/GSM7788395_K4_TRC84_1.bed.gz	
GSM7788396	K4_TRC94_1	K4_TRC94_1	ChIP	cell type: Prostate; chip antibody: H3K4me3		ftp://ftp.ncbi.nlm.nih.gov/geo/samples/GSM7788nnn/GSM7788396/suppl/GSM7788396_K4_TRC94_1.bed.gz	
GSM7788397	K4_TRC97_1	K4_TRC97_1	ChIP	cell type: Prostate; chip antibody: H3K4me3		ftp://ftp.ncbi.nlm.nih.gov/geo/samples/GSM7788nnn/GSM7788397/suppl/GSM7788397_K4_TRC97_1.bed.gz	
GSM7788398	K4_TRHC101_2	K4_TRHC101_2	ChIP	cell type: Hepatocellular; chip antibody: H3K4me3		ftp://ftp.ncbi.nlm.nih.gov/geo/samples/GSM7788nnn/GSM7788398/suppl/GSM7788398_K4_TRHC101_2.bed.gz	
GSM7788399	K4_TRHC103_2	K4_TRHC103_2	ChIP	cell type: Hepatocellular; chip antibody: H3K4me3		ftp://ftp.ncbi.nlm.nih.gov/geo/samples/GSM7788nnn/GSM7788399/suppl/GSM7788399_K4_TRHC103_2.bed.gz	
GSM7788400	K4_TRHC123_2	K4_TRHC123_2	ChIP	cell type: Hepatocellular; chip antibody: H3K4me3		ftp://ftp.ncbi.nlm.nih.gov/geo/samples/GSM7788nnn/GSM7788400/suppl/GSM7788400_K4_TRHC123_2.bed.gz	
GSM7788401	k4_TRHC145_2	k4_TRHC145_2	ChIP	cell type: Hepatocellular; chip antibody: H3K4me3		ftp://ftp.ncbi.nlm.nih.gov/geo/samples/GSM7788nnn/GSM7788401/suppl/GSM7788401_k4_TRHC145_2.bed.gz	
GSM7788402	K4_TRHC148_2	K4_TRHC148_2	ChIP	cell type: Hepatocellular; chip antibody: H3K4me3		ftp://ftp.ncbi.nlm.nih.gov/geo/samples/GSM7788nnn/GSM7788402/suppl/GSM7788402_K4_TRHC148_2.bed.gz	
GSM7788403	K4_TRHC160_2	K4_TRHC160_2	ChIP	cell type: Hepatocellular; chip antibody: H3K4me3		ftp://ftp.ncbi.nlm.nih.gov/geo/samples/GSM7788nnn/GSM7788403/suppl/GSM7788403_K4_TRHC160_2.bed.gz	
GSM7788404	K4_TRHC161_2	K4_TRHC161_2	ChIP	cell type: Hepatocellular; chip antibody: H3K4me3		ftp://ftp.ncbi.nlm.nih.gov/geo/samples/GSM7788nnn/GSM7788404/suppl/GSM7788404_K4_TRHC161_2.bed.gz	
GSM7788405	K4_TRHC169_2	K4_TRHC169_2	ChIP	cell type: Hepatocellular; chip antibody: H3K4me3		ftp://ftp.ncbi.nlm.nih.gov/geo/samples/GSM7788nnn/GSM7788405/suppl/GSM7788405_K4_TRHC169_2.bed.gz	
GSM7788406	K4_TRHC192_1	K4_TRHC192_1	ChIP	cell type: Hepatocellular; chip antibody: H3K4me3		ftp://ftp.ncbi.nlm.nih.gov/geo/samples/GSM7788nnn/GSM7788406/suppl/GSM7788406_K4_TRHC192_1.bed.gz	
GSM7788407	K4_TRHC208_2	K4_TRHC208_2	ChIP	cell type: Hepatocellular; chip antibody: H3K4me3		ftp://ftp.ncbi.nlm.nih.gov/geo/samples/GSM7788nnn/GSM7788407/suppl/GSM7788407_K4_TRHC208_2.bed.gz	
GSM7788408	K4_TRHC216_2	K4_TRHC216_2	ChIP	cell type: Hepatocellular; chip antibody: H3K4me3		ftp://ftp.ncbi.nlm.nih.gov/geo/samples/GSM7788nnn/GSM7788408/suppl/GSM7788408_K4_TRHC216_2.bed.gz	
GSM7788409	K4_TRHC225_2	K4_TRHC225_2	ChIP	cell type: Hepatocellular; chip antibody: H3K4me3		ftp://ftp.ncbi.nlm.nih.gov/geo/samples/GSM7788nnn/GSM7788409/suppl/GSM7788409_K4_TRHC225_2.bed.gz	
GSM7788410	K4_TRHC229_1	K4_TRHC229_1	ChIP	cell type: Hepatocellular; chip antibody: H3K4me3		ftp://ftp.ncbi.nlm.nih.gov/geo/samples/GSM7788nnn/GSM7788410/suppl/GSM7788410_K4_TRHC229_1.bed.gz	
GSM7788411	K4_TRHC238_2	K4_TRHC238_2	ChIP	cell type: Hepatocellular; chip antibody: H3K4me3		ftp://ftp.ncbi.nlm.nih.gov/geo/samples/GSM7788nnn/GSM7788411/suppl/GSM7788411_K4_TRHC238_2.bed.gz	
GSM7788412	K4_TRHC25_2	K4_TRHC25_2	ChIP	cell type: Hepatocellular; chip antibody: H3K4me3		ftp://ftp.ncbi.nlm.nih.gov/geo/samples/GSM7788nnn/GSM7788412/suppl/GSM7788412_K4_TRHC25_2.bed.gz	
GSM7788413	K4_TRHC33_2	K4_TRHC33_2	ChIP	cell type: Hepatocellular; chip antibody: H3K4me3		ftp://ftp.ncbi.nlm.nih.gov/geo/samples/GSM7788nnn/GSM7788413/suppl/GSM7788413_K4_TRHC33_2.bed.gz	
GSM7788414	K4_TRHC47_1	K4_TRHC47_1	ChIP	cell type: Hepatocellular; chip antibody: H3K4me3		ftp://ftp.ncbi.nlm.nih.gov/geo/samples/GSM7788nnn/GSM7788414/suppl/GSM7788414_K4_TRHC47_1.bed.gz	
GSM7788415	K4_TRHC53_2	K4_TRHC53_2	ChIP	cell type: Hepatocellular; chip antibody: H3K4me3		ftp://ftp.ncbi.nlm.nih.gov/geo/samples/GSM7788nnn/GSM7788415/suppl/GSM7788415_K4_TRHC53_2.bed.gz	
GSM7788416	K4_TRHC66_2	K4_TRHC66_2	ChIP	cell type: Prostate; chip antibody: H3K4me3		ftp://ftp.ncbi.nlm.nih.gov/geo/samples/GSM7788nnn/GSM7788416/suppl/GSM7788416_K4_TRHC66_2.bed.gz	
GSM7788417	K4_TRHC68_2	K4_TRHC68_2	ChIP	cell type: Hepatocellular; chip antibody: H3K4me3		ftp://ftp.ncbi.nlm.nih.gov/geo/samples/GSM7788nnn/GSM7788417/suppl/GSM7788417_K4_TRHC68_2.bed.gz	
GSM7788418	K4_TRHC82_2	K4_TRHC82_2	ChIP	cell type: Hepatocellular; chip antibody: H3K4me3		ftp://ftp.ncbi.nlm.nih.gov/geo/samples/GSM7788nnn/GSM7788418/suppl/GSM7788418_K4_TRHC82_2.bed.gz	
GSM7788419	K4_TRHC88_2	K4_TRHC88_2	ChIP	cell type: Hepatocellular; chip antibody: H3K4me3		ftp://ftp.ncbi.nlm.nih.gov/geo/samples/GSM7788nnn/GSM7788419/suppl/GSM7788419_K4_TRHC88_2.bed.gz	
GSM7788420	K4EZJFG_TF	K4EZJFG_TF	ChIP	cell type: Breast; chip antibody: H3K4me3		ftp://ftp.ncbi.nlm.nih.gov/geo/samples/GSM7788nnn/GSM7788420/suppl/GSM7788420_K4EZJFG_TF.bed.gz	
GSM7788421	K4H5UBF_TF	K4H5UBF_TF	ChIP	cell type: Breast; chip antibody: H3K4me3		ftp://ftp.ncbi.nlm.nih.gov/geo/samples/GSM7788nnn/GSM7788421/suppl/GSM7788421_K4H5UBF_TF.bed.gz	
GSM7788422	K4HU30E_TF	K4HU30E_TF	ChIP	cell type: Breast; chip antibody: H3K4me3		ftp://ftp.ncbi.nlm.nih.gov/geo/samples/GSM7788nnn/GSM7788422/suppl/GSM7788422_K4HU30E_TF.bed.gz	
GSM7788423	K4IGFSE_TF	K4IGFSE_TF	ChIP	cell type: Breast; chip antibody: H3K4me3		ftp://ftp.ncbi.nlm.nih.gov/geo/samples/GSM7788nnn/GSM7788423/suppl/GSM7788423_K4IGFSE_TF.bed.gz	
GSM7788424	K4L8WWS_TF	K4L8WWS_TF	ChIP	cell type: Breast; chip antibody: H3K4me3		ftp://ftp.ncbi.nlm.nih.gov/geo/samples/GSM7788nnn/GSM7788424/suppl/GSM7788424_K4L8WWS_TF.bed.gz	
GSM7788425	K4LXE8W_TF	K4LXE8W_TF	ChIP	cell type: Breast; chip antibody: H3K4me3		ftp://ftp.ncbi.nlm.nih.gov/geo/samples/GSM7788nnn/GSM7788425/suppl/GSM7788425_K4LXE8W_TF.bed.gz	
GSM7788426	K4me3_AMP1	K4me3_AMP1	ChIP	cell type: Colorectal; chip antibody: H3K4me3		ftp://ftp.ncbi.nlm.nih.gov/geo/samples/GSM7788nnn/GSM7788426/suppl/GSM7788426_K4me3_AMP1.bed.gz	
GSM7788427	K4me3_AMP2	K4me3_AMP2	ChIP	cell type: Colorectal; chip antibody: H3K4me3		ftp://ftp.ncbi.nlm.nih.gov/geo/samples/GSM7788nnn/GSM7788427/suppl/GSM7788427_K4me3_AMP2.bed.gz	
GSM7788428	K4me3_BELI1	K4me3_BELI1	ChIP	cell type: Thymic; chip antibody: H3K4me3		ftp://ftp.ncbi.nlm.nih.gov/geo/samples/GSM7788nnn/GSM7788428/suppl/GSM7788428_K4me3_BELI1.bed.gz	
GSM7788429	K4me3_BELI2	K4me3_BELI2	ChIP	cell type: Thymic; chip antibody: H3K4me3		ftp://ftp.ncbi.nlm.nih.gov/geo/samples/GSM7788nnn/GSM7788429/suppl/GSM7788429_K4me3_BELI2.bed.gz	
GSM7788430	K4me3_PS1	K4me3_PS1	ChIP	cell type: NSCLC; chip antibody: H3K4me3		ftp://ftp.ncbi.nlm.nih.gov/geo/samples/GSM7788nnn/GSM7788430/suppl/GSM7788430_K4me3_PS1.bed.gz	
GSM7788431	K4me3_PS2	K4me3_PS2	ChIP	cell type: NSCLC; chip antibody: H3K4me3		ftp://ftp.ncbi.nlm.nih.gov/geo/samples/GSM7788nnn/GSM7788431/suppl/GSM7788431_K4me3_PS2.bed.gz	
GSM7788432	K4me3_TRC1	K4me3_TRC1	ChIP	cell type: Prostate; chip antibody: H3K4me3		ftp://ftp.ncbi.nlm.nih.gov/geo/samples/GSM7788nnn/GSM7788432/suppl/GSM7788432_K4me3_TRC1.bed.gz	
GSM7788433	K4me3_TRC2	K4me3_TRC2	ChIP	cell type: Prostate; chip antibody: H3K4me3		ftp://ftp.ncbi.nlm.nih.gov/geo/samples/GSM7788nnn/GSM7788433/suppl/GSM7788433_K4me3_TRC2.bed.gz	
GSM7788434	K4me3_TRHC1	K4me3_TRHC1	ChIP	cell type: Hepatocellular; chip antibody: H3K4me3		ftp://ftp.ncbi.nlm.nih.gov/geo/samples/GSM7788nnn/GSM7788434/suppl/GSM7788434_K4me3_TRHC1.bed.gz	
GSM7788435	K4me3_TRHC2	K4me3_TRHC2	ChIP	cell type: Hepatocellular; chip antibody: H3K4me3		ftp://ftp.ncbi.nlm.nih.gov/geo/samples/GSM7788nnn/GSM7788435/suppl/GSM7788435_K4me3_TRHC2.bed.gz	
GSM7788436	K4TRHC66_2	K4TRHC66_2	ChIP	cell type: Hepatocellular; chip antibody: H3K4me3		ftp://ftp.ncbi.nlm.nih.gov/geo/samples/GSM7788nnn/GSM7788436/suppl/GSM7788436_K4TRHC66_2.bed.gz	
GSM7788437	L26_H3ac	L26_H3ac	ChIP	cell type: SCLC; chip antibody: PanH3ac		ftp://ftp.ncbi.nlm.nih.gov/geo/samples/GSM7788nnn/GSM7788437/suppl/GSM7788437_L26_H3ac.bed.gz	
GSM7788438	L30_K4	L30_K4	ChIP	cell type: SCLC; chip antibody: H3K4me3		ftp://ftp.ncbi.nlm.nih.gov/geo/samples/GSM7788nnn/GSM7788438/suppl/GSM7788438_L30_K4.bed.gz	
GSM7788439	L36_H3ac	L36_H3ac	ChIP	cell type: SCLC; chip antibody: PanH3ac		ftp://ftp.ncbi.nlm.nih.gov/geo/samples/GSM7788nnn/GSM7788439/suppl/GSM7788439_L36_H3ac.bed.gz	
GSM7788440	LBC033a	LBC033	ChIP	cell type: Breast; chip antibody: LPWGS		ftp://ftp.ncbi.nlm.nih.gov/geo/samples/GSM7788nnn/GSM7788440/suppl/GSM7788440_LBC033a.bed.gz	
GSM7788441	LBC033b	LBC033	ChIP	cell type: Breast; chip antibody: LPWGS		ftp://ftp.ncbi.nlm.nih.gov/geo/samples/GSM7788nnn/GSM7788441/suppl/GSM7788441_LBC033b.bed.gz	
GSM7788442	LBC088a	LBC088	ChIP	cell type: Breast; chip antibody: LPWGS		ftp://ftp.ncbi.nlm.nih.gov/geo/samples/GSM7788nnn/GSM7788442/suppl/GSM7788442_LBC088a.bed.gz	
GSM7788443	LBC088b	LBC088	ChIP	cell type: Breast; chip antibody: LPWGS		ftp://ftp.ncbi.nlm.nih.gov/geo/samples/GSM7788nnn/GSM7788443/suppl/GSM7788443_LBC088b.bed.gz	
GSM7788444	LBC103b	LBC103	ChIP	cell type: Breast; chip antibody: LPWGS		ftp://ftp.ncbi.nlm.nih.gov/geo/samples/GSM7788nnn/GSM7788444/suppl/GSM7788444_LBC103b.bed.gz	
GSM7788445	LBC225a	LBC225	ChIP	cell type: Breast; chip antibody: LPWGS		ftp://ftp.ncbi.nlm.nih.gov/geo/samples/GSM7788nnn/GSM7788445/suppl/GSM7788445_LBC225a.bed.gz	
GSM7788446	LBC225b	LBC225	ChIP	cell type: Breast; chip antibody: LPWGS		ftp://ftp.ncbi.nlm.nih.gov/geo/samples/GSM7788nnn/GSM7788446/suppl/GSM7788446_LBC225b.bed.gz	
GSM7788447	LBC287a	LBC287	ChIP	cell type: Breast; chip antibody: LPWGS		ftp://ftp.ncbi.nlm.nih.gov/geo/samples/GSM7788nnn/GSM7788447/suppl/GSM7788447_LBC287a.bed.gz	
GSM7788448	LBC287b	LBC287	ChIP	cell type: Breast; chip antibody: LPWGS		ftp://ftp.ncbi.nlm.nih.gov/geo/samples/GSM7788nnn/GSM7788448/suppl/GSM7788448_LBC287b.bed.gz	
GSM7788449	LBC320a	LBC320	ChIP	cell type: Breast; chip antibody: LPWGS		ftp://ftp.ncbi.nlm.nih.gov/geo/samples/GSM7788nnn/GSM7788449/suppl/GSM7788449_LBC320a.bed.gz	
GSM7788450	LBC509a	LBC509	ChIP	cell type: Breast; chip antibody: LPWGS		ftp://ftp.ncbi.nlm.nih.gov/geo/samples/GSM7788nnn/GSM7788450/suppl/GSM7788450_LBC509a.bed.gz	
GSM7788451	LBC509b	LBC509	ChIP	cell type: Breast; chip antibody: LPWGS		ftp://ftp.ncbi.nlm.nih.gov/geo/samples/GSM7788nnn/GSM7788451/suppl/GSM7788451_LBC509b.bed.gz	
GSM7788452	LBC541a	LBC541	ChIP	cell type: Breast; chip antibody: LPWGS		ftp://ftp.ncbi.nlm.nih.gov/geo/samples/GSM7788nnn/GSM7788452/suppl/GSM7788452_LBC541a.bed.gz	
GSM7788453	LBC541b	LBC541	ChIP	cell type: Breast; chip antibody: LPWGS		ftp://ftp.ncbi.nlm.nih.gov/geo/samples/GSM7788nnn/GSM7788453/suppl/GSM7788453_LBC541b.bed.gz	
GSM7788454	LBC548a	LBC548	ChIP	cell type: Breast; chip antibody: LPWGS		ftp://ftp.ncbi.nlm.nih.gov/geo/samples/GSM7788nnn/GSM7788454/suppl/GSM7788454_LBC548a.bed.gz	
GSM7788455	LBC548b	LBC548	ChIP	cell type: Breast; chip antibody: LPWGS		ftp://ftp.ncbi.nlm.nih.gov/geo/samples/GSM7788nnn/GSM7788455/suppl/GSM7788455_LBC548b.bed.gz	
GSM7788456	LBC729a	LBC729	ChIP	cell type: Breast; chip antibody: LPWGS		ftp://ftp.ncbi.nlm.nih.gov/geo/samples/GSM7788nnn/GSM7788456/suppl/GSM7788456_LBC729a.bed.gz	
GSM7788457	LBC729b	LBC729	ChIP	cell type: Breast; chip antibody: LPWGS		ftp://ftp.ncbi.nlm.nih.gov/geo/samples/GSM7788nnn/GSM7788457/suppl/GSM7788457_LBC729b.bed.gz	
GSM7788458	LC001SQ	LC001SQ	ChIP	cell type: NSCLC; chip antibody: H3K4me3		ftp://ftp.ncbi.nlm.nih.gov/geo/samples/GSM7788nnn/GSM7788458/suppl/GSM7788458_LC001SQ.bed.gz	
GSM7788459	LC006AC	LC006AC	ChIP	cell type: NSCLC; chip antibody: H3K4me3		ftp://ftp.ncbi.nlm.nih.gov/geo/samples/GSM7788nnn/GSM7788459/suppl/GSM7788459_LC006AC.bed.gz	
GSM7788460	LC006AC_JS8935_S109	LC006AC_JS8935_S109	ChIP	cell type: NSCLC; chip antibody: H3K4me3		ftp://ftp.ncbi.nlm.nih.gov/geo/samples/GSM7788nnn/GSM7788460/suppl/GSM7788460_LC006AC_JS8935_S109.bed.gz	
GSM7788461	LC006AC_JS8935_S135	LC006AC_JS8935_S135	ChIP	cell type: NSCLC; chip antibody: H3K4me3		ftp://ftp.ncbi.nlm.nih.gov/geo/samples/GSM7788nnn/GSM7788461/suppl/GSM7788461_LC006AC_JS8935_S135.bed.gz	
GSM7788462	LC006AC2	LC006AC2	ChIP	cell type: NSCLC; chip antibody: H3K4me3		ftp://ftp.ncbi.nlm.nih.gov/geo/samples/GSM7788nnn/GSM7788462/suppl/GSM7788462_LC006AC2.bed.gz	
GSM7788463	LC007AC	LC007AC	ChIP	cell type: NSCLC; chip antibody: H3K4me3		ftp://ftp.ncbi.nlm.nih.gov/geo/samples/GSM7788nnn/GSM7788463/suppl/GSM7788463_LC007AC.bed.gz	
GSM7788464	LC007AC_JS8935_S110	LC007AC_JS8935_S110	ChIP	cell type: NSCLC; chip antibody: H3K4me3		ftp://ftp.ncbi.nlm.nih.gov/geo/samples/GSM7788nnn/GSM7788464/suppl/GSM7788464_LC007AC_JS8935_S110.bed.gz	
GSM7788465	LC007AC_JS8935_S136	LC007AC_JS8935_S136	ChIP	cell type: NSCLC; chip antibody: H3K4me3		ftp://ftp.ncbi.nlm.nih.gov/geo/samples/GSM7788nnn/GSM7788465/suppl/GSM7788465_LC007AC_JS8935_S136.bed.gz	
GSM7788466	LC007AC2	LC007AC2	ChIP	cell type: NSCLC; chip antibody: H3K4me3		ftp://ftp.ncbi.nlm.nih.gov/geo/samples/GSM7788nnn/GSM7788466/suppl/GSM7788466_LC007AC2.bed.gz	
GSM7788467	LC010MT	LC010MT	ChIP	cell type: NSCLC; chip antibody: H3K4me3		ftp://ftp.ncbi.nlm.nih.gov/geo/samples/GSM7788nnn/GSM7788467/suppl/GSM7788467_LC010MT.bed.gz	
GSM7788468	LC010MT_JS8935_S111	LC010MT_JS8935_S111	ChIP	cell type: NSCLC; chip antibody: H3K4me3		ftp://ftp.ncbi.nlm.nih.gov/geo/samples/GSM7788nnn/GSM7788468/suppl/GSM7788468_LC010MT_JS8935_S111.bed.gz	
GSM7788469	LC010MT_JS8935_S137	LC010MT_JS8935_S137	ChIP	cell type: NSCLC; chip antibody: H3K4me3		ftp://ftp.ncbi.nlm.nih.gov/geo/samples/GSM7788nnn/GSM7788469/suppl/GSM7788469_LC010MT_JS8935_S137.bed.gz	
GSM7788470	LC010MT2	LC010MT2	ChIP	cell type: NSCLC; chip antibody: H3K4me3		ftp://ftp.ncbi.nlm.nih.gov/geo/samples/GSM7788nnn/GSM7788470/suppl/GSM7788470_LC010MT2.bed.gz	
GSM7788471	LC012AC	LC012AC	ChIP	cell type: NSCLC; chip antibody: H3K4me3		ftp://ftp.ncbi.nlm.nih.gov/geo/samples/GSM7788nnn/GSM7788471/suppl/GSM7788471_LC012AC.bed.gz	
GSM7788472	LC012AC_JS8935_S112	LC012AC_JS8935_S112	ChIP	cell type: NSCLC; chip antibody: H3K4me3		ftp://ftp.ncbi.nlm.nih.gov/geo/samples/GSM7788nnn/GSM7788472/suppl/GSM7788472_LC012AC_JS8935_S112.bed.gz	
GSM7788473	LC012AC_JS8935_S138	LC012AC_JS8935_S138	ChIP	cell type: NSCLC; chip antibody: H3K4me3		ftp://ftp.ncbi.nlm.nih.gov/geo/samples/GSM7788nnn/GSM7788473/suppl/GSM7788473_LC012AC_JS8935_S138.bed.gz	
GSM7788474	LC012AC2	LC012AC2	ChIP	cell type: NSCLC; chip antibody: H3K4me3		ftp://ftp.ncbi.nlm.nih.gov/geo/samples/GSM7788nnn/GSM7788474/suppl/GSM7788474_LC012AC2.bed.gz	
GSM7788475	LC016SQ_JS8935_S113	LC016SQ_JS8935_S113	ChIP	cell type: NSCLC; chip antibody: H3K4me3		ftp://ftp.ncbi.nlm.nih.gov/geo/samples/GSM7788nnn/GSM7788475/suppl/GSM7788475_LC016SQ_JS8935_S113.bed.gz	
GSM7788476	LC016SQ_JS8935_S139	LC016SQ_JS8935_S139	ChIP	cell type: NSCLC; chip antibody: H3K4me3		ftp://ftp.ncbi.nlm.nih.gov/geo/samples/GSM7788nnn/GSM7788476/suppl/GSM7788476_LC016SQ_JS8935_S139.bed.gz	
GSM7788477	LC017MT_JS8935_S114	LC017MT_JS8935_S114	ChIP	cell type: NSCLC; chip antibody: H3K4me3		ftp://ftp.ncbi.nlm.nih.gov/geo/samples/GSM7788nnn/GSM7788477/suppl/GSM7788477_LC017MT_JS8935_S114.bed.gz	
GSM7788478	LC017MT_JS8935_S140	LC017MT_JS8935_S140	ChIP	cell type: NSCLC; chip antibody: H3K4me3		ftp://ftp.ncbi.nlm.nih.gov/geo/samples/GSM7788nnn/GSM7788478/suppl/GSM7788478_LC017MT_JS8935_S140.bed.gz	
GSM7788479	LC017MT2	LC017MT2	ChIP	cell type: NSCLC; chip antibody: H3K4me3		ftp://ftp.ncbi.nlm.nih.gov/geo/samples/GSM7788nnn/GSM7788479/suppl/GSM7788479_LC017MT2.bed.gz	
GSM7788480	LC019MT_JS8935_S115	LC019MT_JS8935_S115	ChIP	cell type: NSCLC; chip antibody: H3K4me3		ftp://ftp.ncbi.nlm.nih.gov/geo/samples/GSM7788nnn/GSM7788480/suppl/GSM7788480_LC019MT_JS8935_S115.bed.gz	
GSM7788481	LC019MT_JS8935_S141	LC019MT_JS8935_S141	ChIP	cell type: NSCLC; chip antibody: H3K4me3		ftp://ftp.ncbi.nlm.nih.gov/geo/samples/GSM7788nnn/GSM7788481/suppl/GSM7788481_LC019MT_JS8935_S141.bed.gz	
GSM7788482	LC020AC_JS8935_S116	LC020AC_JS8935_S116	ChIP	cell type: NSCLC; chip antibody: H3K4me3		ftp://ftp.ncbi.nlm.nih.gov/geo/samples/GSM7788nnn/GSM7788482/suppl/GSM7788482_LC020AC_JS8935_S116.bed.gz	
GSM7788483	LC020AC_JS8935_S142	LC020AC_JS8935_S142	ChIP	cell type: NSCLC; chip antibody: H3K4me3		ftp://ftp.ncbi.nlm.nih.gov/geo/samples/GSM7788nnn/GSM7788483/suppl/GSM7788483_LC020AC_JS8935_S142.bed.gz	
GSM7788484	LC020AC2	LC020AC2	ChIP	cell type: NSCLC; chip antibody: H3K4me3		ftp://ftp.ncbi.nlm.nih.gov/geo/samples/GSM7788nnn/GSM7788484/suppl/GSM7788484_LC020AC2.bed.gz	
GSM7788485	LC021AC_JS8935_S117	LC021AC_JS8935_S117	ChIP	cell type: NSCLC; chip antibody: H3K4me3		ftp://ftp.ncbi.nlm.nih.gov/geo/samples/GSM7788nnn/GSM7788485/suppl/GSM7788485_LC021AC_JS8935_S117.bed.gz	
GSM7788486	LC021AC_JS8935_S143	LC021AC_JS8935_S143	ChIP	cell type: NSCLC; chip antibody: H3K4me3		ftp://ftp.ncbi.nlm.nih.gov/geo/samples/GSM7788nnn/GSM7788486/suppl/GSM7788486_LC021AC_JS8935_S143.bed.gz	
GSM7788487	LC021AC2	LC021AC2	ChIP	cell type: NSCLC; chip antibody: H3K4me3		ftp://ftp.ncbi.nlm.nih.gov/geo/samples/GSM7788nnn/GSM7788487/suppl/GSM7788487_LC021AC2.bed.gz	
GSM7788488	LC05f012	LC05f012	ChIP	cell type: NSCLC; chip antibody: H3K27ac		ftp://ftp.ncbi.nlm.nih.gov/geo/samples/GSM7788nnn/GSM7788488/suppl/GSM7788488_LC05f012.bed.gz	
GSM7788489	LC05v006	LC05v006	ChIP	cell type: NSCLC; chip antibody: H3K27ac		ftp://ftp.ncbi.nlm.nih.gov/geo/samples/GSM7788nnn/GSM7788489/suppl/GSM7788489_LC05v006.bed.gz	
GSM7788490	LC05v007	LC05v007	ChIP	cell type: NSCLC; chip antibody: H3K27ac		ftp://ftp.ncbi.nlm.nih.gov/geo/samples/GSM7788nnn/GSM7788490/suppl/GSM7788490_LC05v007.bed.gz	
GSM7788491	LC05v010	LC05v010	ChIP	cell type: NSCLC; chip antibody: H3K27ac		ftp://ftp.ncbi.nlm.nih.gov/geo/samples/GSM7788nnn/GSM7788491/suppl/GSM7788491_LC05v010.bed.gz	
GSM7788492	LC05v016	LC05v016	ChIP	cell type: NSCLC; chip antibody: H3K27ac		ftp://ftp.ncbi.nlm.nih.gov/geo/samples/GSM7788nnn/GSM7788492/suppl/GSM7788492_LC05v016.bed.gz	
GSM7788493	LC05v017	LC05v017	ChIP	cell type: NSCLC; chip antibody: H3K27ac		ftp://ftp.ncbi.nlm.nih.gov/geo/samples/GSM7788nnn/GSM7788493/suppl/GSM7788493_LC05v017.bed.gz	
GSM7788494	LC05v019	LC05v019	ChIP	cell type: NSCLC; chip antibody: H3K27ac		ftp://ftp.ncbi.nlm.nih.gov/geo/samples/GSM7788nnn/GSM7788494/suppl/GSM7788494_LC05v019.bed.gz	
GSM7788495	LC05v020	LC05v020	ChIP	cell type: NSCLC; chip antibody: H3K27ac		ftp://ftp.ncbi.nlm.nih.gov/geo/samples/GSM7788nnn/GSM7788495/suppl/GSM7788495_LC05v020.bed.gz	
GSM7788496	LC05v021	LC05v021	ChIP	cell type: NSCLC; chip antibody: H3K27ac		ftp://ftp.ncbi.nlm.nih.gov/geo/samples/GSM7788nnn/GSM7788496/suppl/GSM7788496_LC05v021.bed.gz	
GSM7788497	LC09Me3R1	LC09Me3R1	ChIP	cell type: SCLC; chip antibody: H3K4me3		ftp://ftp.ncbi.nlm.nih.gov/geo/samples/GSM7788nnn/GSM7788497/suppl/GSM7788497_LC09Me3R1.bed.gz	
GSM7788498	LC09pAcR2	LC09pAcR2	ChIP	cell type: SCLC; chip antibody: PanH3ac		ftp://ftp.ncbi.nlm.nih.gov/geo/samples/GSM7788nnn/GSM7788498/suppl/GSM7788498_LC09pAcR2.bed.gz	
GSM7788499	LC17PanR2	LC17PanR2	ChIP	cell type: Prostate; chip antibody: PanH3ac		ftp://ftp.ncbi.nlm.nih.gov/geo/samples/GSM7788nnn/GSM7788499/suppl/GSM7788499_LC17PanR2.bed.gz	
GSM7788500	LC33Me3R1	LC33Me3R1	ChIP	cell type: SCLC; chip antibody: H3K4me3		ftp://ftp.ncbi.nlm.nih.gov/geo/samples/GSM7788nnn/GSM7788500/suppl/GSM7788500_LC33Me3R1.bed.gz	
GSM7788501	LC33pAcR2	LC33pAcR2	ChIP	cell type: SCLC; chip antibody: PanH3ac		ftp://ftp.ncbi.nlm.nih.gov/geo/samples/GSM7788nnn/GSM7788501/suppl/GSM7788501_LC33pAcR2.bed.gz	
GSM7788502	LC9K27ac	LC9K27ac	ChIP	cell type: SCLC; chip antibody: H3K27ac		ftp://ftp.ncbi.nlm.nih.gov/geo/samples/GSM7788nnn/GSM7788502/suppl/GSM7788502_LC9K27ac.bed.gz	
GSM7788503	LC9K4me3	LC9K4me3	ChIP	cell type: SCLC; chip antibody: H3K4me3		ftp://ftp.ncbi.nlm.nih.gov/geo/samples/GSM7788nnn/GSM7788503/suppl/GSM7788503_LC9K4me3.bed.gz	
GSM7788504	LCm003	LCm003	ChIP	cell type: NSCLC; chip antibody: H3K4me3		ftp://ftp.ncbi.nlm.nih.gov/geo/samples/GSM7788nnn/GSM7788504/suppl/GSM7788504_LCm003.bed.gz	
GSM7788505	LCm005	LCm005	ChIP	cell type: NSCLC; chip antibody: H3K4me3		ftp://ftp.ncbi.nlm.nih.gov/geo/samples/GSM7788nnn/GSM7788505/suppl/GSM7788505_LCm005.bed.gz	
GSM7788506	LCm018	LCm018	ChIP	cell type: NSCLC; chip antibody: H3K4me3		ftp://ftp.ncbi.nlm.nih.gov/geo/samples/GSM7788nnn/GSM7788506/suppl/GSM7788506_LCm018.bed.gz	
GSM7788507	LCm024	LCm024	ChIP	cell type: NSCLC; chip antibody: H3K4me3		ftp://ftp.ncbi.nlm.nih.gov/geo/samples/GSM7788nnn/GSM7788507/suppl/GSM7788507_LCm024.bed.gz	
GSM7788508	LCm025	LCm025	ChIP	cell type: NSCLC; chip antibody: H3K4me3		ftp://ftp.ncbi.nlm.nih.gov/geo/samples/GSM7788nnn/GSM7788508/suppl/GSM7788508_LCm025.bed.gz	
GSM7788509	LCmlf004	LCmlf004	ChIP	cell type: NSCLC; chip antibody: H3K27ac		ftp://ftp.ncbi.nlm.nih.gov/geo/samples/GSM7788nnn/GSM7788509/suppl/GSM7788509_LCmlf004.bed.gz	
GSM7788510	LCmlf005	LCmlf005	ChIP	cell type: NSCLC; chip antibody: H3K27ac		ftp://ftp.ncbi.nlm.nih.gov/geo/samples/GSM7788nnn/GSM7788510/suppl/GSM7788510_LCmlf005.bed.gz	
GSM7788511	LCmlf006	LCmlf006	ChIP	cell type: NSCLC; chip antibody: H3K27ac		ftp://ftp.ncbi.nlm.nih.gov/geo/samples/GSM7788nnn/GSM7788511/suppl/GSM7788511_LCmlf006.bed.gz	
GSM7788512	LCmlf007	LCmlf007	ChIP	cell type: NSCLC; chip antibody: H3K27ac		ftp://ftp.ncbi.nlm.nih.gov/geo/samples/GSM7788nnn/GSM7788512/suppl/GSM7788512_LCmlf007.bed.gz	
GSM7788513	LCmlf010	LCmlf010	ChIP	cell type: NSCLC; chip antibody: H3K27ac		ftp://ftp.ncbi.nlm.nih.gov/geo/samples/GSM7788nnn/GSM7788513/suppl/GSM7788513_LCmlf010.bed.gz	
GSM7788514	LCmlf011	LCmlf011	ChIP	cell type: NSCLC; chip antibody: H3K27ac		ftp://ftp.ncbi.nlm.nih.gov/geo/samples/GSM7788nnn/GSM7788514/suppl/GSM7788514_LCmlf011.bed.gz	
GSM7788515	LCOL10160	LCOL10160	ChIP	cell type: Colorectal; chip antibody: LPWGS		ftp://ftp.ncbi.nlm.nih.gov/geo/samples/GSM7788nnn/GSM7788515/suppl/GSM7788515_LCOL10160.bed.gz	
GSM7788516	LCOL10191	LCOL10191	ChIP	cell type: Colorectal; chip antibody: LPWGS		ftp://ftp.ncbi.nlm.nih.gov/geo/samples/GSM7788nnn/GSM7788516/suppl/GSM7788516_LCOL10191.bed.gz	
GSM7788517	LCOL10194	LCOL10194	ChIP	cell type: Colorectal; chip antibody: LPWGS		ftp://ftp.ncbi.nlm.nih.gov/geo/samples/GSM7788nnn/GSM7788517/suppl/GSM7788517_LCOL10194.bed.gz	
GSM7788518	LCOL10221	LCOL10221	ChIP	cell type: Colorectal; chip antibody: LPWGS		ftp://ftp.ncbi.nlm.nih.gov/geo/samples/GSM7788nnn/GSM7788518/suppl/GSM7788518_LCOL10221.bed.gz	
GSM7788519	LCOL10241	LCOL10241	ChIP	cell type: Colorectal; chip antibody: LPWGS		ftp://ftp.ncbi.nlm.nih.gov/geo/samples/GSM7788nnn/GSM7788519/suppl/GSM7788519_LCOL10241.bed.gz	
GSM7788520	LCOL10250	LCOL10250	ChIP	cell type: Colorectal; chip antibody: LPWGS		ftp://ftp.ncbi.nlm.nih.gov/geo/samples/GSM7788nnn/GSM7788520/suppl/GSM7788520_LCOL10250.bed.gz	
GSM7788521	LCOL10279	LCOL10279	ChIP	cell type: Colorectal; chip antibody: LPWGS		ftp://ftp.ncbi.nlm.nih.gov/geo/samples/GSM7788nnn/GSM7788521/suppl/GSM7788521_LCOL10279.bed.gz	
GSM7788522	LCOL10375	LCOL10375	ChIP	cell type: Colorectal; chip antibody: LPWGS		ftp://ftp.ncbi.nlm.nih.gov/geo/samples/GSM7788nnn/GSM7788522/suppl/GSM7788522_LCOL10375.bed.gz	
GSM7788523	LCOL10380	LCOL10380	ChIP	cell type: Colorectal; chip antibody: LPWGS		ftp://ftp.ncbi.nlm.nih.gov/geo/samples/GSM7788nnn/GSM7788523/suppl/GSM7788523_LCOL10380.bed.gz	
GSM7788524	LCOL10387	LCOL10387	ChIP	cell type: Colorectal; chip antibody: LPWGS		ftp://ftp.ncbi.nlm.nih.gov/geo/samples/GSM7788nnn/GSM7788524/suppl/GSM7788524_LCOL10387.bed.gz	
GSM7788525	LCOL9517	LCOL9517	ChIP	cell type: Colorectal; chip antibody: LPWGS		ftp://ftp.ncbi.nlm.nih.gov/geo/samples/GSM7788nnn/GSM7788525/suppl/GSM7788525_LCOL9517.bed.gz	
GSM7788526	LCOL9587	LCOL9587	ChIP	cell type: Colorectal; chip antibody: LPWGS		ftp://ftp.ncbi.nlm.nih.gov/geo/samples/GSM7788nnn/GSM7788526/suppl/GSM7788526_LCOL9587.bed.gz	
GSM7788527	LCOL9602	LCOL9602	ChIP	cell type: Colorectal; chip antibody: LPWGS		ftp://ftp.ncbi.nlm.nih.gov/geo/samples/GSM7788nnn/GSM7788527/suppl/GSM7788527_LCOL9602.bed.gz	
GSM7788528	LCOL9614RF	LCOL9614RF	ChIP	cell type: Colorectal; chip antibody: LPWGS		ftp://ftp.ncbi.nlm.nih.gov/geo/samples/GSM7788nnn/GSM7788528/suppl/GSM7788528_LCOL9614RF.bed.gz	
GSM7788529	LCOL9629	LCOL9629	ChIP	cell type: Colorectal; chip antibody: LPWGS		ftp://ftp.ncbi.nlm.nih.gov/geo/samples/GSM7788nnn/GSM7788529/suppl/GSM7788529_LCOL9629.bed.gz	
GSM7788530	LCOL9647	LCOL9647	ChIP	cell type: Colorectal; chip antibody: LPWGS		ftp://ftp.ncbi.nlm.nih.gov/geo/samples/GSM7788nnn/GSM7788530/suppl/GSM7788530_LCOL9647.bed.gz	
GSM7788531	LCOL9752	LCOL9752	ChIP	cell type: Colorectal; chip antibody: LPWGS		ftp://ftp.ncbi.nlm.nih.gov/geo/samples/GSM7788nnn/GSM7788531/suppl/GSM7788531_LCOL9752.bed.gz	
GSM7788532	LCOL9962	LCOL9962	ChIP	cell type: Colorectal; chip antibody: LPWGS		ftp://ftp.ncbi.nlm.nih.gov/geo/samples/GSM7788nnn/GSM7788532/suppl/GSM7788532_LCOL9962.bed.gz	
GSM7788533	LESG3726	LESG3726	ChIP	cell type: Esophageal; chip antibody: LPWGS		ftp://ftp.ncbi.nlm.nih.gov/geo/samples/GSM7788nnn/GSM7788533/suppl/GSM7788533_LESG3726.bed.gz	
GSM7788534	LESG3789	LESG3789	ChIP	cell type: Esophageal; chip antibody: LPWGS		ftp://ftp.ncbi.nlm.nih.gov/geo/samples/GSM7788nnn/GSM7788534/suppl/GSM7788534_LESG3789.bed.gz	
GSM7788535	LESG3794	LESG3794	ChIP	cell type: Esophageal; chip antibody: LPWGS		ftp://ftp.ncbi.nlm.nih.gov/geo/samples/GSM7788nnn/GSM7788535/suppl/GSM7788535_LESG3794.bed.gz	
GSM7788536	LESG3801	LESG3801	ChIP	cell type: Esophageal; chip antibody: LPWGS		ftp://ftp.ncbi.nlm.nih.gov/geo/samples/GSM7788nnn/GSM7788536/suppl/GSM7788536_LESG3801.bed.gz	
GSM7788537	LESG3808	LESG3808	ChIP	cell type: Esophageal; chip antibody: LPWGS		ftp://ftp.ncbi.nlm.nih.gov/geo/samples/GSM7788nnn/GSM7788537/suppl/GSM7788537_LESG3808.bed.gz	
GSM7788538	LESG3845	LESG3845	ChIP	cell type: Esophageal; chip antibody: LPWGS		ftp://ftp.ncbi.nlm.nih.gov/geo/samples/GSM7788nnn/GSM7788538/suppl/GSM7788538_LESG3845.bed.gz	
GSM7788539	LESG3867	LESG3867	ChIP	cell type: Esophageal; chip antibody: LPWGS		ftp://ftp.ncbi.nlm.nih.gov/geo/samples/GSM7788nnn/GSM7788539/suppl/GSM7788539_LESG3867.bed.gz	
GSM7788540	LESG3906	LESG3906	ChIP	cell type: Esophageal; chip antibody: LPWGS		ftp://ftp.ncbi.nlm.nih.gov/geo/samples/GSM7788nnn/GSM7788540/suppl/GSM7788540_LESG3906.bed.gz	
GSM7788541	LESG4206	LESG4206	ChIP	cell type: Esophageal; chip antibody: LPWGS		ftp://ftp.ncbi.nlm.nih.gov/geo/samples/GSM7788nnn/GSM7788541/suppl/GSM7788541_LESG4206.bed.gz	
GSM7788542	LESG4275	LESG4275	ChIP	cell type: Esophageal; chip antibody: LPWGS		ftp://ftp.ncbi.nlm.nih.gov/geo/samples/GSM7788nnn/GSM7788542/suppl/GSM7788542_LESG4275.bed.gz	
GSM7788543	LESG4300	LESG4300	ChIP	cell type: Esophageal; chip antibody: LPWGS		ftp://ftp.ncbi.nlm.nih.gov/geo/samples/GSM7788nnn/GSM7788543/suppl/GSM7788543_LESG4300.bed.gz	
GSM7788544	LESG4325	LESG4325	ChIP	cell type: Esophageal; chip antibody: LPWGS		ftp://ftp.ncbi.nlm.nih.gov/geo/samples/GSM7788nnn/GSM7788544/suppl/GSM7788544_LESG4325.bed.gz	
GSM7788545	LESG4348	LESG4348	ChIP	cell type: Esophageal; chip antibody: LPWGS		ftp://ftp.ncbi.nlm.nih.gov/geo/samples/GSM7788nnn/GSM7788545/suppl/GSM7788545_LESG4348.bed.gz	
GSM7788546	LESG4352	LESG4352	ChIP	cell type: Esophageal; chip antibody: LPWGS		ftp://ftp.ncbi.nlm.nih.gov/geo/samples/GSM7788nnn/GSM7788546/suppl/GSM7788546_LESG4352.bed.gz	
GSM7788547	LESG4488	LESG4488	ChIP	cell type: Esophageal; chip antibody: LPWGS		ftp://ftp.ncbi.nlm.nih.gov/geo/samples/GSM7788nnn/GSM7788547/suppl/GSM7788547_LESG4488.bed.gz	
GSM7788548	LESG9920	LESG9920	ChIP	cell type: Colorectal; chip antibody: LPWGS		ftp://ftp.ncbi.nlm.nih.gov/geo/samples/GSM7788nnn/GSM7788548/suppl/GSM7788548_LESG9920.bed.gz	
GSM7788549	LJH1	LJH1	ChIP	cell type: Glioma; chip antibody: LPWGS		ftp://ftp.ncbi.nlm.nih.gov/geo/samples/GSM7788nnn/GSM7788549/suppl/GSM7788549_LJH1.bed.gz	
GSM7788550	LJH10	LJH10	ChIP	cell type: Prostate; chip antibody: LPWGS		ftp://ftp.ncbi.nlm.nih.gov/geo/samples/GSM7788nnn/GSM7788550/suppl/GSM7788550_LJH10.bed.gz	
GSM7788551	LJH2	LJH2	ChIP	cell type: Glioma; chip antibody: LPWGS		ftp://ftp.ncbi.nlm.nih.gov/geo/samples/GSM7788nnn/GSM7788551/suppl/GSM7788551_LJH2.bed.gz	
GSM7788552	LJH3	LJH3	ChIP	cell type: Glioma; chip antibody: LPWGS		ftp://ftp.ncbi.nlm.nih.gov/geo/samples/GSM7788nnn/GSM7788552/suppl/GSM7788552_LJH3.bed.gz	
GSM7788553	LJH4	LJH4	ChIP	cell type: Glioma; chip antibody: LPWGS		ftp://ftp.ncbi.nlm.nih.gov/geo/samples/GSM7788nnn/GSM7788553/suppl/GSM7788553_LJH4.bed.gz	
GSM7788554	LJH5	LJH5	ChIP	cell type: Glioma; chip antibody: LPWGS		ftp://ftp.ncbi.nlm.nih.gov/geo/samples/GSM7788nnn/GSM7788554/suppl/GSM7788554_LJH5.bed.gz	
GSM7788555	LJH6	LJH6	ChIP	cell type: Small cell bladder; chip antibody: LPWGS		ftp://ftp.ncbi.nlm.nih.gov/geo/samples/GSM7788nnn/GSM7788555/suppl/GSM7788555_LJH6.bed.gz	
GSM7788556	LJH7	LJH7	ChIP	cell type: Glioma; chip antibody: LPWGS		ftp://ftp.ncbi.nlm.nih.gov/geo/samples/GSM7788nnn/GSM7788556/suppl/GSM7788556_LJH7.bed.gz	
GSM7788557	LJH8	LJH8	ChIP	cell type: NEPC; chip antibody: LPWGS		ftp://ftp.ncbi.nlm.nih.gov/geo/samples/GSM7788nnn/GSM7788557/suppl/GSM7788557_LJH8.bed.gz	
GSM7788558	LJH9	LJH9	ChIP	cell type: NEPC; chip antibody: LPWGS		ftp://ftp.ncbi.nlm.nih.gov/geo/samples/GSM7788nnn/GSM7788558/suppl/GSM7788558_LJH9.bed.gz	
GSM7788559	LNEPC10a	LNEPC10	ChIP	cell type: Glioma; chip antibody: LPWGS		ftp://ftp.ncbi.nlm.nih.gov/geo/samples/GSM7788nnn/GSM7788559/suppl/GSM7788559_LNEPC10a.bed.gz	
GSM7788560	LNEPC10b	LNEPC10	ChIP	cell type: Prostate; chip antibody: LPWGS		ftp://ftp.ncbi.nlm.nih.gov/geo/samples/GSM7788nnn/GSM7788560/suppl/GSM7788560_LNEPC10b.bed.gz	
GSM7788561	LNEPC11a	LNEPC11	ChIP	cell type: NEPC; chip antibody: LPWGS		ftp://ftp.ncbi.nlm.nih.gov/geo/samples/GSM7788nnn/GSM7788561/suppl/GSM7788561_LNEPC11a.bed.gz	
GSM7788562	LNEPC11b	LNEPC11	ChIP	cell type: Prostate; chip antibody: LPWGS		ftp://ftp.ncbi.nlm.nih.gov/geo/samples/GSM7788nnn/GSM7788562/suppl/GSM7788562_LNEPC11b.bed.gz	
GSM7788563	LNEPC12a	LNEPC12	ChIP	cell type: Prostate; chip antibody: LPWGS		ftp://ftp.ncbi.nlm.nih.gov/geo/samples/GSM7788nnn/GSM7788563/suppl/GSM7788563_LNEPC12a.bed.gz	
GSM7788564	LNEPC12b	LNEPC12	ChIP	cell type: Small cell bladder; chip antibody: LPWGS		ftp://ftp.ncbi.nlm.nih.gov/geo/samples/GSM7788nnn/GSM7788564/suppl/GSM7788564_LNEPC12b.bed.gz	
GSM7788565	LNEPC3a	LNEPC3	ChIP	cell type: Glioma; chip antibody: LPWGS		ftp://ftp.ncbi.nlm.nih.gov/geo/samples/GSM7788nnn/GSM7788565/suppl/GSM7788565_LNEPC3a.bed.gz	
GSM7788566	LNEPC3b	LNEPC3	ChIP	cell type: NEPC; chip antibody: LPWGS		ftp://ftp.ncbi.nlm.nih.gov/geo/samples/GSM7788nnn/GSM7788566/suppl/GSM7788566_LNEPC3b.bed.gz	
GSM7788567	LNEPC4a	LNEPC4	ChIP	cell type: NEPC; chip antibody: LPWGS		ftp://ftp.ncbi.nlm.nih.gov/geo/samples/GSM7788nnn/GSM7788567/suppl/GSM7788567_LNEPC4a.bed.gz	
GSM7788568	LNEPC4b	LNEPC4	ChIP	cell type: Prostate; chip antibody: LPWGS		ftp://ftp.ncbi.nlm.nih.gov/geo/samples/GSM7788nnn/GSM7788568/suppl/GSM7788568_LNEPC4b.bed.gz	
GSM7788569	LNEPC5a	LNEPC5	ChIP	cell type: NEPC; chip antibody: LPWGS		ftp://ftp.ncbi.nlm.nih.gov/geo/samples/GSM7788nnn/GSM7788569/suppl/GSM7788569_LNEPC5a.bed.gz	
GSM7788570	LNEPC5b	LNEPC5	ChIP	cell type: Prostate; chip antibody: LPWGS		ftp://ftp.ncbi.nlm.nih.gov/geo/samples/GSM7788nnn/GSM7788570/suppl/GSM7788570_LNEPC5b.bed.gz	
GSM7788571	LNEPC6a	LNEPC6	ChIP	cell type: Prostate; chip antibody: LPWGS		ftp://ftp.ncbi.nlm.nih.gov/geo/samples/GSM7788nnn/GSM7788571/suppl/GSM7788571_LNEPC6a.bed.gz	
GSM7788572	LNEPC7a	LNEPC7	ChIP	cell type: NEPC; chip antibody: LPWGS		ftp://ftp.ncbi.nlm.nih.gov/geo/samples/GSM7788nnn/GSM7788572/suppl/GSM7788572_LNEPC7a.bed.gz	
GSM7788573	LNEPC8b	LNEPC8	ChIP	cell type: Glioma; chip antibody: LPWGS		ftp://ftp.ncbi.nlm.nih.gov/geo/samples/GSM7788nnn/GSM7788573/suppl/GSM7788573_LNEPC8b.bed.gz	
GSM7788574	LNEPC9a	LNEPC9	ChIP	cell type: NEPC; chip antibody: LPWGS		ftp://ftp.ncbi.nlm.nih.gov/geo/samples/GSM7788nnn/GSM7788574/suppl/GSM7788574_LNEPC9a.bed.gz	
GSM7788575	LNEPC9b	LNEPC9	ChIP	cell type: Glioma; chip antibody: LPWGS		ftp://ftp.ncbi.nlm.nih.gov/geo/samples/GSM7788nnn/GSM7788575/suppl/GSM7788575_LNEPC9b.bed.gz	
GSM7788576	Lung11	Lung11	ChIP	cell type: NSCLC; chip antibody: H3K4me3		ftp://ftp.ncbi.nlm.nih.gov/geo/samples/GSM7788nnn/GSM7788576/suppl/GSM7788576_Lung11.bed.gz	
GSM7788577	Lung13	Lung13	ChIP	cell type: NSCLC; chip antibody: H3K4me3		ftp://ftp.ncbi.nlm.nih.gov/geo/samples/GSM7788nnn/GSM7788577/suppl/GSM7788577_Lung13.bed.gz	
GSM7788578	Lung14	Lung14	ChIP	cell type: NSCLC; chip antibody: H3K4me3		ftp://ftp.ncbi.nlm.nih.gov/geo/samples/GSM7788nnn/GSM7788578/suppl/GSM7788578_Lung14.bed.gz	
GSM7788579	Lung2	Lung2	ChIP	cell type: NSCLC; chip antibody: H3K4me3		ftp://ftp.ncbi.nlm.nih.gov/geo/samples/GSM7788nnn/GSM7788579/suppl/GSM7788579_Lung2.bed.gz	
GSM7788580	Lung22	Lung22	ChIP	cell type: NSCLC; chip antibody: H3K4me3		ftp://ftp.ncbi.nlm.nih.gov/geo/samples/GSM7788nnn/GSM7788580/suppl/GSM7788580_Lung22.bed.gz	
GSM7788581	Lung9	Lung9	ChIP	cell type: SCLC; chip antibody: H3K4me3		ftp://ftp.ncbi.nlm.nih.gov/geo/samples/GSM7788nnn/GSM7788581/suppl/GSM7788581_Lung9.bed.gz	
GSM7788582	MAc1H091	MAc1H091	ChIP	cell type: Healthy; chip antibody: PanH3ac		ftp://ftp.ncbi.nlm.nih.gov/geo/samples/GSM7788nnn/GSM7788582/suppl/GSM7788582_MAc1H091.bed.gz	
GSM7788583	MAc1H094	MAc1H094	ChIP	cell type: Healthy; chip antibody: PanH3ac		ftp://ftp.ncbi.nlm.nih.gov/geo/samples/GSM7788nnn/GSM7788583/suppl/GSM7788583_MAc1H094.bed.gz	
GSM7788584	MAc1H645	MAc1H645	ChIP	cell type: Healthy; chip antibody: PanH3ac		ftp://ftp.ncbi.nlm.nih.gov/geo/samples/GSM7788nnn/GSM7788584/suppl/GSM7788584_MAc1H645.bed.gz	
GSM7788585	MAc1H740	MAc1H740	ChIP	cell type: Healthy; chip antibody: PanH3ac		ftp://ftp.ncbi.nlm.nih.gov/geo/samples/GSM7788nnn/GSM7788585/suppl/GSM7788585_MAc1H740.bed.gz	
GSM7788586	MAc2H094	MAc2H094	ChIP	cell type: Healthy; chip antibody: PanH3ac		ftp://ftp.ncbi.nlm.nih.gov/geo/samples/GSM7788nnn/GSM7788586/suppl/GSM7788586_MAc2H094.bed.gz	
GSM7788587	MAc2H740	MAc2H740	ChIP	cell type: Healthy; chip antibody: PanH3ac		ftp://ftp.ncbi.nlm.nih.gov/geo/samples/GSM7788nnn/GSM7788587/suppl/GSM7788587_MAc2H740.bed.gz	
GSM7788588	MAc2H912	MAc2H912	ChIP	cell type: Healthy; chip antibody: PanH3ac		ftp://ftp.ncbi.nlm.nih.gov/geo/samples/GSM7788nnn/GSM7788588/suppl/GSM7788588_MAc2H912.bed.gz	
GSM7788589	MAc2Lc45	MAc2Lc45	ChIP	cell type: SCLC; chip antibody: PanH3ac		ftp://ftp.ncbi.nlm.nih.gov/geo/samples/GSM7788nnn/GSM7788589/suppl/GSM7788589_MAc2Lc45.bed.gz	
GSM7788590	MAcPc60	MAcPc60	ChIP	cell type: Prostate; chip antibody: PanH3ac		ftp://ftp.ncbi.nlm.nih.gov/geo/samples/GSM7788nnn/GSM7788590/suppl/GSM7788590_MAcPc60.bed.gz	
GSM7788591	mAcS_PC59	mAcS_PC59	ChIP	cell type: Prostate; chip antibody: PanH3ac		ftp://ftp.ncbi.nlm.nih.gov/geo/samples/GSM7788nnn/GSM7788591/suppl/GSM7788591_mAcS_PC59.bed.gz	
GSM7788592	mAMP11_2	mAMP11_2	MeDIP	cell type: Colorectal; chip antibody: MeDIP		ftp://ftp.ncbi.nlm.nih.gov/geo/samples/GSM7788nnn/GSM7788592/suppl/GSM7788592_mAMP11_2.bed.gz	
GSM7788593	mAMP13_2	mAMP13_2	MeDIP	cell type: Colorectal; chip antibody: MeDIP		ftp://ftp.ncbi.nlm.nih.gov/geo/samples/GSM7788nnn/GSM7788593/suppl/GSM7788593_mAMP13_2.bed.gz	
GSM7788594	mAMP16_2	mAMP16_2	MeDIP	cell type: Colorectal; chip antibody: MeDIP		ftp://ftp.ncbi.nlm.nih.gov/geo/samples/GSM7788nnn/GSM7788594/suppl/GSM7788594_mAMP16_2.bed.gz	
GSM7788595	mAMP20_2	mAMP20_2	MeDIP	cell type: Colorectal; chip antibody: MeDIP		ftp://ftp.ncbi.nlm.nih.gov/geo/samples/GSM7788nnn/GSM7788595/suppl/GSM7788595_mAMP20_2.bed.gz	
GSM7788596	mAMP28_2	mAMP28_2	MeDIP	cell type: Colorectal; chip antibody: MeDIP		ftp://ftp.ncbi.nlm.nih.gov/geo/samples/GSM7788nnn/GSM7788596/suppl/GSM7788596_mAMP28_2.bed.gz	
GSM7788597	mAMP31_2	mAMP31_2	MeDIP	cell type: Colorectal; chip antibody: MeDIP		ftp://ftp.ncbi.nlm.nih.gov/geo/samples/GSM7788nnn/GSM7788597/suppl/GSM7788597_mAMP31_2.bed.gz	
GSM7788598	MATT_PC_38_JS9177_S25	MATT_PC_38_JS9177_S25	ChIP	cell type: Prostate; chip antibody: H3K4me3		ftp://ftp.ncbi.nlm.nih.gov/geo/samples/GSM7788nnn/GSM7788598/suppl/GSM7788598_MATT_PC_38_JS9177_S25.bed.gz	
GSM7788599	MATT_PC_39_JS9177_S26	MATT_PC_39_JS9177_S26	ChIP	cell type: Prostate; chip antibody: H3K4me3		ftp://ftp.ncbi.nlm.nih.gov/geo/samples/GSM7788nnn/GSM7788599/suppl/GSM7788599_MATT_PC_39_JS9177_S26.bed.gz	
GSM7788600	MATT_PC_40_JS9177_S27	MATT_PC_40_JS9177_S27	ChIP	cell type: Prostate; chip antibody: H3K4me3		ftp://ftp.ncbi.nlm.nih.gov/geo/samples/GSM7788nnn/GSM7788600/suppl/GSM7788600_MATT_PC_40_JS9177_S27.bed.gz	
GSM7788601	MATT_PC_41_JS9177_S28	MATT_PC_41_JS9177_S28	ChIP	cell type: Prostate; chip antibody: H3K4me3		ftp://ftp.ncbi.nlm.nih.gov/geo/samples/GSM7788nnn/GSM7788601/suppl/GSM7788601_MATT_PC_41_JS9177_S28.bed.gz	
GSM7788602	MATT_PC_42_JS9177_S29	MATT_PC_42_JS9177_S29	ChIP	cell type: Prostate; chip antibody: H3K4me3		ftp://ftp.ncbi.nlm.nih.gov/geo/samples/GSM7788nnn/GSM7788602/suppl/GSM7788602_MATT_PC_42_JS9177_S29.bed.gz	
GSM7788603	MATT_PC_43_JS9177_S30	MATT_PC_43_JS9177_S30	ChIP	cell type: Prostate; chip antibody: H3K4me3		ftp://ftp.ncbi.nlm.nih.gov/geo/samples/GSM7788nnn/GSM7788603/suppl/GSM7788603_MATT_PC_43_JS9177_S30.bed.gz	
GSM7788604	MATT_PC_44_JS9177_S31	MATT_PC_44_JS9177_S31	ChIP	cell type: Prostate; chip antibody: H3K4me3		ftp://ftp.ncbi.nlm.nih.gov/geo/samples/GSM7788nnn/GSM7788604/suppl/GSM7788604_MATT_PC_44_JS9177_S31.bed.gz	
GSM7788605	MATT_PC_45_JS9177_S32	MATT_PC_45_JS9177_S32	ChIP	cell type: Prostate; chip antibody: H3K4me3		ftp://ftp.ncbi.nlm.nih.gov/geo/samples/GSM7788nnn/GSM7788605/suppl/GSM7788605_MATT_PC_45_JS9177_S32.bed.gz	
GSM7788606	MATT_PC_46_JS9177_S33	MATT_PC_46_JS9177_S33	ChIP	cell type: Prostate; chip antibody: H3K4me3		ftp://ftp.ncbi.nlm.nih.gov/geo/samples/GSM7788nnn/GSM7788606/suppl/GSM7788606_MATT_PC_46_JS9177_S33.bed.gz	
GSM7788607	MBC033a	MBC033	MeDIP	cell type: Breast; chip antibody: MeDIP		ftp://ftp.ncbi.nlm.nih.gov/geo/samples/GSM7788nnn/GSM7788607/suppl/GSM7788607_MBC033a.bed.gz	
GSM7788608	MBC033b	MBC033	MeDIP	cell type: Breast; chip antibody: MeDIP		ftp://ftp.ncbi.nlm.nih.gov/geo/samples/GSM7788nnn/GSM7788608/suppl/GSM7788608_MBC033b.bed.gz	
GSM7788609	MBC088a	MBC088	MeDIP	cell type: Breast; chip antibody: MeDIP		ftp://ftp.ncbi.nlm.nih.gov/geo/samples/GSM7788nnn/GSM7788609/suppl/GSM7788609_MBC088a.bed.gz	
GSM7788610	MBC088b	MBC088	MeDIP	cell type: Breast; chip antibody: MeDIP		ftp://ftp.ncbi.nlm.nih.gov/geo/samples/GSM7788nnn/GSM7788610/suppl/GSM7788610_MBC088b.bed.gz	
GSM7788611	MBC103a	MBC103	MeDIP	cell type: Breast; chip antibody: MeDIP		ftp://ftp.ncbi.nlm.nih.gov/geo/samples/GSM7788nnn/GSM7788611/suppl/GSM7788611_MBC103a.bed.gz	
GSM7788612	MBC103b	MBC103	MeDIP	cell type: Breast; chip antibody: MeDIP		ftp://ftp.ncbi.nlm.nih.gov/geo/samples/GSM7788nnn/GSM7788612/suppl/GSM7788612_MBC103b.bed.gz	
GSM7788613	MBC225a	MBC225	MeDIP	cell type: Breast; chip antibody: MeDIP		ftp://ftp.ncbi.nlm.nih.gov/geo/samples/GSM7788nnn/GSM7788613/suppl/GSM7788613_MBC225a.bed.gz	
GSM7788614	MBC225b	MBC225	MeDIP	cell type: Breast; chip antibody: MeDIP		ftp://ftp.ncbi.nlm.nih.gov/geo/samples/GSM7788nnn/GSM7788614/suppl/GSM7788614_MBC225b.bed.gz	
GSM7788615	MBC287a	MBC287	MeDIP	cell type: Breast; chip antibody: MeDIP		ftp://ftp.ncbi.nlm.nih.gov/geo/samples/GSM7788nnn/GSM7788615/suppl/GSM7788615_MBC287a.bed.gz	
GSM7788616	MBC287b	MBC287	MeDIP	cell type: Breast; chip antibody: MeDIP		ftp://ftp.ncbi.nlm.nih.gov/geo/samples/GSM7788nnn/GSM7788616/suppl/GSM7788616_MBC287b.bed.gz	
GSM7788617	MBC320a	MBC320	MeDIP	cell type: Breast; chip antibody: MeDIP		ftp://ftp.ncbi.nlm.nih.gov/geo/samples/GSM7788nnn/GSM7788617/suppl/GSM7788617_MBC320a.bed.gz	
GSM7788618	MBC320b	MBC320	MeDIP	cell type: Breast; chip antibody: MeDIP		ftp://ftp.ncbi.nlm.nih.gov/geo/samples/GSM7788nnn/GSM7788618/suppl/GSM7788618_MBC320b.bed.gz	
GSM7788619	MBC509a	MBC509	MeDIP	cell type: Breast; chip antibody: MeDIP		ftp://ftp.ncbi.nlm.nih.gov/geo/samples/GSM7788nnn/GSM7788619/suppl/GSM7788619_MBC509a.bed.gz	
GSM7788620	MBC509b	MBC509	MeDIP	cell type: Breast; chip antibody: MeDIP		ftp://ftp.ncbi.nlm.nih.gov/geo/samples/GSM7788nnn/GSM7788620/suppl/GSM7788620_MBC509b.bed.gz	
GSM7788621	MBC541a	MBC541	MeDIP	cell type: Breast; chip antibody: MeDIP		ftp://ftp.ncbi.nlm.nih.gov/geo/samples/GSM7788nnn/GSM7788621/suppl/GSM7788621_MBC541a.bed.gz	
GSM7788622	MBC541b	MBC541	MeDIP	cell type: Breast; chip antibody: MeDIP		ftp://ftp.ncbi.nlm.nih.gov/geo/samples/GSM7788nnn/GSM7788622/suppl/GSM7788622_MBC541b.bed.gz	
GSM7788623	MBC548a	MBC548	MeDIP	cell type: Breast; chip antibody: MeDIP		ftp://ftp.ncbi.nlm.nih.gov/geo/samples/GSM7788nnn/GSM7788623/suppl/GSM7788623_MBC548a.bed.gz	
GSM7788624	MBC548b	MBC548	MeDIP	cell type: Breast; chip antibody: MeDIP		ftp://ftp.ncbi.nlm.nih.gov/geo/samples/GSM7788nnn/GSM7788624/suppl/GSM7788624_MBC548b.bed.gz	
GSM7788625	MBC729a	MBC729	MeDIP	cell type: Breast; chip antibody: MeDIP		ftp://ftp.ncbi.nlm.nih.gov/geo/samples/GSM7788nnn/GSM7788625/suppl/GSM7788625_MBC729a.bed.gz	
GSM7788626	MBC729b	MBC729	MeDIP	cell type: Breast; chip antibody: MeDIP		ftp://ftp.ncbi.nlm.nih.gov/geo/samples/GSM7788nnn/GSM7788626/suppl/GSM7788626_MBC729b.bed.gz	
GSM7788627	mBELC83_2	mBELC83_2	MeDIP	cell type: Thymic; chip antibody: MeDIP		ftp://ftp.ncbi.nlm.nih.gov/geo/samples/GSM7788nnn/GSM7788627/suppl/GSM7788627_mBELC83_2.bed.gz	
GSM7788628	mBELI56_2	mBELI56_2	MeDIP	cell type: Thymic; chip antibody: MeDIP		ftp://ftp.ncbi.nlm.nih.gov/geo/samples/GSM7788nnn/GSM7788628/suppl/GSM7788628_mBELI56_2.bed.gz	
GSM7788629	mBELI64_2	mBELI64_2	MeDIP	cell type: Thymic; chip antibody: MeDIP		ftp://ftp.ncbi.nlm.nih.gov/geo/samples/GSM7788nnn/GSM7788629/suppl/GSM7788629_mBELI64_2.bed.gz	
GSM7788630	mBELI68_2	mBELI68_2	MeDIP	cell type: Thymic; chip antibody: MeDIP		ftp://ftp.ncbi.nlm.nih.gov/geo/samples/GSM7788nnn/GSM7788630/suppl/GSM7788630_mBELI68_2.bed.gz	
GSM7788631	mBELI74_2	mBELI74_2	MeDIP	cell type: Thymic; chip antibody: MeDIP		ftp://ftp.ncbi.nlm.nih.gov/geo/samples/GSM7788nnn/GSM7788631/suppl/GSM7788631_mBELI74_2.bed.gz	
GSM7788632	mBELI82_2	mBELI82_2	MeDIP	cell type: Thymic; chip antibody: MeDIP		ftp://ftp.ncbi.nlm.nih.gov/geo/samples/GSM7788nnn/GSM7788632/suppl/GSM7788632_mBELI82_2.bed.gz	
GSM7788633	mBMS4_2	mBMS4_2	MeDIP	cell type: Renal; chip antibody: MeDIP		ftp://ftp.ncbi.nlm.nih.gov/geo/samples/GSM7788nnn/GSM7788633/suppl/GSM7788633_mBMS4_2.bed.gz	
GSM7788634	mBMS7_2	mBMS7_2	MeDIP	cell type: Renal; chip antibody: MeDIP		ftp://ftp.ncbi.nlm.nih.gov/geo/samples/GSM7788nnn/GSM7788634/suppl/GSM7788634_mBMS7_2.bed.gz	
GSM7788635	MCOL10160	MCOL10160	MeDIP	cell type: Colorectal; chip antibody: MeDIP		ftp://ftp.ncbi.nlm.nih.gov/geo/samples/GSM7788nnn/GSM7788635/suppl/GSM7788635_MCOL10160.bed.gz	
GSM7788636	MCOL10191	MCOL10191	MeDIP	cell type: Colorectal; chip antibody: MeDIP		ftp://ftp.ncbi.nlm.nih.gov/geo/samples/GSM7788nnn/GSM7788636/suppl/GSM7788636_MCOL10191.bed.gz	
GSM7788637	MCOL10194	MCOL10194	MeDIP	cell type: Colorectal; chip antibody: MeDIP		ftp://ftp.ncbi.nlm.nih.gov/geo/samples/GSM7788nnn/GSM7788637/suppl/GSM7788637_MCOL10194.bed.gz	
GSM7788638	MCOL10221	MCOL10221	MeDIP	cell type: Colorectal; chip antibody: MeDIP		ftp://ftp.ncbi.nlm.nih.gov/geo/samples/GSM7788nnn/GSM7788638/suppl/GSM7788638_MCOL10221.bed.gz	
GSM7788639	MCOL10241	MCOL10241	MeDIP	cell type: Colorectal; chip antibody: MeDIP		ftp://ftp.ncbi.nlm.nih.gov/geo/samples/GSM7788nnn/GSM7788639/suppl/GSM7788639_MCOL10241.bed.gz	
GSM7788640	MCOL10250	MCOL10250	MeDIP	cell type: Colorectal; chip antibody: MeDIP		ftp://ftp.ncbi.nlm.nih.gov/geo/samples/GSM7788nnn/GSM7788640/suppl/GSM7788640_MCOL10250.bed.gz	
GSM7788641	MCOL10279	MCOL10279	MeDIP	cell type: Colorectal; chip antibody: MeDIP		ftp://ftp.ncbi.nlm.nih.gov/geo/samples/GSM7788nnn/GSM7788641/suppl/GSM7788641_MCOL10279.bed.gz	
GSM7788642	MCOL10375	MCOL10375	MeDIP	cell type: Colorectal; chip antibody: MeDIP		ftp://ftp.ncbi.nlm.nih.gov/geo/samples/GSM7788nnn/GSM7788642/suppl/GSM7788642_MCOL10375.bed.gz	
GSM7788643	MCOL10380	MCOL10380	MeDIP	cell type: Colorectal; chip antibody: MeDIP		ftp://ftp.ncbi.nlm.nih.gov/geo/samples/GSM7788nnn/GSM7788643/suppl/GSM7788643_MCOL10380.bed.gz	
GSM7788644	MCOL10387	MCOL10387	MeDIP	cell type: Colorectal; chip antibody: MeDIP		ftp://ftp.ncbi.nlm.nih.gov/geo/samples/GSM7788nnn/GSM7788644/suppl/GSM7788644_MCOL10387.bed.gz	
GSM7788645	MCOL9517	MCOL9517	MeDIP	cell type: Colorectal; chip antibody: MeDIP		ftp://ftp.ncbi.nlm.nih.gov/geo/samples/GSM7788nnn/GSM7788645/suppl/GSM7788645_MCOL9517.bed.gz	
GSM7788646	MCOL9587	MCOL9587	MeDIP	cell type: Colorectal; chip antibody: MeDIP		ftp://ftp.ncbi.nlm.nih.gov/geo/samples/GSM7788nnn/GSM7788646/suppl/GSM7788646_MCOL9587.bed.gz	
GSM7788647	MCOL9602	MCOL9602	MeDIP	cell type: Colorectal; chip antibody: MeDIP		ftp://ftp.ncbi.nlm.nih.gov/geo/samples/GSM7788nnn/GSM7788647/suppl/GSM7788647_MCOL9602.bed.gz	
GSM7788648	MCOL9614RF	MCOL9614RF	MeDIP	cell type: Colorectal; chip antibody: MeDIP		ftp://ftp.ncbi.nlm.nih.gov/geo/samples/GSM7788nnn/GSM7788648/suppl/GSM7788648_MCOL9614RF.bed.gz	
GSM7788649	MCOL9629	MCOL9629	MeDIP	cell type: Colorectal; chip antibody: MeDIP		ftp://ftp.ncbi.nlm.nih.gov/geo/samples/GSM7788nnn/GSM7788649/suppl/GSM7788649_MCOL9629.bed.gz	
GSM7788650	MCOL9647	MCOL9647	MeDIP	cell type: Colorectal; chip antibody: MeDIP		ftp://ftp.ncbi.nlm.nih.gov/geo/samples/GSM7788nnn/GSM7788650/suppl/GSM7788650_MCOL9647.bed.gz	
GSM7788651	MCOL9962	MCOL9962	MeDIP	cell type: Colorectal; chip antibody: MeDIP		ftp://ftp.ncbi.nlm.nih.gov/geo/samples/GSM7788nnn/GSM7788651/suppl/GSM7788651_MCOL9962.bed.gz	
GSM7788652	MdCRpr257	MdCRpr257	MeDIP	cell type: Prostate; chip antibody: MeDIP		ftp://ftp.ncbi.nlm.nih.gov/geo/samples/GSM7788nnn/GSM7788652/suppl/GSM7788652_MdCRpr257.bed.gz	
GSM7788653	MdCRpr436	MdCRpr436	MeDIP	cell type: Prostate; chip antibody: MeDIP		ftp://ftp.ncbi.nlm.nih.gov/geo/samples/GSM7788nnn/GSM7788653/suppl/GSM7788653_MdCRpr436.bed.gz	
GSM7788654	MdCRpr575	MdCRpr575	MeDIP	cell type: Prostate; chip antibody: MeDIP		ftp://ftp.ncbi.nlm.nih.gov/geo/samples/GSM7788nnn/GSM7788654/suppl/GSM7788654_MdCRpr575.bed.gz	
GSM7788655	MdCRpr749	MdCRpr749	MeDIP	cell type: Prostate; chip antibody: MeDIP		ftp://ftp.ncbi.nlm.nih.gov/geo/samples/GSM7788nnn/GSM7788655/suppl/GSM7788655_MdCRpr749.bed.gz	
GSM7788656	MdCRpr907	MdCRpr907	MeDIP	cell type: Prostate; chip antibody: MeDIP		ftp://ftp.ncbi.nlm.nih.gov/geo/samples/GSM7788nnn/GSM7788656/suppl/GSM7788656_MdCRpr907.bed.gz	
GSM7788657	MdCRpr987	MdCRpr987	MeDIP	cell type: Prostate; chip antibody: MeDIP		ftp://ftp.ncbi.nlm.nih.gov/geo/samples/GSM7788nnn/GSM7788657/suppl/GSM7788657_MdCRpr987.bed.gz	
GSM7788658	MdCRpt257	MdCRpt257	MeDIP	cell type: Prostate; chip antibody: MeDIP		ftp://ftp.ncbi.nlm.nih.gov/geo/samples/GSM7788nnn/GSM7788658/suppl/GSM7788658_MdCRpt257.bed.gz	
GSM7788659	MdCRpt257b	MdCRpt257	MeDIP	cell type: Prostate; chip antibody: MeDIP		ftp://ftp.ncbi.nlm.nih.gov/geo/samples/GSM7788nnn/GSM7788659/suppl/GSM7788659_MdCRpt257b.bed.gz	
GSM7788660	MdCRpt436	MdCRpt436	MeDIP	cell type: Prostate; chip antibody: MeDIP		ftp://ftp.ncbi.nlm.nih.gov/geo/samples/GSM7788nnn/GSM7788660/suppl/GSM7788660_MdCRpt436.bed.gz	
GSM7788661	MdCRpt547	MdCRpt547	MeDIP	cell type: Prostate; chip antibody: MeDIP		ftp://ftp.ncbi.nlm.nih.gov/geo/samples/GSM7788nnn/GSM7788661/suppl/GSM7788661_MdCRpt547.bed.gz	
GSM7788662	MdCRpt575	MdCRpt575	MeDIP	cell type: Prostate; chip antibody: MeDIP		ftp://ftp.ncbi.nlm.nih.gov/geo/samples/GSM7788nnn/GSM7788662/suppl/GSM7788662_MdCRpt575.bed.gz	
GSM7788663	MdCRpt987	MdCRpt987	MeDIP	cell type: Prostate; chip antibody: MeDIP		ftp://ftp.ncbi.nlm.nih.gov/geo/samples/GSM7788nnn/GSM7788663/suppl/GSM7788663_MdCRpt987.bed.gz	
GSM7788664	MdGP53	MdGP53	MeDIP	cell type: Prostate; chip antibody: MeDIP		ftp://ftp.ncbi.nlm.nih.gov/geo/samples/GSM7788nnn/GSM7788664/suppl/GSM7788664_MdGP53.bed.gz	
GSM7788665	MdGP54	MdGP54	MeDIP	cell type: Prostate; chip antibody: MeDIP		ftp://ftp.ncbi.nlm.nih.gov/geo/samples/GSM7788nnn/GSM7788665/suppl/GSM7788665_MdGP54.bed.gz	
GSM7788666	MdH30642	MdH30642	MeDIP	cell type: Healthy; chip antibody: MeDIP		ftp://ftp.ncbi.nlm.nih.gov/geo/samples/GSM7788nnn/GSM7788666/suppl/GSM7788666_MdH30642.bed.gz	
GSM7788667	MdH34881	MdH34881	MeDIP	cell type: Healthy; chip antibody: MeDIP		ftp://ftp.ncbi.nlm.nih.gov/geo/samples/GSM7788nnn/GSM7788667/suppl/GSM7788667_MdH34881.bed.gz	
GSM7788668	MdH56703	MdH56703	MeDIP	cell type: Healthy; chip antibody: MeDIP		ftp://ftp.ncbi.nlm.nih.gov/geo/samples/GSM7788nnn/GSM7788668/suppl/GSM7788668_MdH56703.bed.gz	
GSM7788669	MdH98228	MdH98228	MeDIP	cell type: Healthy; chip antibody: MeDIP		ftp://ftp.ncbi.nlm.nih.gov/geo/samples/GSM7788nnn/GSM7788669/suppl/GSM7788669_MdH98228.bed.gz	
GSM7788670	MdHP10028203	MdHP10028203	MeDIP	cell type: Healthy; chip antibody: MeDIP		ftp://ftp.ncbi.nlm.nih.gov/geo/samples/GSM7788nnn/GSM7788670/suppl/GSM7788670_MdHP10028203.bed.gz	
GSM7788671	MdHP10031645	MdHP10031645	MeDIP	cell type: Healthy; chip antibody: MeDIP		ftp://ftp.ncbi.nlm.nih.gov/geo/samples/GSM7788nnn/GSM7788671/suppl/GSM7788671_MdHP10031645.bed.gz	
GSM7788672	MdHP10033740	MdHP10033740	MeDIP	cell type: Healthy; chip antibody: MeDIP		ftp://ftp.ncbi.nlm.nih.gov/geo/samples/GSM7788nnn/GSM7788672/suppl/GSM7788672_MdHP10033740.bed.gz	
GSM7788673	MdHP10035094	MdHP10035094	MeDIP	cell type: Healthy; chip antibody: MeDIP		ftp://ftp.ncbi.nlm.nih.gov/geo/samples/GSM7788nnn/GSM7788673/suppl/GSM7788673_MdHP10035094.bed.gz	
GSM7788674	MdHP10035094_2	MdHP10035094_2	MeDIP	cell type: Healthy; chip antibody: MeDIP		ftp://ftp.ncbi.nlm.nih.gov/geo/samples/GSM7788nnn/GSM7788674/suppl/GSM7788674_MdHP10035094_2.bed.gz	
GSM7788675	MdHP10036348	MdHP10036348	MeDIP	cell type: Healthy; chip antibody: MeDIP		ftp://ftp.ncbi.nlm.nih.gov/geo/samples/GSM7788nnn/GSM7788675/suppl/GSM7788675_MdHP10036348.bed.gz	
GSM7788676	MdHP10038748	MdHP10038748	MeDIP	cell type: Healthy; chip antibody: MeDIP		ftp://ftp.ncbi.nlm.nih.gov/geo/samples/GSM7788nnn/GSM7788676/suppl/GSM7788676_MdHP10038748.bed.gz	
GSM7788677	MdHP10041556	MdHP10041556	MeDIP	cell type: Healthy; chip antibody: MeDIP		ftp://ftp.ncbi.nlm.nih.gov/geo/samples/GSM7788nnn/GSM7788677/suppl/GSM7788677_MdHP10041556.bed.gz	
GSM7788678	MdHP10045456	MdHP10045456	MeDIP	cell type: Healthy; chip antibody: MeDIP		ftp://ftp.ncbi.nlm.nih.gov/geo/samples/GSM7788nnn/GSM7788678/suppl/GSM7788678_MdHP10045456.bed.gz	
GSM7788679	MdHP10047328	MdHP10047328	MeDIP	cell type: Healthy; chip antibody: MeDIP		ftp://ftp.ncbi.nlm.nih.gov/geo/samples/GSM7788nnn/GSM7788679/suppl/GSM7788679_MdHP10047328.bed.gz	
GSM7788680	MdHP10053744	MdHP10053744	MeDIP	cell type: Healthy; chip antibody: MeDIP		ftp://ftp.ncbi.nlm.nih.gov/geo/samples/GSM7788nnn/GSM7788680/suppl/GSM7788680_MdHP10053744.bed.gz	
GSM7788681	MdHP10058173	MdHP10058173	MeDIP	cell type: Healthy; chip antibody: MeDIP		ftp://ftp.ncbi.nlm.nih.gov/geo/samples/GSM7788nnn/GSM7788681/suppl/GSM7788681_MdHP10058173.bed.gz	
GSM7788682	MdHP10059091	MdHP10059091	MeDIP	cell type: Healthy; chip antibody: MeDIP		ftp://ftp.ncbi.nlm.nih.gov/geo/samples/GSM7788nnn/GSM7788682/suppl/GSM7788682_MdHP10059091.bed.gz	
GSM7788683	MdHP10059620	MdHP10059620	MeDIP	cell type: Healthy; chip antibody: MeDIP		ftp://ftp.ncbi.nlm.nih.gov/geo/samples/GSM7788nnn/GSM7788683/suppl/GSM7788683_MdHP10059620.bed.gz	
GSM7788684	MdHP10069519	MdHP10069519	MeDIP	cell type: Healthy; chip antibody: MeDIP		ftp://ftp.ncbi.nlm.nih.gov/geo/samples/GSM7788nnn/GSM7788684/suppl/GSM7788684_MdHP10069519.bed.gz	
GSM7788685	MdHP10075732	MdHP10075732	MeDIP	cell type: Healthy; chip antibody: MeDIP		ftp://ftp.ncbi.nlm.nih.gov/geo/samples/GSM7788nnn/GSM7788685/suppl/GSM7788685_MdHP10075732.bed.gz	
GSM7788686	MdHP10077180	MdHP10077180	MeDIP	cell type: Healthy; chip antibody: MeDIP		ftp://ftp.ncbi.nlm.nih.gov/geo/samples/GSM7788nnn/GSM7788686/suppl/GSM7788686_MdHP10077180.bed.gz	
GSM7788687	MdHP10095178	MdHP10095178	MeDIP	cell type: Healthy; chip antibody: MeDIP		ftp://ftp.ncbi.nlm.nih.gov/geo/samples/GSM7788nnn/GSM7788687/suppl/GSM7788687_MdHP10095178.bed.gz	
GSM7788688	MdHP10095999	MdHP10095999	MeDIP	cell type: Healthy; chip antibody: MeDIP		ftp://ftp.ncbi.nlm.nih.gov/geo/samples/GSM7788nnn/GSM7788688/suppl/GSM7788688_MdHP10095999.bed.gz	
GSM7788689	MdHP10097407	MdHP10097407	MeDIP	cell type: Healthy; chip antibody: MeDIP		ftp://ftp.ncbi.nlm.nih.gov/geo/samples/GSM7788nnn/GSM7788689/suppl/GSM7788689_MdHP10097407.bed.gz	
GSM7788690	MdHP10102703	MdHP10102703	MeDIP	cell type: Healthy; chip antibody: MeDIP		ftp://ftp.ncbi.nlm.nih.gov/geo/samples/GSM7788nnn/GSM7788690/suppl/GSM7788690_MdHP10102703.bed.gz	
GSM7788691	MdHP10111016	MdHP10111016	MeDIP	cell type: Healthy; chip antibody: MeDIP		ftp://ftp.ncbi.nlm.nih.gov/geo/samples/GSM7788nnn/GSM7788691/suppl/GSM7788691_MdHP10111016.bed.gz	
GSM7788692	MdHP10111616	MdHP10111616	MeDIP	cell type: Healthy; chip antibody: MeDIP		ftp://ftp.ncbi.nlm.nih.gov/geo/samples/GSM7788nnn/GSM7788692/suppl/GSM7788692_MdHP10111616.bed.gz	
GSM7788693	MdHP10111717	MdHP10111717	MeDIP	cell type: Healthy; chip antibody: MeDIP		ftp://ftp.ncbi.nlm.nih.gov/geo/samples/GSM7788nnn/GSM7788693/suppl/GSM7788693_MdHP10111717.bed.gz	
GSM7788694	MdHP10116305	MdHP10116305	MeDIP	cell type: Healthy; chip antibody: MeDIP		ftp://ftp.ncbi.nlm.nih.gov/geo/samples/GSM7788nnn/GSM7788694/suppl/GSM7788694_MdHP10116305.bed.gz	
GSM7788695	MdHP10123027	MdHP10123027	MeDIP	cell type: Healthy; chip antibody: MeDIP		ftp://ftp.ncbi.nlm.nih.gov/geo/samples/GSM7788nnn/GSM7788695/suppl/GSM7788695_MdHP10123027.bed.gz	
GSM7788696	MdHP10132279	MdHP10132279	MeDIP	cell type: Healthy; chip antibody: MeDIP		ftp://ftp.ncbi.nlm.nih.gov/geo/samples/GSM7788nnn/GSM7788696/suppl/GSM7788696_MdHP10132279.bed.gz	
GSM7788697	MdHP10133405	MdHP10133405	MeDIP	cell type: Healthy; chip antibody: MeDIP		ftp://ftp.ncbi.nlm.nih.gov/geo/samples/GSM7788nnn/GSM7788697/suppl/GSM7788697_MdHP10133405.bed.gz	
GSM7788698	MdHP10135963	MdHP10135963	MeDIP	cell type: Healthy; chip antibody: MeDIP		ftp://ftp.ncbi.nlm.nih.gov/geo/samples/GSM7788nnn/GSM7788698/suppl/GSM7788698_MdHP10135963.bed.gz	
GSM7788699	MdHP140197	MdHP140197	MeDIP	cell type: Healthy; chip antibody: MeDIP		ftp://ftp.ncbi.nlm.nih.gov/geo/samples/GSM7788nnn/GSM7788699/suppl/GSM7788699_MdHP140197.bed.gz	
GSM7788700	MdHP53	MdHP53	MeDIP	cell type: Prostate; chip antibody: MeDIP		ftp://ftp.ncbi.nlm.nih.gov/geo/samples/GSM7788nnn/GSM7788700/suppl/GSM7788700_MdHP53.bed.gz	
GSM7788701	MdHP54	MdHP54	MeDIP	cell type: Prostate; chip antibody: MeDIP		ftp://ftp.ncbi.nlm.nih.gov/geo/samples/GSM7788nnn/GSM7788701/suppl/GSM7788701_MdHP54.bed.gz	
GSM7788702	MdLC01	MdLC01	MeDIP	cell type: NSCLC; chip antibody: MeDIP		ftp://ftp.ncbi.nlm.nih.gov/geo/samples/GSM7788nnn/GSM7788702/suppl/GSM7788702_MdLC01.bed.gz	
GSM7788703	MdLC02	MdLC02	MeDIP	cell type: NSCLC; chip antibody: MeDIP		ftp://ftp.ncbi.nlm.nih.gov/geo/samples/GSM7788nnn/GSM7788703/suppl/GSM7788703_MdLC02.bed.gz	
GSM7788704	MdLC04	MdLC04	MeDIP	cell type: NSCLC; chip antibody: MeDIP		ftp://ftp.ncbi.nlm.nih.gov/geo/samples/GSM7788nnn/GSM7788704/suppl/GSM7788704_MdLC04.bed.gz	
GSM7788705	MdLC05	MdLC05	MeDIP	cell type: NSCLC; chip antibody: MeDIP		ftp://ftp.ncbi.nlm.nih.gov/geo/samples/GSM7788nnn/GSM7788705/suppl/GSM7788705_MdLC05.bed.gz	
GSM7788706	MdLC07	MdLC07	MeDIP	cell type: NSCLC; chip antibody: MeDIP		ftp://ftp.ncbi.nlm.nih.gov/geo/samples/GSM7788nnn/GSM7788706/suppl/GSM7788706_MdLC07.bed.gz	
GSM7788707	MdLC08	MdLC08	MeDIP	cell type: NSCLC; chip antibody: MeDIP		ftp://ftp.ncbi.nlm.nih.gov/geo/samples/GSM7788nnn/GSM7788707/suppl/GSM7788707_MdLC08.bed.gz	
GSM7788708	MdLC09	MdLC09	MeDIP	cell type: SCLC; chip antibody: MeDIP		ftp://ftp.ncbi.nlm.nih.gov/geo/samples/GSM7788nnn/GSM7788708/suppl/GSM7788708_MdLC09.bed.gz	
GSM7788709	MdLC10	MdLC10	MeDIP	cell type: NSCLC; chip antibody: MeDIP		ftp://ftp.ncbi.nlm.nih.gov/geo/samples/GSM7788nnn/GSM7788709/suppl/GSM7788709_MdLC10.bed.gz	
GSM7788710	MdLC11	MdLC11	MeDIP	cell type: NSCLC; chip antibody: MeDIP		ftp://ftp.ncbi.nlm.nih.gov/geo/samples/GSM7788nnn/GSM7788710/suppl/GSM7788710_MdLC11.bed.gz	
GSM7788711	MdLC12	MdLC12	MeDIP	cell type: NSCLC; chip antibody: MeDIP		ftp://ftp.ncbi.nlm.nih.gov/geo/samples/GSM7788nnn/GSM7788711/suppl/GSM7788711_MdLC12.bed.gz	
GSM7788712	MdLC16	MdLC16	MeDIP	cell type: NSCLC; chip antibody: MeDIP		ftp://ftp.ncbi.nlm.nih.gov/geo/samples/GSM7788nnn/GSM7788712/suppl/GSM7788712_MdLC16.bed.gz	
GSM7788713	MdLC17	MdLC17	MeDIP	cell type: NSCLC; chip antibody: MeDIP		ftp://ftp.ncbi.nlm.nih.gov/geo/samples/GSM7788nnn/GSM7788713/suppl/GSM7788713_MdLC17.bed.gz	
GSM7788714	MdLC19	MdLC19	MeDIP	cell type: NSCLC; chip antibody: MeDIP		ftp://ftp.ncbi.nlm.nih.gov/geo/samples/GSM7788nnn/GSM7788714/suppl/GSM7788714_MdLC19.bed.gz	
GSM7788715	MdLC20	MdLC20	MeDIP	cell type: NSCLC; chip antibody: MeDIP		ftp://ftp.ncbi.nlm.nih.gov/geo/samples/GSM7788nnn/GSM7788715/suppl/GSM7788715_MdLC20.bed.gz	
GSM7788716	MdLC21	MdLC21	MeDIP	cell type: NSCLC; chip antibody: MeDIP		ftp://ftp.ncbi.nlm.nih.gov/geo/samples/GSM7788nnn/GSM7788716/suppl/GSM7788716_MdLC21.bed.gz	
GSM7788717	MdLC23	MdLC23	MeDIP	cell type: NSCLC; chip antibody: MeDIP		ftp://ftp.ncbi.nlm.nih.gov/geo/samples/GSM7788nnn/GSM7788717/suppl/GSM7788717_MdLC23.bed.gz	
GSM7788718	MdLC26	MdLC26	MeDIP	cell type: SCLC; chip antibody: MeDIP		ftp://ftp.ncbi.nlm.nih.gov/geo/samples/GSM7788nnn/GSM7788718/suppl/GSM7788718_MdLC26.bed.gz	
GSM7788719	MdLC28	MdLC28	MeDIP	cell type: NSCLC; chip antibody: MeDIP		ftp://ftp.ncbi.nlm.nih.gov/geo/samples/GSM7788nnn/GSM7788719/suppl/GSM7788719_MdLC28.bed.gz	
GSM7788720	MdLC29	MdLC29	MeDIP	cell type: SCLC; chip antibody: MeDIP		ftp://ftp.ncbi.nlm.nih.gov/geo/samples/GSM7788nnn/GSM7788720/suppl/GSM7788720_MdLC29.bed.gz	
GSM7788721	MdLC31	MdLC31	MeDIP	cell type: NSCLC; chip antibody: MeDIP		ftp://ftp.ncbi.nlm.nih.gov/geo/samples/GSM7788nnn/GSM7788721/suppl/GSM7788721_MdLC31.bed.gz	
GSM7788722	MdLC32	MdLC32	MeDIP	cell type: SCLC; chip antibody: MeDIP		ftp://ftp.ncbi.nlm.nih.gov/geo/samples/GSM7788nnn/GSM7788722/suppl/GSM7788722_MdLC32.bed.gz	
GSM7788723	MdLC33	MdLC33	MeDIP	cell type: SCLC; chip antibody: MeDIP		ftp://ftp.ncbi.nlm.nih.gov/geo/samples/GSM7788nnn/GSM7788723/suppl/GSM7788723_MdLC33.bed.gz	
GSM7788724	MdLC34	MdLC34	MeDIP	cell type: SCLC; chip antibody: MeDIP		ftp://ftp.ncbi.nlm.nih.gov/geo/samples/GSM7788nnn/GSM7788724/suppl/GSM7788724_MdLC34.bed.gz	
GSM7788725	MdLC36	MdLC36	MeDIP	cell type: SCLC; chip antibody: MeDIP		ftp://ftp.ncbi.nlm.nih.gov/geo/samples/GSM7788nnn/GSM7788725/suppl/GSM7788725_MdLC36.bed.gz	
GSM7788726	MdLC45	MdLC45	MeDIP	cell type: SCLC; chip antibody: MeDIP		ftp://ftp.ncbi.nlm.nih.gov/geo/samples/GSM7788nnn/GSM7788726/suppl/GSM7788726_MdLC45.bed.gz	
GSM7788727	MdLC46	MdLC46	MeDIP	cell type: SCLC; chip antibody: MeDIP		ftp://ftp.ncbi.nlm.nih.gov/geo/samples/GSM7788nnn/GSM7788727/suppl/GSM7788727_MdLC46.bed.gz	
GSM7788728	MdMel01	MdMel01	MeDIP	cell type: Melanoma; chip antibody: MeDIP		ftp://ftp.ncbi.nlm.nih.gov/geo/samples/GSM7788nnn/GSM7788728/suppl/GSM7788728_MdMel01.bed.gz	
GSM7788729	MdMel02	MdMel02	MeDIP	cell type: Melanoma; chip antibody: MeDIP		ftp://ftp.ncbi.nlm.nih.gov/geo/samples/GSM7788nnn/GSM7788729/suppl/GSM7788729_MdMel02.bed.gz	
GSM7788730	MdMel03	MdMel03	MeDIP	cell type: Melanoma; chip antibody: MeDIP		ftp://ftp.ncbi.nlm.nih.gov/geo/samples/GSM7788nnn/GSM7788730/suppl/GSM7788730_MdMel03.bed.gz	
GSM7788731	MdMel04	MdMel04	MeDIP	cell type: Melanoma; chip antibody: MeDIP		ftp://ftp.ncbi.nlm.nih.gov/geo/samples/GSM7788nnn/GSM7788731/suppl/GSM7788731_MdMel04.bed.gz	
GSM7788732	MdMel05	MdMel05	MeDIP	cell type: Melanoma; chip antibody: MeDIP		ftp://ftp.ncbi.nlm.nih.gov/geo/samples/GSM7788nnn/GSM7788732/suppl/GSM7788732_MdMel05.bed.gz	
GSM7788733	MdMel06	MdMel06	MeDIP	cell type: Melanoma; chip antibody: MeDIP		ftp://ftp.ncbi.nlm.nih.gov/geo/samples/GSM7788nnn/GSM7788733/suppl/GSM7788733_MdMel06.bed.gz	
GSM7788734	MdMP53	MdMP53	MeDIP	cell type: Prostate; chip antibody: MeDIP		ftp://ftp.ncbi.nlm.nih.gov/geo/samples/GSM7788nnn/GSM7788734/suppl/GSM7788734_MdMP53.bed.gz	
GSM7788735	MdMP54	MdMP54	MeDIP	cell type: Prostate; chip antibody: MeDIP		ftp://ftp.ncbi.nlm.nih.gov/geo/samples/GSM7788nnn/GSM7788735/suppl/GSM7788735_MdMP54.bed.gz	
GSM7788736	MdNE2273	MdNE2273	MeDIP	cell type: NEPC; chip antibody: MeDIP		ftp://ftp.ncbi.nlm.nih.gov/geo/samples/GSM7788nnn/GSM7788736/suppl/GSM7788736_MdNE2273.bed.gz	
GSM7788737	MdNE3784	MdNE3784	MeDIP	cell type: NEPC; chip antibody: MeDIP		ftp://ftp.ncbi.nlm.nih.gov/geo/samples/GSM7788nnn/GSM7788737/suppl/GSM7788737_MdNE3784.bed.gz	
GSM7788738	MdNE3838	MdNE3838	MeDIP	cell type: NEPC; chip antibody: MeDIP		ftp://ftp.ncbi.nlm.nih.gov/geo/samples/GSM7788nnn/GSM7788738/suppl/GSM7788738_MdNE3838.bed.gz	
GSM7788739	MdP2627	MdP2627	MeDIP	cell type: Prostate; chip antibody: MeDIP		ftp://ftp.ncbi.nlm.nih.gov/geo/samples/GSM7788nnn/GSM7788739/suppl/GSM7788739_MdP2627.bed.gz	
GSM7788740	MdPC31	MdPC31	MeDIP	cell type: Prostate; chip antibody: MeDIP		ftp://ftp.ncbi.nlm.nih.gov/geo/samples/GSM7788nnn/GSM7788740/suppl/GSM7788740_MdPC31.bed.gz	
GSM7788741	MdPC32	MdPC32	MeDIP	cell type: Prostate; chip antibody: MeDIP		ftp://ftp.ncbi.nlm.nih.gov/geo/samples/GSM7788nnn/GSM7788741/suppl/GSM7788741_MdPC32.bed.gz	
GSM7788742	MdPC38	MdPC38	MeDIP	cell type: Prostate; chip antibody: MeDIP		ftp://ftp.ncbi.nlm.nih.gov/geo/samples/GSM7788nnn/GSM7788742/suppl/GSM7788742_MdPC38.bed.gz	
GSM7788743	MdPC39	MdPC39	MeDIP	cell type: Prostate; chip antibody: MeDIP		ftp://ftp.ncbi.nlm.nih.gov/geo/samples/GSM7788nnn/GSM7788743/suppl/GSM7788743_MdPC39.bed.gz	
GSM7788744	MdPC40	MdPC40	MeDIP	cell type: Prostate; chip antibody: MeDIP		ftp://ftp.ncbi.nlm.nih.gov/geo/samples/GSM7788nnn/GSM7788744/suppl/GSM7788744_MdPC40.bed.gz	
GSM7788745	MdPC48	MdPC48	MeDIP	cell type: Prostate; chip antibody: MeDIP		ftp://ftp.ncbi.nlm.nih.gov/geo/samples/GSM7788nnn/GSM7788745/suppl/GSM7788745_MdPC48.bed.gz	
GSM7788746	MdPR2514	MdPR2514	MeDIP	cell type: Prostate; chip antibody: MeDIP		ftp://ftp.ncbi.nlm.nih.gov/geo/samples/GSM7788nnn/GSM7788746/suppl/GSM7788746_MdPR2514.bed.gz	
GSM7788747	MdPR2777	MdPR2777	MeDIP	cell type: Prostate; chip antibody: MeDIP		ftp://ftp.ncbi.nlm.nih.gov/geo/samples/GSM7788nnn/GSM7788747/suppl/GSM7788747_MdPR2777.bed.gz	
GSM7788748	MdPR2778	MdPR2778	MeDIP	cell type: Prostate; chip antibody: MeDIP		ftp://ftp.ncbi.nlm.nih.gov/geo/samples/GSM7788nnn/GSM7788748/suppl/GSM7788748_MdPR2778.bed.gz	
GSM7788749	MdPR3294	MdPR3294	MeDIP	cell type: Prostate; chip antibody: MeDIP		ftp://ftp.ncbi.nlm.nih.gov/geo/samples/GSM7788nnn/GSM7788749/suppl/GSM7788749_MdPR3294.bed.gz	
GSM7788750	MdPR3424	MdPR3424	MeDIP	cell type: Prostate; chip antibody: MeDIP		ftp://ftp.ncbi.nlm.nih.gov/geo/samples/GSM7788nnn/GSM7788750/suppl/GSM7788750_MdPR3424.bed.gz	
GSM7788751	MdPR8665	MdPR8665	MeDIP	cell type: Prostate; chip antibody: MeDIP		ftp://ftp.ncbi.nlm.nih.gov/geo/samples/GSM7788nnn/GSM7788751/suppl/GSM7788751_MdPR8665.bed.gz	
GSM7788752	MdRC38	MdRC38	MeDIP	cell type: SCLC; chip antibody: MeDIP		ftp://ftp.ncbi.nlm.nih.gov/geo/samples/GSM7788nnn/GSM7788752/suppl/GSM7788752_MdRC38.bed.gz	
GSM7788753	MdRCcC944	MdRCcC944	MeDIP	cell type: Renal; chip antibody: MeDIP		ftp://ftp.ncbi.nlm.nih.gov/geo/samples/GSM7788nnn/GSM7788753/suppl/GSM7788753_MdRCcC944.bed.gz	
GSM7788754	MdRCcC973	MdRCcC973	MeDIP	cell type: Renal; chip antibody: MeDIP		ftp://ftp.ncbi.nlm.nih.gov/geo/samples/GSM7788nnn/GSM7788754/suppl/GSM7788754_MdRCcC973.bed.gz	
GSM7788755	MdRCh1331	MdRCh1331	MeDIP	cell type: Renal; chip antibody: MeDIP		ftp://ftp.ncbi.nlm.nih.gov/geo/samples/GSM7788nnn/GSM7788755/suppl/GSM7788755_MdRCh1331.bed.gz	
GSM7788756	Me3_LC012AC_JS8952_S175	Me3_LC012AC_JS8952_S175	ChIP	cell type: NSCLC; chip antibody: H3K4me3		ftp://ftp.ncbi.nlm.nih.gov/geo/samples/GSM7788nnn/GSM7788756/suppl/GSM7788756_Me3_LC012AC_JS8952_S175.bed.gz	
GSM7788757	Me3_LC020AC_JS8952_S176	Me3_LC020AC_JS8952_S176	ChIP	cell type: NSCLC; chip antibody: H3K4me3		ftp://ftp.ncbi.nlm.nih.gov/geo/samples/GSM7788nnn/GSM7788757/suppl/GSM7788757_Me3_LC020AC_JS8952_S176.bed.gz	
GSM7788758	Me3_LC021AC_JS8952_S177	Me3_LC021AC_JS8952_S177	ChIP	cell type: NSCLC; chip antibody: H3K4me3		ftp://ftp.ncbi.nlm.nih.gov/geo/samples/GSM7788nnn/GSM7788758/suppl/GSM7788758_Me3_LC021AC_JS8952_S177.bed.gz	
GSM7788759	MeDprP40	MeDprP40	MeDIP	cell type: Prostate; chip antibody: MeDIP		ftp://ftp.ncbi.nlm.nih.gov/geo/samples/GSM7788nnn/GSM7788759/suppl/GSM7788759_MeDprP40.bed.gz	
GSM7788760	MeDptP38	MeDptP38	MeDIP	cell type: Prostate; chip antibody: MeDIP		ftp://ftp.ncbi.nlm.nih.gov/geo/samples/GSM7788nnn/GSM7788760/suppl/GSM7788760_MeDptP38.bed.gz	
GSM7788761	MeDptP39	MeDptP39	MeDIP	cell type: Prostate; chip antibody: MeDIP		ftp://ftp.ncbi.nlm.nih.gov/geo/samples/GSM7788nnn/GSM7788761/suppl/GSM7788761_MeDptP39.bed.gz	
GSM7788762	MeDptP40	MeDptP40	MeDIP	cell type: Prostate; chip antibody: MeDIP		ftp://ftp.ncbi.nlm.nih.gov/geo/samples/GSM7788nnn/GSM7788762/suppl/GSM7788762_MeDptP40.bed.gz	
GSM7788763	MeDptP41	MeDptP41	MeDIP	cell type: Prostate; chip antibody: MeDIP		ftp://ftp.ncbi.nlm.nih.gov/geo/samples/GSM7788nnn/GSM7788763/suppl/GSM7788763_MeDptP41.bed.gz	
GSM7788764	MeDptP42	MeDptP42	MeDIP	cell type: Prostate; chip antibody: MeDIP		ftp://ftp.ncbi.nlm.nih.gov/geo/samples/GSM7788nnn/GSM7788764/suppl/GSM7788764_MeDptP42.bed.gz	
GSM7788765	MEGS4488	MEGS4488	MeDIP	cell type: Esophageal; chip antibody: MeDIP		ftp://ftp.ncbi.nlm.nih.gov/geo/samples/GSM7788nnn/GSM7788765/suppl/GSM7788765_MEGS4488.bed.gz	
GSM7788766	Merk238_K27	Merk238_K27	ChIP	cell type: Merkel cell; chip antibody: H3K27ac		ftp://ftp.ncbi.nlm.nih.gov/geo/samples/GSM7788nnn/GSM7788766/suppl/GSM7788766_Merk238_K27.bed.gz	
GSM7788767	Merk240_K27	Merk240_K27	ChIP	cell type: Merkel cell; chip antibody: H3K27ac		ftp://ftp.ncbi.nlm.nih.gov/geo/samples/GSM7788nnn/GSM7788767/suppl/GSM7788767_Merk240_K27.bed.gz	
GSM7788768	Merk240_K4	Merk240_K4	ChIP	cell type: Merkel cell; chip antibody: H3K4me3		ftp://ftp.ncbi.nlm.nih.gov/geo/samples/GSM7788nnn/GSM7788768/suppl/GSM7788768_Merk240_K4.bed.gz	
GSM7788769	Merk241_K27	Merk241_K27	ChIP	cell type: Merkel cell; chip antibody: H3K27ac		ftp://ftp.ncbi.nlm.nih.gov/geo/samples/GSM7788nnn/GSM7788769/suppl/GSM7788769_Merk241_K27.bed.gz	
GSM7788770	Merk241_K4	Merk241_K4	ChIP	cell type: Merkel cell; chip antibody: H3K4me3		ftp://ftp.ncbi.nlm.nih.gov/geo/samples/GSM7788nnn/GSM7788770/suppl/GSM7788770_Merk241_K4.bed.gz	
GSM7788771	Merk245_K27	Merk245_K27	ChIP	cell type: Merkel cell; chip antibody: H3K27ac		ftp://ftp.ncbi.nlm.nih.gov/geo/samples/GSM7788nnn/GSM7788771/suppl/GSM7788771_Merk245_K27.bed.gz	
GSM7788772	Merk245_K4	Merk245_K4	ChIP	cell type: Merkel cell; chip antibody: H3K4me3		ftp://ftp.ncbi.nlm.nih.gov/geo/samples/GSM7788nnn/GSM7788772/suppl/GSM7788772_Merk245_K4.bed.gz	
GSM7788773	Merk253_K27	Merk253_K27	ChIP	cell type: Merkel cell; chip antibody: H3K27ac		ftp://ftp.ncbi.nlm.nih.gov/geo/samples/GSM7788nnn/GSM7788773/suppl/GSM7788773_Merk253_K27.bed.gz	
GSM7788774	Merk253_K4	Merk253_K4	ChIP	cell type: Merkel cell; chip antibody: H3K4me3		ftp://ftp.ncbi.nlm.nih.gov/geo/samples/GSM7788nnn/GSM7788774/suppl/GSM7788774_Merk253_K4.bed.gz	
GSM7788775	Merk260_K4	Merk260_K4	ChIP	cell type: Merkel cell; chip antibody: H3K4me3		ftp://ftp.ncbi.nlm.nih.gov/geo/samples/GSM7788nnn/GSM7788775/suppl/GSM7788775_Merk260_K4.bed.gz	
GSM7788776	Merk266_K27	Merk266_K27	ChIP	cell type: Merkel cell; chip antibody: H3K27ac		ftp://ftp.ncbi.nlm.nih.gov/geo/samples/GSM7788nnn/GSM7788776/suppl/GSM7788776_Merk266_K27.bed.gz	
GSM7788777	Merk266_K4	Merk266_K4	ChIP	cell type: Merkel cell; chip antibody: H3K4me3		ftp://ftp.ncbi.nlm.nih.gov/geo/samples/GSM7788nnn/GSM7788777/suppl/GSM7788777_Merk266_K4.bed.gz	
GSM7788778	Merk270_K27	Merk270_K27	ChIP	cell type: Merkel cell; chip antibody: H3K27ac		ftp://ftp.ncbi.nlm.nih.gov/geo/samples/GSM7788nnn/GSM7788778/suppl/GSM7788778_Merk270_K27.bed.gz	
GSM7788779	Merk270_K4	Merk270_K4	ChIP	cell type: Merkel cell; chip antibody: H3K4me3		ftp://ftp.ncbi.nlm.nih.gov/geo/samples/GSM7788nnn/GSM7788779/suppl/GSM7788779_Merk270_K4.bed.gz	
GSM7788780	Merk274_K27	Merk274_K27	ChIP	cell type: Merkel cell; chip antibody: H3K27ac		ftp://ftp.ncbi.nlm.nih.gov/geo/samples/GSM7788nnn/GSM7788780/suppl/GSM7788780_Merk274_K27.bed.gz	
GSM7788781	Merk274_K4	Merk274_K4	ChIP	cell type: Merkel cell; chip antibody: H3K4me3		ftp://ftp.ncbi.nlm.nih.gov/geo/samples/GSM7788nnn/GSM7788781/suppl/GSM7788781_Merk274_K4.bed.gz	
GSM7788782	Merk279_K4	Merk279_K4	ChIP	cell type: Merkel cell; chip antibody: H3K4me3		ftp://ftp.ncbi.nlm.nih.gov/geo/samples/GSM7788nnn/GSM7788782/suppl/GSM7788782_Merk279_K4.bed.gz	
GSM7788783	Merk284_K27	Merk284_K27	ChIP	cell type: Merkel cell; chip antibody: H3K27ac		ftp://ftp.ncbi.nlm.nih.gov/geo/samples/GSM7788nnn/GSM7788783/suppl/GSM7788783_Merk284_K27.bed.gz	
GSM7788784	Merk284_K4	Merk284_K4	ChIP	cell type: Merkel cell; chip antibody: H3K4me3		ftp://ftp.ncbi.nlm.nih.gov/geo/samples/GSM7788nnn/GSM7788784/suppl/GSM7788784_Merk284_K4.bed.gz	
GSM7788785	Merk306_K27	Merk306_K27	ChIP	cell type: Merkel cell; chip antibody: H3K27ac		ftp://ftp.ncbi.nlm.nih.gov/geo/samples/GSM7788nnn/GSM7788785/suppl/GSM7788785_Merk306_K27.bed.gz	
GSM7788786	Merk306_K4	Merk306_K4	ChIP	cell type: Merkel cell; chip antibody: H3K4me3		ftp://ftp.ncbi.nlm.nih.gov/geo/samples/GSM7788nnn/GSM7788786/suppl/GSM7788786_Merk306_K4.bed.gz	
GSM7788787	Merk316_K27	Merk316_K27	ChIP	cell type: Merkel cell; chip antibody: H3K27ac		ftp://ftp.ncbi.nlm.nih.gov/geo/samples/GSM7788nnn/GSM7788787/suppl/GSM7788787_Merk316_K27.bed.gz	
GSM7788788	Merk316_K4	Merk316_K4	ChIP	cell type: Merkel cell; chip antibody: H3K4me3		ftp://ftp.ncbi.nlm.nih.gov/geo/samples/GSM7788nnn/GSM7788788/suppl/GSM7788788_Merk316_K4.bed.gz	
GSM7788789	Merk323_K27	Merk323_K27	ChIP	cell type: Merkel cell; chip antibody: H3K27ac		ftp://ftp.ncbi.nlm.nih.gov/geo/samples/GSM7788nnn/GSM7788789/suppl/GSM7788789_Merk323_K27.bed.gz	
GSM7788790	Merk323_K4	Merk323_K4	ChIP	cell type: Merkel cell; chip antibody: H3K4me3		ftp://ftp.ncbi.nlm.nih.gov/geo/samples/GSM7788nnn/GSM7788790/suppl/GSM7788790_Merk323_K4.bed.gz	
GSM7788791	Merk324_K27	Merk324_K27	ChIP	cell type: Merkel cell; chip antibody: H3K27ac		ftp://ftp.ncbi.nlm.nih.gov/geo/samples/GSM7788nnn/GSM7788791/suppl/GSM7788791_Merk324_K27.bed.gz	
GSM7788792	Merk324_K4	Merk324_K4	ChIP	cell type: Merkel cell; chip antibody: H3K4me3		ftp://ftp.ncbi.nlm.nih.gov/geo/samples/GSM7788nnn/GSM7788792/suppl/GSM7788792_Merk324_K4.bed.gz	
GSM7788793	MESG3726	MESG3726	MeDIP	cell type: Esophageal; chip antibody: MeDIP		ftp://ftp.ncbi.nlm.nih.gov/geo/samples/GSM7788nnn/GSM7788793/suppl/GSM7788793_MESG3726.bed.gz	
GSM7788794	MESG3789	MESG3789	MeDIP	cell type: Esophageal; chip antibody: MeDIP		ftp://ftp.ncbi.nlm.nih.gov/geo/samples/GSM7788nnn/GSM7788794/suppl/GSM7788794_MESG3789.bed.gz	
GSM7788795	MESG3794	MESG3794	MeDIP	cell type: Esophageal; chip antibody: MeDIP		ftp://ftp.ncbi.nlm.nih.gov/geo/samples/GSM7788nnn/GSM7788795/suppl/GSM7788795_MESG3794.bed.gz	
GSM7788796	MESG3801	MESG3801	MeDIP	cell type: Esophageal; chip antibody: MeDIP		ftp://ftp.ncbi.nlm.nih.gov/geo/samples/GSM7788nnn/GSM7788796/suppl/GSM7788796_MESG3801.bed.gz	
GSM7788797	MESG3845	MESG3845	MeDIP	cell type: Esophageal; chip antibody: MeDIP		ftp://ftp.ncbi.nlm.nih.gov/geo/samples/GSM7788nnn/GSM7788797/suppl/GSM7788797_MESG3845.bed.gz	
GSM7788798	MESG3906	MESG3906	MeDIP	cell type: Esophageal; chip antibody: MeDIP		ftp://ftp.ncbi.nlm.nih.gov/geo/samples/GSM7788nnn/GSM7788798/suppl/GSM7788798_MESG3906.bed.gz	
GSM7788799	MESG4206	MESG4206	MeDIP	cell type: Esophageal; chip antibody: MeDIP		ftp://ftp.ncbi.nlm.nih.gov/geo/samples/GSM7788nnn/GSM7788799/suppl/GSM7788799_MESG4206.bed.gz	
GSM7788800	MESG4275	MESG4275	MeDIP	cell type: Esophageal; chip antibody: MeDIP		ftp://ftp.ncbi.nlm.nih.gov/geo/samples/GSM7788nnn/GSM7788800/suppl/GSM7788800_MESG4275.bed.gz	
GSM7788801	MESG4300	MESG4300	MeDIP	cell type: Esophageal; chip antibody: MeDIP		ftp://ftp.ncbi.nlm.nih.gov/geo/samples/GSM7788nnn/GSM7788801/suppl/GSM7788801_MESG4300.bed.gz	
GSM7788802	MESG4325	MESG4325	MeDIP	cell type: Esophageal; chip antibody: MeDIP		ftp://ftp.ncbi.nlm.nih.gov/geo/samples/GSM7788nnn/GSM7788802/suppl/GSM7788802_MESG4325.bed.gz	
GSM7788803	MESG4348	MESG4348	MeDIP	cell type: Esophageal; chip antibody: MeDIP		ftp://ftp.ncbi.nlm.nih.gov/geo/samples/GSM7788nnn/GSM7788803/suppl/GSM7788803_MESG4348.bed.gz	
GSM7788804	MESG9920	MESG9920	MeDIP	cell type: Colorectal; chip antibody: MeDIP		ftp://ftp.ncbi.nlm.nih.gov/geo/samples/GSM7788nnn/GSM7788804/suppl/GSM7788804_MESG9920.bed.gz	
GSM7788805	mEZJFG_TF	mEZJFG_TF	MeDIP	cell type: Breast; chip antibody: MeDIP		ftp://ftp.ncbi.nlm.nih.gov/geo/samples/GSM7788nnn/GSM7788805/suppl/GSM7788805_mEZJFG_TF.bed.gz	
GSM7788806	mH5UBF_TF	mH5UBF_TF	MeDIP	cell type: Breast; chip antibody: MeDIP		ftp://ftp.ncbi.nlm.nih.gov/geo/samples/GSM7788nnn/GSM7788806/suppl/GSM7788806_mH5UBF_TF.bed.gz	
GSM7788807	mHP034881Ac	mHP034881Ac	ChIP	cell type: Healthy; chip antibody: PanH3ac		ftp://ftp.ncbi.nlm.nih.gov/geo/samples/GSM7788nnn/GSM7788807/suppl/GSM7788807_mHP034881Ac.bed.gz	
GSM7788808	mHP034881K4	mHP034881K4	ChIP	cell type: Healthy; chip antibody: H3K4me3		ftp://ftp.ncbi.nlm.nih.gov/geo/samples/GSM7788nnn/GSM7788808/suppl/GSM7788808_mHP034881K4.bed.gz	
GSM7788809	mHU30E_TF	mHU30E_TF	MeDIP	cell type: Breast; chip antibody: MeDIP		ftp://ftp.ncbi.nlm.nih.gov/geo/samples/GSM7788nnn/GSM7788809/suppl/GSM7788809_mHU30E_TF.bed.gz	
GSM7788810	mIGFSE_TF	mIGFSE_TF	MeDIP	cell type: Breast; chip antibody: MeDIP		ftp://ftp.ncbi.nlm.nih.gov/geo/samples/GSM7788nnn/GSM7788810/suppl/GSM7788810_mIGFSE_TF.bed.gz	
GSM7788811	mISIS109_1	mISIS109_1	MeDIP	cell type: Colorectal; chip antibody: MeDIP		ftp://ftp.ncbi.nlm.nih.gov/geo/samples/GSM7788nnn/GSM7788811/suppl/GSM7788811_mISIS109_1.bed.gz	
GSM7788812	mISIS13_1	mISIS13_1	MeDIP	cell type: Colorectal; chip antibody: MeDIP		ftp://ftp.ncbi.nlm.nih.gov/geo/samples/GSM7788nnn/GSM7788812/suppl/GSM7788812_mISIS13_1.bed.gz	
GSM7788813	mISIS21_2	mISIS21_2	MeDIP	cell type: Colorectal; chip antibody: MeDIP		ftp://ftp.ncbi.nlm.nih.gov/geo/samples/GSM7788nnn/GSM7788813/suppl/GSM7788813_mISIS21_2.bed.gz	
GSM7788814	mISIS32_1	mISIS32_1	MeDIP	cell type: Colorectal; chip antibody: MeDIP		ftp://ftp.ncbi.nlm.nih.gov/geo/samples/GSM7788nnn/GSM7788814/suppl/GSM7788814_mISIS32_1.bed.gz	
GSM7788815	mISIS90_1	mISIS90_1	MeDIP	cell type: Colorectal; chip antibody: MeDIP		ftp://ftp.ncbi.nlm.nih.gov/geo/samples/GSM7788nnn/GSM7788815/suppl/GSM7788815_mISIS90_1.bed.gz	
GSM7788816	MJH1	MJH1	MeDIP	cell type: Glioma; chip antibody: MeDIP		ftp://ftp.ncbi.nlm.nih.gov/geo/samples/GSM7788nnn/GSM7788816/suppl/GSM7788816_MJH1.bed.gz	
GSM7788817	MJH10	MJH10	MeDIP	cell type: Glioma; chip antibody: MeDIP		ftp://ftp.ncbi.nlm.nih.gov/geo/samples/GSM7788nnn/GSM7788817/suppl/GSM7788817_MJH10.bed.gz	
GSM7788818	MJH2	MJH2	MeDIP	cell type: Glioma; chip antibody: MeDIP		ftp://ftp.ncbi.nlm.nih.gov/geo/samples/GSM7788nnn/GSM7788818/suppl/GSM7788818_MJH2.bed.gz	
GSM7788819	MJH3	MJH3	MeDIP	cell type: Glioma; chip antibody: MeDIP		ftp://ftp.ncbi.nlm.nih.gov/geo/samples/GSM7788nnn/GSM7788819/suppl/GSM7788819_MJH3.bed.gz	
GSM7788820	MJH4	MJH4	MeDIP	cell type: Glioma; chip antibody: MeDIP		ftp://ftp.ncbi.nlm.nih.gov/geo/samples/GSM7788nnn/GSM7788820/suppl/GSM7788820_MJH4.bed.gz	
GSM7788821	MJH5	MJH5	MeDIP	cell type: Glioma; chip antibody: MeDIP		ftp://ftp.ncbi.nlm.nih.gov/geo/samples/GSM7788nnn/GSM7788821/suppl/GSM7788821_MJH5.bed.gz	
GSM7788822	MJH6	MJH6	MeDIP	cell type: Glioma; chip antibody: MeDIP		ftp://ftp.ncbi.nlm.nih.gov/geo/samples/GSM7788nnn/GSM7788822/suppl/GSM7788822_MJH6.bed.gz	
GSM7788823	MJH7	MJH7	MeDIP	cell type: Glioma; chip antibody: MeDIP		ftp://ftp.ncbi.nlm.nih.gov/geo/samples/GSM7788nnn/GSM7788823/suppl/GSM7788823_MJH7.bed.gz	
GSM7788824	MJH8	MJH8	MeDIP	cell type: Glioma; chip antibody: MeDIP		ftp://ftp.ncbi.nlm.nih.gov/geo/samples/GSM7788nnn/GSM7788824/suppl/GSM7788824_MJH8.bed.gz	
GSM7788825	MJH9	MJH9	MeDIP	cell type: Glioma; chip antibody: MeDIP		ftp://ftp.ncbi.nlm.nih.gov/geo/samples/GSM7788nnn/GSM7788825/suppl/GSM7788825_MJH9.bed.gz	
GSM7788826	mK27_PC59b	mK27_PC59	ChIP	cell type: Prostate; chip antibody: H3K27ac		ftp://ftp.ncbi.nlm.nih.gov/geo/samples/GSM7788nnn/GSM7788826/suppl/GSM7788826_mK27_PC59b.bed.gz	
GSM7788827	mK27_PC62b	mK27_PC62	ChIP	cell type: Prostate; chip antibody: H3K27ac		ftp://ftp.ncbi.nlm.nih.gov/geo/samples/GSM7788nnn/GSM7788827/suppl/GSM7788827_mK27_PC62b.bed.gz	
GSM7788828	mK4_PC59_1	mK4_PC59_1	ChIP	cell type: Prostate; chip antibody: H3K4me3		ftp://ftp.ncbi.nlm.nih.gov/geo/samples/GSM7788nnn/GSM7788828/suppl/GSM7788828_mK4_PC59_1.bed.gz	
GSM7788829	mK4_PC59_2	mK4_PC59_2	ChIP	cell type: Prostate; chip antibody: H3K4me3		ftp://ftp.ncbi.nlm.nih.gov/geo/samples/GSM7788nnn/GSM7788829/suppl/GSM7788829_mK4_PC59_2.bed.gz	
GSM7788830	mK4_PC59a	mK4_PC59	ChIP	cell type: Prostate; chip antibody: H3K4me3		ftp://ftp.ncbi.nlm.nih.gov/geo/samples/GSM7788nnn/GSM7788830/suppl/GSM7788830_mK4_PC59a.bed.gz	
GSM7788831	mK4_PC62a	mK4_PC62	ChIP	cell type: Prostate; chip antibody: H3K4me3		ftp://ftp.ncbi.nlm.nih.gov/geo/samples/GSM7788nnn/GSM7788831/suppl/GSM7788831_mK4_PC62a.bed.gz	
GSM7788832	MK4LC31	MK4LC31	ChIP	cell type: NSCLC; chip antibody: H3K4me3		ftp://ftp.ncbi.nlm.nih.gov/geo/samples/GSM7788nnn/GSM7788832/suppl/GSM7788832_MK4LC31.bed.gz	
GSM7788833	MK4Lc40	MK4Lc40	ChIP	cell type: SCLC; chip antibody: H3K4me3		ftp://ftp.ncbi.nlm.nih.gov/geo/samples/GSM7788nnn/GSM7788833/suppl/GSM7788833_MK4Lc40.bed.gz	
GSM7788834	MK4Lc45	MK4Lc45	ChIP	cell type: SCLC; chip antibody: H3K4me3		ftp://ftp.ncbi.nlm.nih.gov/geo/samples/GSM7788nnn/GSM7788834/suppl/GSM7788834_MK4Lc45.bed.gz	
GSM7788835	MK4mel3	MK4mel3	ChIP	cell type: Melanoma; chip antibody: H3K4me3		ftp://ftp.ncbi.nlm.nih.gov/geo/samples/GSM7788nnn/GSM7788835/suppl/GSM7788835_MK4mel3.bed.gz	
GSM7788836	MK4mel4	MK4mel4	ChIP	cell type: Melanoma; chip antibody: H3K4me3		ftp://ftp.ncbi.nlm.nih.gov/geo/samples/GSM7788nnn/GSM7788836/suppl/GSM7788836_MK4mel4.bed.gz	
GSM7788837	Mk4Pc60	Mk4Pc60	ChIP	cell type: Prostate; chip antibody: H3K4me3		ftp://ftp.ncbi.nlm.nih.gov/geo/samples/GSM7788nnn/GSM7788837/suppl/GSM7788837_Mk4Pc60.bed.gz	
GSM7788838	mL8WWS_TF	mL8WWS_TF	MeDIP	cell type: Breast; chip antibody: MeDIP		ftp://ftp.ncbi.nlm.nih.gov/geo/samples/GSM7788nnn/GSM7788838/suppl/GSM7788838_mL8WWS_TF.bed.gz	
GSM7788839	mLC10Ac	mLC10Ac	ChIP	cell type: NSCLC; chip antibody: PanH3ac		ftp://ftp.ncbi.nlm.nih.gov/geo/samples/GSM7788nnn/GSM7788839/suppl/GSM7788839_mLC10Ac.bed.gz	
GSM7788840	mLC10K4	mLC10K4	ChIP	cell type: NSCLC; chip antibody: H3K4me3		ftp://ftp.ncbi.nlm.nih.gov/geo/samples/GSM7788nnn/GSM7788840/suppl/GSM7788840_mLC10K4.bed.gz	
GSM7788841	mLC11Ac	mLC11Ac	ChIP	cell type: NSCLC; chip antibody: PanH3ac		ftp://ftp.ncbi.nlm.nih.gov/geo/samples/GSM7788nnn/GSM7788841/suppl/GSM7788841_mLC11Ac.bed.gz	
GSM7788842	mLC11K4	mLC11K4	ChIP	cell type: NSCLC; chip antibody: H3K4me3		ftp://ftp.ncbi.nlm.nih.gov/geo/samples/GSM7788nnn/GSM7788842/suppl/GSM7788842_mLC11K4.bed.gz	
GSM7788843	mLC12Ac	mLC12Ac	ChIP	cell type: NSCLC; chip antibody: PanH3ac		ftp://ftp.ncbi.nlm.nih.gov/geo/samples/GSM7788nnn/GSM7788843/suppl/GSM7788843_mLC12Ac.bed.gz	
GSM7788844	mLC12K4	mLC12K4	ChIP	cell type: NSCLC; chip antibody: H3K4me3		ftp://ftp.ncbi.nlm.nih.gov/geo/samples/GSM7788nnn/GSM7788844/suppl/GSM7788844_mLC12K4.bed.gz	
GSM7788845	mLC19K4	mLC19K4	ChIP	cell type: NSCLC; chip antibody: H3K4me3		ftp://ftp.ncbi.nlm.nih.gov/geo/samples/GSM7788nnn/GSM7788845/suppl/GSM7788845_mLC19K4.bed.gz	
GSM7788846	mLC20K4	mLC20K4	ChIP	cell type: NSCLC; chip antibody: H3K4me3		ftp://ftp.ncbi.nlm.nih.gov/geo/samples/GSM7788nnn/GSM7788846/suppl/GSM7788846_mLC20K4.bed.gz	
GSM7788847	mLC25	mLC25	MeDIP	cell type: NSCLC; chip antibody: MeDIP		ftp://ftp.ncbi.nlm.nih.gov/geo/samples/GSM7788nnn/GSM7788847/suppl/GSM7788847_mLC25.bed.gz	
GSM7788848	mLC33	mLC33	MeDIP	cell type: SCLC; chip antibody: MeDIP		ftp://ftp.ncbi.nlm.nih.gov/geo/samples/GSM7788nnn/GSM7788848/suppl/GSM7788848_mLC33.bed.gz	
GSM7788849	mLC33_K27ON	mLC33_K27ON	ChIP	cell type: SCLC; chip antibody: H3K27ac		ftp://ftp.ncbi.nlm.nih.gov/geo/samples/GSM7788nnn/GSM7788849/suppl/GSM7788849_mLC33_K27ON.bed.gz	
GSM7788850	mLC33_K4_3hr	mLC33_K4_3hr	ChIP	cell type: SCLC; chip antibody: H3K4me3		ftp://ftp.ncbi.nlm.nih.gov/geo/samples/GSM7788nnn/GSM7788850/suppl/GSM7788850_mLC33_K4_3hr.bed.gz	
GSM7788851	mLC34	mLC34	MeDIP	cell type: SCLC; chip antibody: MeDIP		ftp://ftp.ncbi.nlm.nih.gov/geo/samples/GSM7788nnn/GSM7788851/suppl/GSM7788851_mLC34.bed.gz	
GSM7788852	mLC34_K27ON	mLC34_K27ON	ChIP	cell type: SCLC; chip antibody: H3K27ac		ftp://ftp.ncbi.nlm.nih.gov/geo/samples/GSM7788nnn/GSM7788852/suppl/GSM7788852_mLC34_K27ON.bed.gz	
GSM7788853	mLC34_K4_3hr	mLC34_K4_3hr	ChIP	cell type: SCLC; chip antibody: H3K4me3		ftp://ftp.ncbi.nlm.nih.gov/geo/samples/GSM7788nnn/GSM7788853/suppl/GSM7788853_mLC34_K4_3hr.bed.gz	
GSM7788854	mLC9_K27ON	mLC9_K27ON	ChIP	cell type: SCLC; chip antibody: H3K27ac		ftp://ftp.ncbi.nlm.nih.gov/geo/samples/GSM7788nnn/GSM7788854/suppl/GSM7788854_mLC9_K27ON.bed.gz	
GSM7788855	mLC9_K4_3hr	mLC9_K4_3hr	ChIP	cell type: SCLC; chip antibody: H3K4me3		ftp://ftp.ncbi.nlm.nih.gov/geo/samples/GSM7788nnn/GSM7788855/suppl/GSM7788855_mLC9_K4_3hr.bed.gz	
GSM7788856	mLCmlf0013	mLCmlf0013	MeDIP	cell type: NSCLC; chip antibody: MeDIP		ftp://ftp.ncbi.nlm.nih.gov/geo/samples/GSM7788nnn/GSM7788856/suppl/GSM7788856_mLCmlf0013.bed.gz	
GSM7788857	mLCmlf0014	mLCmlf0014	MeDIP	cell type: NSCLC; chip antibody: MeDIP		ftp://ftp.ncbi.nlm.nih.gov/geo/samples/GSM7788nnn/GSM7788857/suppl/GSM7788857_mLCmlf0014.bed.gz	
GSM7788858	mLCmlf0015	mLCmlf0015	MeDIP	cell type: NSCLC; chip antibody: MeDIP		ftp://ftp.ncbi.nlm.nih.gov/geo/samples/GSM7788nnn/GSM7788858/suppl/GSM7788858_mLCmlf0015.bed.gz	
GSM7788859	mLCmlf046	mLCmlf046	MeDIP	cell type: Prostate; chip antibody: MeDIP		ftp://ftp.ncbi.nlm.nih.gov/geo/samples/GSM7788nnn/GSM7788859/suppl/GSM7788859_mLCmlf046.bed.gz	
GSM7788860	mLXE8W_TF	mLXE8W_TF	MeDIP	cell type: Breast; chip antibody: MeDIP		ftp://ftp.ncbi.nlm.nih.gov/geo/samples/GSM7788nnn/GSM7788860/suppl/GSM7788860_mLXE8W_TF.bed.gz	
GSM7788861	mMCC228	mMCC228	MeDIP	cell type: Merkel cell; chip antibody: MeDIP		ftp://ftp.ncbi.nlm.nih.gov/geo/samples/GSM7788nnn/GSM7788861/suppl/GSM7788861_mMCC228.bed.gz	
GSM7788862	mMCC240	mMCC240	MeDIP	cell type: Merkel cell; chip antibody: MeDIP		ftp://ftp.ncbi.nlm.nih.gov/geo/samples/GSM7788nnn/GSM7788862/suppl/GSM7788862_mMCC240.bed.gz	
GSM7788863	mMCC241	mMCC241	MeDIP	cell type: Merkel cell; chip antibody: MeDIP		ftp://ftp.ncbi.nlm.nih.gov/geo/samples/GSM7788nnn/GSM7788863/suppl/GSM7788863_mMCC241.bed.gz	
GSM7788864	mMCC245	mMCC245	MeDIP	cell type: Merkel cell; chip antibody: MeDIP		ftp://ftp.ncbi.nlm.nih.gov/geo/samples/GSM7788nnn/GSM7788864/suppl/GSM7788864_mMCC245.bed.gz	
GSM7788865	mMCC253	mMCC253	MeDIP	cell type: Merkel cell; chip antibody: MeDIP		ftp://ftp.ncbi.nlm.nih.gov/geo/samples/GSM7788nnn/GSM7788865/suppl/GSM7788865_mMCC253.bed.gz	
GSM7788866	mMCC260	mMCC260	MeDIP	cell type: Merkel cell; chip antibody: MeDIP		ftp://ftp.ncbi.nlm.nih.gov/geo/samples/GSM7788nnn/GSM7788866/suppl/GSM7788866_mMCC260.bed.gz	
GSM7788867	mMCC266	mMCC266	MeDIP	cell type: Merkel cell; chip antibody: MeDIP		ftp://ftp.ncbi.nlm.nih.gov/geo/samples/GSM7788nnn/GSM7788867/suppl/GSM7788867_mMCC266.bed.gz	
GSM7788868	mMCC270	mMCC270	MeDIP	cell type: Merkel cell; chip antibody: MeDIP		ftp://ftp.ncbi.nlm.nih.gov/geo/samples/GSM7788nnn/GSM7788868/suppl/GSM7788868_mMCC270.bed.gz	
GSM7788869	mMCC274	mMCC274	MeDIP	cell type: Merkel cell; chip antibody: MeDIP		ftp://ftp.ncbi.nlm.nih.gov/geo/samples/GSM7788nnn/GSM7788869/suppl/GSM7788869_mMCC274.bed.gz	
GSM7788870	mMCC279	mMCC279	MeDIP	cell type: Merkel cell; chip antibody: MeDIP		ftp://ftp.ncbi.nlm.nih.gov/geo/samples/GSM7788nnn/GSM7788870/suppl/GSM7788870_mMCC279.bed.gz	
GSM7788871	mMCC284	mMCC284	MeDIP	cell type: Merkel cell; chip antibody: MeDIP		ftp://ftp.ncbi.nlm.nih.gov/geo/samples/GSM7788nnn/GSM7788871/suppl/GSM7788871_mMCC284.bed.gz	
GSM7788872	mMCC306	mMCC306	MeDIP	cell type: Merkel cell; chip antibody: MeDIP		ftp://ftp.ncbi.nlm.nih.gov/geo/samples/GSM7788nnn/GSM7788872/suppl/GSM7788872_mMCC306.bed.gz	
GSM7788873	mMCC316	mMCC316	MeDIP	cell type: Merkel cell; chip antibody: MeDIP		ftp://ftp.ncbi.nlm.nih.gov/geo/samples/GSM7788nnn/GSM7788873/suppl/GSM7788873_mMCC316.bed.gz	
GSM7788874	mMCC323	mMCC323	MeDIP	cell type: Merkel cell; chip antibody: MeDIP		ftp://ftp.ncbi.nlm.nih.gov/geo/samples/GSM7788nnn/GSM7788874/suppl/GSM7788874_mMCC323.bed.gz	
GSM7788875	mMCC324	mMCC324	MeDIP	cell type: Merkel cell; chip antibody: MeDIP		ftp://ftp.ncbi.nlm.nih.gov/geo/samples/GSM7788nnn/GSM7788875/suppl/GSM7788875_mMCC324.bed.gz	
GSM7788876	mMerk168	mMerk168	MeDIP	cell type: Merkel cell; chip antibody: MeDIP		ftp://ftp.ncbi.nlm.nih.gov/geo/samples/GSM7788nnn/GSM7788876/suppl/GSM7788876_mMerk168.bed.gz	
GSM7788877	mMerk197	mMerk197	MeDIP	cell type: Merkel cell; chip antibody: MeDIP		ftp://ftp.ncbi.nlm.nih.gov/geo/samples/GSM7788nnn/GSM7788877/suppl/GSM7788877_mMerk197.bed.gz	
GSM7788878	mMerk212	mMerk212	MeDIP	cell type: NEPC; chip antibody: MeDIP		ftp://ftp.ncbi.nlm.nih.gov/geo/samples/GSM7788nnn/GSM7788878/suppl/GSM7788878_mMerk212.bed.gz	
GSM7788879	mMerk229	mMerk229	MeDIP	cell type: NEPC; chip antibody: MeDIP		ftp://ftp.ncbi.nlm.nih.gov/geo/samples/GSM7788nnn/GSM7788879/suppl/GSM7788879_mMerk229.bed.gz	
GSM7788880	mMGI933_1	mMGI933_1	MeDIP	cell type: Ovarian; chip antibody: MeDIP		ftp://ftp.ncbi.nlm.nih.gov/geo/samples/GSM7788nnn/GSM7788880/suppl/GSM7788880_mMGI933_1.bed.gz	
GSM7788881	mMGI938_1	mMGI938_1	MeDIP	cell type: Ovarian; chip antibody: MeDIP		ftp://ftp.ncbi.nlm.nih.gov/geo/samples/GSM7788nnn/GSM7788881/suppl/GSM7788881_mMGI938_1.bed.gz	
GSM7788882	mMGI940_2	mMGI940_2	MeDIP	cell type: Ovarian; chip antibody: MeDIP		ftp://ftp.ncbi.nlm.nih.gov/geo/samples/GSM7788nnn/GSM7788882/suppl/GSM7788882_mMGI940_2.bed.gz	
GSM7788883	mMGI942_1	mMGI942_1	MeDIP	cell type: Ovarian; chip antibody: MeDIP		ftp://ftp.ncbi.nlm.nih.gov/geo/samples/GSM7788nnn/GSM7788883/suppl/GSM7788883_mMGI942_1.bed.gz	
GSM7788884	MmPC15r3	MmPC15r3	ChIP	cell type: Prostate; chip antibody: H3K27ac		ftp://ftp.ncbi.nlm.nih.gov/geo/samples/GSM7788nnn/GSM7788884/suppl/GSM7788884_MmPC15r3.bed.gz	
GSM7788885	mmPS55_2	mmPS55_2	MeDIP	cell type: NSCLC; chip antibody: MeDIP		ftp://ftp.ncbi.nlm.nih.gov/geo/samples/GSM7788nnn/GSM7788885/suppl/GSM7788885_mmPS55_2.bed.gz	
GSM7788886	mNEmlf013	mNEmlf013	MeDIP	cell type: Prostate; chip antibody: MeDIP		ftp://ftp.ncbi.nlm.nih.gov/geo/samples/GSM7788nnn/GSM7788886/suppl/GSM7788886_mNEmlf013.bed.gz	
GSM7788887	mNEmlf014	mNEmlf014	MeDIP	cell type: Prostate; chip antibody: MeDIP		ftp://ftp.ncbi.nlm.nih.gov/geo/samples/GSM7788nnn/GSM7788887/suppl/GSM7788887_mNEmlf014.bed.gz	
GSM7788888	mNEmlf015	mNEmlf015	MeDIP	cell type: NSCLC; chip antibody: MeDIP		ftp://ftp.ncbi.nlm.nih.gov/geo/samples/GSM7788nnn/GSM7788888/suppl/GSM7788888_mNEmlf015.bed.gz	
GSM7788889	mNEmlf016	mNEmlf016	MeDIP	cell type: NEPC; chip antibody: MeDIP		ftp://ftp.ncbi.nlm.nih.gov/geo/samples/GSM7788nnn/GSM7788889/suppl/GSM7788889_mNEmlf016.bed.gz	
GSM7788890	mNEmlf017	mNEmlf017	MeDIP	cell type: NEPC; chip antibody: MeDIP		ftp://ftp.ncbi.nlm.nih.gov/geo/samples/GSM7788nnn/GSM7788890/suppl/GSM7788890_mNEmlf017.bed.gz	
GSM7788891	mNEmlf019	mNEmlf019	MeDIP	cell type: Merkel cell; chip antibody: MeDIP		ftp://ftp.ncbi.nlm.nih.gov/geo/samples/GSM7788nnn/GSM7788891/suppl/GSM7788891_mNEmlf019.bed.gz	
GSM7788892	mNEmlf020	mNEmlf020	MeDIP	cell type: Prostate; chip antibody: MeDIP		ftp://ftp.ncbi.nlm.nih.gov/geo/samples/GSM7788nnn/GSM7788892/suppl/GSM7788892_mNEmlf020.bed.gz	
GSM7788893	mNEmlf021	mNEmlf021	MeDIP	cell type: Hepatocellular; chip antibody: MeDIP		ftp://ftp.ncbi.nlm.nih.gov/geo/samples/GSM7788nnn/GSM7788893/suppl/GSM7788893_mNEmlf021.bed.gz	
GSM7788894	mNEmlf022	mNEmlf022	MeDIP	cell type: Merkel cell; chip antibody: MeDIP		ftp://ftp.ncbi.nlm.nih.gov/geo/samples/GSM7788nnn/GSM7788894/suppl/GSM7788894_mNEmlf022.bed.gz	
GSM7788895	MNEPC10a	MNEPC10	MeDIP	cell type: NEPC; chip antibody: MeDIP		ftp://ftp.ncbi.nlm.nih.gov/geo/samples/GSM7788nnn/GSM7788895/suppl/GSM7788895_MNEPC10a.bed.gz	
GSM7788896	MNEPC10b	MNEPC10	MeDIP	cell type: NEPC; chip antibody: MeDIP		ftp://ftp.ncbi.nlm.nih.gov/geo/samples/GSM7788nnn/GSM7788896/suppl/GSM7788896_MNEPC10b.bed.gz	
GSM7788897	MNEPC11a	MNEPC11	MeDIP	cell type: NEPC; chip antibody: MeDIP		ftp://ftp.ncbi.nlm.nih.gov/geo/samples/GSM7788nnn/GSM7788897/suppl/GSM7788897_MNEPC11a.bed.gz	
GSM7788898	MNEPC11b	MNEPC11	MeDIP	cell type: NEPC; chip antibody: MeDIP		ftp://ftp.ncbi.nlm.nih.gov/geo/samples/GSM7788nnn/GSM7788898/suppl/GSM7788898_MNEPC11b.bed.gz	
GSM7788899	MNEPC12a	MNEPC12	MeDIP	cell type: Prostate; chip antibody: MeDIP		ftp://ftp.ncbi.nlm.nih.gov/geo/samples/GSM7788nnn/GSM7788899/suppl/GSM7788899_MNEPC12a.bed.gz	
GSM7788900	MNEPC12b	MNEPC12	MeDIP	cell type: NEPC; chip antibody: MeDIP		ftp://ftp.ncbi.nlm.nih.gov/geo/samples/GSM7788nnn/GSM7788900/suppl/GSM7788900_MNEPC12b.bed.gz	
GSM7788901	MNEPC3a	MNEPC3	MeDIP	cell type: Small cell bladder; chip antibody: MeDIP		ftp://ftp.ncbi.nlm.nih.gov/geo/samples/GSM7788nnn/GSM7788901/suppl/GSM7788901_MNEPC3a.bed.gz	
GSM7788902	MNEPC3b	MNEPC3	MeDIP	cell type: Small cell bladder; chip antibody: MeDIP		ftp://ftp.ncbi.nlm.nih.gov/geo/samples/GSM7788nnn/GSM7788902/suppl/GSM7788902_MNEPC3b.bed.gz	
GSM7788903	MNEPC4a	MNEPC4	MeDIP	cell type: Prostate; chip antibody: MeDIP		ftp://ftp.ncbi.nlm.nih.gov/geo/samples/GSM7788nnn/GSM7788903/suppl/GSM7788903_MNEPC4a.bed.gz	
GSM7788904	MNEPC4b	MNEPC4	MeDIP	cell type: Prostate; chip antibody: MeDIP		ftp://ftp.ncbi.nlm.nih.gov/geo/samples/GSM7788nnn/GSM7788904/suppl/GSM7788904_MNEPC4b.bed.gz	
GSM7788905	MNEPC5a	MNEPC5	MeDIP	cell type: Prostate; chip antibody: MeDIP		ftp://ftp.ncbi.nlm.nih.gov/geo/samples/GSM7788nnn/GSM7788905/suppl/GSM7788905_MNEPC5a.bed.gz	
GSM7788906	MNEPC5b	MNEPC5	MeDIP	cell type: Prostate; chip antibody: MeDIP		ftp://ftp.ncbi.nlm.nih.gov/geo/samples/GSM7788nnn/GSM7788906/suppl/GSM7788906_MNEPC5b.bed.gz	
GSM7788907	MNEPC6a	MNEPC6	MeDIP	cell type: NEPC; chip antibody: MeDIP		ftp://ftp.ncbi.nlm.nih.gov/geo/samples/GSM7788nnn/GSM7788907/suppl/GSM7788907_MNEPC6a.bed.gz	
GSM7788908	MNEPC6b	MNEPC6	MeDIP	cell type: NEPC; chip antibody: MeDIP		ftp://ftp.ncbi.nlm.nih.gov/geo/samples/GSM7788nnn/GSM7788908/suppl/GSM7788908_MNEPC6b.bed.gz	
GSM7788909	MNEPC8a	MNEPC8	MeDIP	cell type: NEPC; chip antibody: MeDIP		ftp://ftp.ncbi.nlm.nih.gov/geo/samples/GSM7788nnn/GSM7788909/suppl/GSM7788909_MNEPC8a.bed.gz	
GSM7788910	MNEPC9a	MNEPC9	MeDIP	cell type: NEPC; chip antibody: MeDIP		ftp://ftp.ncbi.nlm.nih.gov/geo/samples/GSM7788nnn/GSM7788910/suppl/GSM7788910_MNEPC9a.bed.gz	
GSM7788911	MNEPC9b	MNEPC9	MeDIP	cell type: NEPC; chip antibody: MeDIP		ftp://ftp.ncbi.nlm.nih.gov/geo/samples/GSM7788nnn/GSM7788911/suppl/GSM7788911_MNEPC9b.bed.gz	
GSM7788912	mNIH_AMP_8_2	mNIH_AMP_8_2	MeDIP	cell type: NSCLC; chip antibody: MeDIP		ftp://ftp.ncbi.nlm.nih.gov/geo/samples/GSM7788nnn/GSM7788912/suppl/GSM7788912_mNIH_AMP_8_2.bed.gz	
GSM7788913	mNIH_PS_36_2	mNIH_PS_36_2	MeDIP	cell type: NEPC; chip antibody: MeDIP		ftp://ftp.ncbi.nlm.nih.gov/geo/samples/GSM7788nnn/GSM7788913/suppl/GSM7788913_mNIH_PS_36_2.bed.gz	
GSM7788914	mNIH_PS_7_1	mNIH_PS_7_1	MeDIP	cell type: Colorectal; chip antibody: MeDIP		ftp://ftp.ncbi.nlm.nih.gov/geo/samples/GSM7788nnn/GSM7788914/suppl/GSM7788914_mNIH_PS_7_1.bed.gz	
GSM7788915	mNIH_TRC_4_2	mNIH_TRC_4_2	MeDIP	cell type: Prostate; chip antibody: MeDIP		ftp://ftp.ncbi.nlm.nih.gov/geo/samples/GSM7788nnn/GSM7788915/suppl/GSM7788915_mNIH_TRC_4_2.bed.gz	
GSM7788916	mNIH_TRC_7_1	mNIH_TRC_7_1	MeDIP	cell type: Hepatocellular; chip antibody: MeDIP		ftp://ftp.ncbi.nlm.nih.gov/geo/samples/GSM7788nnn/GSM7788916/suppl/GSM7788916_mNIH_TRC_7_1.bed.gz	
GSM7788917	mNIH_TRHC_14_2	mNIH_TRHC_14_2	MeDIP	cell type: Hepatocellular; chip antibody: MeDIP		ftp://ftp.ncbi.nlm.nih.gov/geo/samples/GSM7788nnn/GSM7788917/suppl/GSM7788917_mNIH_TRHC_14_2.bed.gz	
GSM7788918	mNIH_TRHC_7_2	mNIH_TRHC_7_2	MeDIP	cell type: Prostate; chip antibody: MeDIP		ftp://ftp.ncbi.nlm.nih.gov/geo/samples/GSM7788nnn/GSM7788918/suppl/GSM7788918_mNIH_TRHC_7_2.bed.gz	
GSM7788919	MPAcLC31	MPAcLC31	ChIP	cell type: NSCLC; chip antibody: PanH3ac		ftp://ftp.ncbi.nlm.nih.gov/geo/samples/GSM7788nnn/GSM7788919/suppl/GSM7788919_MPAcLC31.bed.gz	
GSM7788920	MPAcmel3	MPAcmel3	ChIP	cell type: Melanoma; chip antibody: PanH3ac		ftp://ftp.ncbi.nlm.nih.gov/geo/samples/GSM7788nnn/GSM7788920/suppl/GSM7788920_MPAcmel3.bed.gz	
GSM7788921	MPAcmel4	MPAcmel4	ChIP	cell type: Melanoma; chip antibody: PanH3ac		ftp://ftp.ncbi.nlm.nih.gov/geo/samples/GSM7788nnn/GSM7788921/suppl/GSM7788921_MPAcmel4.bed.gz	
GSM7788922	mPC31_K27ON	mPC31_K27ON	ChIP	cell type: Prostate; chip antibody: H3K27ac		ftp://ftp.ncbi.nlm.nih.gov/geo/samples/GSM7788nnn/GSM7788922/suppl/GSM7788922_mPC31_K27ON.bed.gz	
GSM7788923	mPC31_K4_3hr	mPC31_K4_3hr	ChIP	cell type: Prostate; chip antibody: H3K4me3		ftp://ftp.ncbi.nlm.nih.gov/geo/samples/GSM7788nnn/GSM7788923/suppl/GSM7788923_mPC31_K4_3hr.bed.gz	
GSM7788924	mPC32_K4_3hr	mPC32_K4_3hr	ChIP	cell type: Prostate; chip antibody: H3K4me3		ftp://ftp.ncbi.nlm.nih.gov/geo/samples/GSM7788nnn/GSM7788924/suppl/GSM7788924_mPC32_K4_3hr.bed.gz	
GSM7788925	mPC39Ac	mPC39Ac	ChIP	cell type: Prostate; chip antibody: PanH3ac		ftp://ftp.ncbi.nlm.nih.gov/geo/samples/GSM7788nnn/GSM7788925/suppl/GSM7788925_mPC39Ac.bed.gz	
GSM7788926	mPC39K4	mPC39K4	ChIP	cell type: Prostate; chip antibody: H3K4me3		ftp://ftp.ncbi.nlm.nih.gov/geo/samples/GSM7788nnn/GSM7788926/suppl/GSM7788926_mPC39K4.bed.gz	
GSM7788927	mPCmlf049	mPCmlf049	MeDIP	cell type: Thymic; chip antibody: MeDIP		ftp://ftp.ncbi.nlm.nih.gov/geo/samples/GSM7788nnn/GSM7788927/suppl/GSM7788927_mPCmlf049.bed.gz	
GSM7788928	mPCmlf052	mPCmlf052	MeDIP	cell type: Prostate; chip antibody: MeDIP		ftp://ftp.ncbi.nlm.nih.gov/geo/samples/GSM7788nnn/GSM7788928/suppl/GSM7788928_mPCmlf052.bed.gz	
GSM7788929	mPCmlf066	mPCmlf066	MeDIP	cell type: NEPC; chip antibody: MeDIP		ftp://ftp.ncbi.nlm.nih.gov/geo/samples/GSM7788nnn/GSM7788929/suppl/GSM7788929_mPCmlf066.bed.gz	
GSM7788930	mPCmlf074	mPCmlf074	MeDIP	cell type: Thymic; chip antibody: MeDIP		ftp://ftp.ncbi.nlm.nih.gov/geo/samples/GSM7788nnn/GSM7788930/suppl/GSM7788930_mPCmlf074.bed.gz	
GSM7788931	mPCmlf080	mPCmlf080	MeDIP	cell type: Colorectal; chip antibody: MeDIP		ftp://ftp.ncbi.nlm.nih.gov/geo/samples/GSM7788nnn/GSM7788931/suppl/GSM7788931_mPCmlf080.bed.gz	
GSM7788932	mPCmlf081	mPCmlf081	MeDIP	cell type: SCLC; chip antibody: MeDIP		ftp://ftp.ncbi.nlm.nih.gov/geo/samples/GSM7788nnn/GSM7788932/suppl/GSM7788932_mPCmlf081.bed.gz	
GSM7788933	mPS12_2	mPS12_2	MeDIP	cell type: NSCLC; chip antibody: MeDIP		ftp://ftp.ncbi.nlm.nih.gov/geo/samples/GSM7788nnn/GSM7788933/suppl/GSM7788933_mPS12_2.bed.gz	
GSM7788934	mPS122_2	mPS122_2	MeDIP	cell type: NSCLC; chip antibody: MeDIP		ftp://ftp.ncbi.nlm.nih.gov/geo/samples/GSM7788nnn/GSM7788934/suppl/GSM7788934_mPS122_2.bed.gz	
GSM7788935	mPS154_2	mPS154_2	MeDIP	cell type: NSCLC; chip antibody: MeDIP		ftp://ftp.ncbi.nlm.nih.gov/geo/samples/GSM7788nnn/GSM7788935/suppl/GSM7788935_mPS154_2.bed.gz	
GSM7788936	mPS173_2	mPS173_2	MeDIP	cell type: NSCLC; chip antibody: MeDIP		ftp://ftp.ncbi.nlm.nih.gov/geo/samples/GSM7788nnn/GSM7788936/suppl/GSM7788936_mPS173_2.bed.gz	
GSM7788937	mPS197_2	mPS197_2	MeDIP	cell type: NSCLC; chip antibody: MeDIP		ftp://ftp.ncbi.nlm.nih.gov/geo/samples/GSM7788nnn/GSM7788937/suppl/GSM7788937_mPS197_2.bed.gz	
GSM7788938	mPS219_2	mPS219_2	MeDIP	cell type: NSCLC; chip antibody: MeDIP		ftp://ftp.ncbi.nlm.nih.gov/geo/samples/GSM7788nnn/GSM7788938/suppl/GSM7788938_mPS219_2.bed.gz	
GSM7788939	mPS245_2	mPS245_2	MeDIP	cell type: NSCLC; chip antibody: MeDIP		ftp://ftp.ncbi.nlm.nih.gov/geo/samples/GSM7788nnn/GSM7788939/suppl/GSM7788939_mPS245_2.bed.gz	
GSM7788940	mPS248_2	mPS248_2	MeDIP	cell type: NSCLC; chip antibody: MeDIP		ftp://ftp.ncbi.nlm.nih.gov/geo/samples/GSM7788nnn/GSM7788940/suppl/GSM7788940_mPS248_2.bed.gz	
GSM7788941	mPS75_2	mPS75_2	MeDIP	cell type: NSCLC; chip antibody: MeDIP		ftp://ftp.ncbi.nlm.nih.gov/geo/samples/GSM7788nnn/GSM7788941/suppl/GSM7788941_mPS75_2.bed.gz	
GSM7788942	mPS96_2	mPS96_2	MeDIP	cell type: NSCLC; chip antibody: MeDIP		ftp://ftp.ncbi.nlm.nih.gov/geo/samples/GSM7788nnn/GSM7788942/suppl/GSM7788942_mPS96_2.bed.gz	
GSM7788943	mSMAC11_2	mSMAC11_2	MeDIP	cell type: Ovarian; chip antibody: MeDIP		ftp://ftp.ncbi.nlm.nih.gov/geo/samples/GSM7788nnn/GSM7788943/suppl/GSM7788943_mSMAC11_2.bed.gz	
GSM7788944	mSMAC16_2	mSMAC16_2	MeDIP	cell type: Ovarian; chip antibody: MeDIP		ftp://ftp.ncbi.nlm.nih.gov/geo/samples/GSM7788nnn/GSM7788944/suppl/GSM7788944_mSMAC16_2.bed.gz	
GSM7788945	mSMAC23_2	mSMAC23_2	MeDIP	cell type: Ovarian; chip antibody: MeDIP		ftp://ftp.ncbi.nlm.nih.gov/geo/samples/GSM7788nnn/GSM7788945/suppl/GSM7788945_mSMAC23_2.bed.gz	
GSM7788946	mSMAC5_2	mSMAC5_2	MeDIP	cell type: Ovarian; chip antibody: MeDIP		ftp://ftp.ncbi.nlm.nih.gov/geo/samples/GSM7788nnn/GSM7788946/suppl/GSM7788946_mSMAC5_2.bed.gz	
GSM7788947	mTRC11_1	mTRC11_1	MeDIP	cell type: Prostate; chip antibody: MeDIP		ftp://ftp.ncbi.nlm.nih.gov/geo/samples/GSM7788nnn/GSM7788947/suppl/GSM7788947_mTRC11_1.bed.gz	
GSM7788948	mTRC23_1	mTRC23_1	MeDIP	cell type: Prostate; chip antibody: MeDIP		ftp://ftp.ncbi.nlm.nih.gov/geo/samples/GSM7788nnn/GSM7788948/suppl/GSM7788948_mTRC23_1.bed.gz	
GSM7788949	mTRC25_1	mTRC25_1	MeDIP	cell type: Prostate; chip antibody: MeDIP		ftp://ftp.ncbi.nlm.nih.gov/geo/samples/GSM7788nnn/GSM7788949/suppl/GSM7788949_mTRC25_1.bed.gz	
GSM7788950	mTRC30_1	mTRC30_1	MeDIP	cell type: Prostate; chip antibody: MeDIP		ftp://ftp.ncbi.nlm.nih.gov/geo/samples/GSM7788nnn/GSM7788950/suppl/GSM7788950_mTRC30_1.bed.gz	
GSM7788951	mTRC40_1	mTRC40_1	MeDIP	cell type: Prostate; chip antibody: MeDIP		ftp://ftp.ncbi.nlm.nih.gov/geo/samples/GSM7788nnn/GSM7788951/suppl/GSM7788951_mTRC40_1.bed.gz	
GSM7788952	mTRC42_1	mTRC42_1	MeDIP	cell type: Prostate; chip antibody: MeDIP		ftp://ftp.ncbi.nlm.nih.gov/geo/samples/GSM7788nnn/GSM7788952/suppl/GSM7788952_mTRC42_1.bed.gz	
GSM7788953	mTRC53_1	mTRC53_1	MeDIP	cell type: Prostate; chip antibody: MeDIP		ftp://ftp.ncbi.nlm.nih.gov/geo/samples/GSM7788nnn/GSM7788953/suppl/GSM7788953_mTRC53_1.bed.gz	
GSM7788954	mTRC61_2	mTRC61_2	MeDIP	cell type: Prostate; chip antibody: MeDIP		ftp://ftp.ncbi.nlm.nih.gov/geo/samples/GSM7788nnn/GSM7788954/suppl/GSM7788954_mTRC61_2.bed.gz	
GSM7788955	mTRC67_2	mTRC67_2	MeDIP	cell type: Prostate; chip antibody: MeDIP		ftp://ftp.ncbi.nlm.nih.gov/geo/samples/GSM7788nnn/GSM7788955/suppl/GSM7788955_mTRC67_2.bed.gz	
GSM7788956	mTRC78_1	mTRC78_1	MeDIP	cell type: Prostate; chip antibody: MeDIP		ftp://ftp.ncbi.nlm.nih.gov/geo/samples/GSM7788nnn/GSM7788956/suppl/GSM7788956_mTRC78_1.bed.gz	
GSM7788957	mTRC84_2	mTRC84_2	MeDIP	cell type: Prostate; chip antibody: MeDIP		ftp://ftp.ncbi.nlm.nih.gov/geo/samples/GSM7788nnn/GSM7788957/suppl/GSM7788957_mTRC84_2.bed.gz	
GSM7788958	mTRHC101_2	mTRHC101_2	MeDIP	cell type: Hepatocellular; chip antibody: MeDIP		ftp://ftp.ncbi.nlm.nih.gov/geo/samples/GSM7788nnn/GSM7788958/suppl/GSM7788958_mTRHC101_2.bed.gz	
GSM7788959	mTRHC103_2	mTRHC103_2	MeDIP	cell type: Hepatocellular; chip antibody: MeDIP		ftp://ftp.ncbi.nlm.nih.gov/geo/samples/GSM7788nnn/GSM7788959/suppl/GSM7788959_mTRHC103_2.bed.gz	
GSM7788960	mTRHC128_2	mTRHC128_2	MeDIP	cell type: Hepatocellular; chip antibody: MeDIP		ftp://ftp.ncbi.nlm.nih.gov/geo/samples/GSM7788nnn/GSM7788960/suppl/GSM7788960_mTRHC128_2.bed.gz	
GSM7788961	mTRHC25_2	mTRHC25_2	MeDIP	cell type: Hepatocellular; chip antibody: MeDIP		ftp://ftp.ncbi.nlm.nih.gov/geo/samples/GSM7788nnn/GSM7788961/suppl/GSM7788961_mTRHC25_2.bed.gz	
GSM7788962	mTRHC33_2	mTRHC33_2	MeDIP	cell type: Hepatocellular; chip antibody: MeDIP		ftp://ftp.ncbi.nlm.nih.gov/geo/samples/GSM7788nnn/GSM7788962/suppl/GSM7788962_mTRHC33_2.bed.gz	
GSM7788963	mTRHC47_1	mTRHC47_1	MeDIP	cell type: Hepatocellular; chip antibody: MeDIP		ftp://ftp.ncbi.nlm.nih.gov/geo/samples/GSM7788nnn/GSM7788963/suppl/GSM7788963_mTRHC47_1.bed.gz	
GSM7788964	mTRHC54_2	mTRHC54_2	MeDIP	cell type: Hepatocellular; chip antibody: MeDIP		ftp://ftp.ncbi.nlm.nih.gov/geo/samples/GSM7788nnn/GSM7788964/suppl/GSM7788964_mTRHC54_2.bed.gz	
GSM7788965	mTRHC66_2	mTRHC66_2	MeDIP	cell type: Hepatocellular; chip antibody: MeDIP		ftp://ftp.ncbi.nlm.nih.gov/geo/samples/GSM7788nnn/GSM7788965/suppl/GSM7788965_mTRHC66_2.bed.gz	
GSM7788966	mTRHC68_2	mTRHC68_2	MeDIP	cell type: Hepatocellular; chip antibody: MeDIP		ftp://ftp.ncbi.nlm.nih.gov/geo/samples/GSM7788nnn/GSM7788966/suppl/GSM7788966_mTRHC68_2.bed.gz	
GSM7788967	mTRHC82_2	mTRHC82_2	MeDIP	cell type: Hepatocellular; chip antibody: MeDIP		ftp://ftp.ncbi.nlm.nih.gov/geo/samples/GSM7788nnn/GSM7788967/suppl/GSM7788967_mTRHC82_2.bed.gz	
GSM7788968	mTRHC88_2	mTRHC88_2	MeDIP	cell type: Hepatocellular; chip antibody: MeDIP		ftp://ftp.ncbi.nlm.nih.gov/geo/samples/GSM7788nnn/GSM7788968/suppl/GSM7788968_mTRHC88_2.bed.gz	
GSM7788969	NE3784Me3R1	NE3784Me3R1	ChIP	cell type: NEPC; chip antibody: H3K4me3		ftp://ftp.ncbi.nlm.nih.gov/geo/samples/GSM7788nnn/GSM7788969/suppl/GSM7788969_NE3784Me3R1.bed.gz	
GSM7788970	NEPC10K27R1	NEPC10K27R1	ChIP	cell type: NEPC; chip antibody: H3K27ac		ftp://ftp.ncbi.nlm.nih.gov/geo/samples/GSM7788nnn/GSM7788970/suppl/GSM7788970_NEPC10K27R1.bed.gz	
GSM7788971	NEPC10K4R1	NEPC10K4R1	ChIP	cell type: NEPC; chip antibody: H3K4me3		ftp://ftp.ncbi.nlm.nih.gov/geo/samples/GSM7788nnn/GSM7788971/suppl/GSM7788971_NEPC10K4R1.bed.gz	
GSM7788972	NEPC10K4R2	NEPC10K4R2	ChIP	cell type: NEPC; chip antibody: H3K4me3		ftp://ftp.ncbi.nlm.nih.gov/geo/samples/GSM7788nnn/GSM7788972/suppl/GSM7788972_NEPC10K4R2.bed.gz	
GSM7788973	NEPC10PanAR2	NEPC10PanAR2	ChIP	cell type: NEPC; chip antibody: PanH3ac		ftp://ftp.ncbi.nlm.nih.gov/geo/samples/GSM7788nnn/GSM7788973/suppl/GSM7788973_NEPC10PanAR2.bed.gz	
GSM7788974	NEPC11K27R1	NEPC11K27R1	ChIP	cell type: Prostate; chip antibody: H3K27ac		ftp://ftp.ncbi.nlm.nih.gov/geo/samples/GSM7788nnn/GSM7788974/suppl/GSM7788974_NEPC11K27R1.bed.gz	
GSM7788975	NEPC11K4R1	NEPC11K4R1	ChIP	cell type: Prostate; chip antibody: H3K4me3		ftp://ftp.ncbi.nlm.nih.gov/geo/samples/GSM7788nnn/GSM7788975/suppl/GSM7788975_NEPC11K4R1.bed.gz	
GSM7788976	NEPC11K4R2	NEPC11K4R2	ChIP	cell type: Prostate; chip antibody: H3K4me3		ftp://ftp.ncbi.nlm.nih.gov/geo/samples/GSM7788nnn/GSM7788976/suppl/GSM7788976_NEPC11K4R2.bed.gz	
GSM7788977	NEPC11PanAR2	NEPC11PanAR2	ChIP	cell type: Prostate; chip antibody: PanH3ac		ftp://ftp.ncbi.nlm.nih.gov/geo/samples/GSM7788nnn/GSM7788977/suppl/GSM7788977_NEPC11PanAR2.bed.gz	
GSM7788978	NEPC12K27R1	NEPC12K27R1	ChIP	cell type: NEPC; chip antibody: H3K27ac		ftp://ftp.ncbi.nlm.nih.gov/geo/samples/GSM7788nnn/GSM7788978/suppl/GSM7788978_NEPC12K27R1.bed.gz	
GSM7788979	NEPC12K4R1	NEPC12K4R1	ChIP	cell type: NEPC; chip antibody: H3K4me3		ftp://ftp.ncbi.nlm.nih.gov/geo/samples/GSM7788nnn/GSM7788979/suppl/GSM7788979_NEPC12K4R1.bed.gz	
GSM7788980	NEPC12K4R2	NEPC12K4R2	ChIP	cell type: NEPC; chip antibody: H3K4me3		ftp://ftp.ncbi.nlm.nih.gov/geo/samples/GSM7788nnn/GSM7788980/suppl/GSM7788980_NEPC12K4R2.bed.gz	
GSM7788981	NEPC12PanAR2	NEPC12PanAR2	ChIP	cell type: NEPC; chip antibody: PanH3ac		ftp://ftp.ncbi.nlm.nih.gov/geo/samples/GSM7788nnn/GSM7788981/suppl/GSM7788981_NEPC12PanAR2.bed.gz	
GSM7788982	NEPC3K27R1	NEPC3K27R1	ChIP	cell type: Small cell bladder; chip antibody: H3K27ac		ftp://ftp.ncbi.nlm.nih.gov/geo/samples/GSM7788nnn/GSM7788982/suppl/GSM7788982_NEPC3K27R1.bed.gz	
GSM7788983	NEPC3K4R1	NEPC3K4R1	ChIP	cell type: Small cell bladder; chip antibody: H3K4me3		ftp://ftp.ncbi.nlm.nih.gov/geo/samples/GSM7788nnn/GSM7788983/suppl/GSM7788983_NEPC3K4R1.bed.gz	
GSM7788984	NEPC3K4R2	NEPC3K4R2	ChIP	cell type: Small cell bladder; chip antibody: H3K4me3		ftp://ftp.ncbi.nlm.nih.gov/geo/samples/GSM7788nnn/GSM7788984/suppl/GSM7788984_NEPC3K4R2.bed.gz	
GSM7788985	NEPC3PanAR2	NEPC3PanAR2	ChIP	cell type: Small cell bladder; chip antibody: PanH3ac		ftp://ftp.ncbi.nlm.nih.gov/geo/samples/GSM7788nnn/GSM7788985/suppl/GSM7788985_NEPC3PanAR2.bed.gz	
GSM7788986	NEPC4K27R1	NEPC4K27R1	ChIP	cell type: Prostate; chip antibody: H3K27ac		ftp://ftp.ncbi.nlm.nih.gov/geo/samples/GSM7788nnn/GSM7788986/suppl/GSM7788986_NEPC4K27R1.bed.gz	
GSM7788987	NEPC4K4R1	NEPC4K4R1	ChIP	cell type: Prostate; chip antibody: H3K4me3		ftp://ftp.ncbi.nlm.nih.gov/geo/samples/GSM7788nnn/GSM7788987/suppl/GSM7788987_NEPC4K4R1.bed.gz	
GSM7788988	NEPC4K4R2	NEPC4K4R2	ChIP	cell type: Prostate; chip antibody: H3K4me3		ftp://ftp.ncbi.nlm.nih.gov/geo/samples/GSM7788nnn/GSM7788988/suppl/GSM7788988_NEPC4K4R2.bed.gz	
GSM7788989	NEPC4PanAR2	NEPC4PanAR2	ChIP	cell type: Prostate; chip antibody: PanH3ac		ftp://ftp.ncbi.nlm.nih.gov/geo/samples/GSM7788nnn/GSM7788989/suppl/GSM7788989_NEPC4PanAR2.bed.gz	
GSM7788990	NEPC5K27R1	NEPC5K27R1	ChIP	cell type: Prostate; chip antibody: H3K27ac		ftp://ftp.ncbi.nlm.nih.gov/geo/samples/GSM7788nnn/GSM7788990/suppl/GSM7788990_NEPC5K27R1.bed.gz	
GSM7788991	NEPC5K4R1	NEPC5K4R1	ChIP	cell type: Prostate; chip antibody: H3K4me3		ftp://ftp.ncbi.nlm.nih.gov/geo/samples/GSM7788nnn/GSM7788991/suppl/GSM7788991_NEPC5K4R1.bed.gz	
GSM7788992	NEPC5K4R2	NEPC5K4R2	ChIP	cell type: Prostate; chip antibody: H3K4me3		ftp://ftp.ncbi.nlm.nih.gov/geo/samples/GSM7788nnn/GSM7788992/suppl/GSM7788992_NEPC5K4R2.bed.gz	
GSM7788993	NEPC5PanAR2	NEPC5PanAR2	ChIP	cell type: Prostate; chip antibody: PanH3ac		ftp://ftp.ncbi.nlm.nih.gov/geo/samples/GSM7788nnn/GSM7788993/suppl/GSM7788993_NEPC5PanAR2.bed.gz	
GSM7788994	NEPC6K27R1	NEPC6K27R1	ChIP	cell type: NEPC; chip antibody: H3K27ac		ftp://ftp.ncbi.nlm.nih.gov/geo/samples/GSM7788nnn/GSM7788994/suppl/GSM7788994_NEPC6K27R1.bed.gz	
GSM7788995	NEPC6K4R1	NEPC6K4R1	ChIP	cell type: NEPC; chip antibody: H3K4me3		ftp://ftp.ncbi.nlm.nih.gov/geo/samples/GSM7788nnn/GSM7788995/suppl/GSM7788995_NEPC6K4R1.bed.gz	
GSM7788996	NEPC6K4R2	NEPC6K4R2	ChIP	cell type: NEPC; chip antibody: H3K4me3		ftp://ftp.ncbi.nlm.nih.gov/geo/samples/GSM7788nnn/GSM7788996/suppl/GSM7788996_NEPC6K4R2.bed.gz	
GSM7788997	NEPC6PanAR2	NEPC6PanAR2	ChIP	cell type: NEPC; chip antibody: PanH3ac		ftp://ftp.ncbi.nlm.nih.gov/geo/samples/GSM7788nnn/GSM7788997/suppl/GSM7788997_NEPC6PanAR2.bed.gz	
GSM7788998	NEPC7K27R1	NEPC7K27R1	ChIP	cell type: Prostate; chip antibody: H3K27ac		ftp://ftp.ncbi.nlm.nih.gov/geo/samples/GSM7788nnn/GSM7788998/suppl/GSM7788998_NEPC7K27R1.bed.gz	
GSM7788999	NEPC7K4R1	NEPC7K4R1	ChIP	cell type: Prostate; chip antibody: H3K4me3		ftp://ftp.ncbi.nlm.nih.gov/geo/samples/GSM7788nnn/GSM7788999/suppl/GSM7788999_NEPC7K4R1.bed.gz	
GSM7789000	NEPC7K4R2	NEPC7K4R2	ChIP	cell type: Prostate; chip antibody: H3K4me3		ftp://ftp.ncbi.nlm.nih.gov/geo/samples/GSM7789nnn/GSM7789000/suppl/GSM7789000_NEPC7K4R2.bed.gz	
GSM7789001	NEPC7PanAR2	NEPC7PanAR2	ChIP	cell type: Prostate; chip antibody: PanH3ac		ftp://ftp.ncbi.nlm.nih.gov/geo/samples/GSM7789nnn/GSM7789001/suppl/GSM7789001_NEPC7PanAR2.bed.gz	
GSM7789002	NEPC8K27R1	NEPC8K27R1	ChIP	cell type: Prostate; chip antibody: H3K27ac		ftp://ftp.ncbi.nlm.nih.gov/geo/samples/GSM7789nnn/GSM7789002/suppl/GSM7789002_NEPC8K27R1.bed.gz	
GSM7789003	NEPC8K4R1	NEPC8K4R1	ChIP	cell type: Prostate; chip antibody: H3K4me3		ftp://ftp.ncbi.nlm.nih.gov/geo/samples/GSM7789nnn/GSM7789003/suppl/GSM7789003_NEPC8K4R1.bed.gz	
GSM7789004	NEPC8K4R2	NEPC8K4R2	ChIP	cell type: Prostate; chip antibody: H3K4me3		ftp://ftp.ncbi.nlm.nih.gov/geo/samples/GSM7789nnn/GSM7789004/suppl/GSM7789004_NEPC8K4R2.bed.gz	
GSM7789005	NEPC8PanAR2	NEPC8PanAR2	ChIP	cell type: Prostate; chip antibody: PanH3ac		ftp://ftp.ncbi.nlm.nih.gov/geo/samples/GSM7789nnn/GSM7789005/suppl/GSM7789005_NEPC8PanAR2.bed.gz	
GSM7789006	NEPC9K27R1	NEPC9K27R1	ChIP	cell type: NEPC; chip antibody: H3K27ac		ftp://ftp.ncbi.nlm.nih.gov/geo/samples/GSM7789nnn/GSM7789006/suppl/GSM7789006_NEPC9K27R1.bed.gz	
GSM7789007	NEPC9K4R1	NEPC9K4R1	ChIP	cell type: NEPC; chip antibody: H3K4me3		ftp://ftp.ncbi.nlm.nih.gov/geo/samples/GSM7789nnn/GSM7789007/suppl/GSM7789007_NEPC9K4R1.bed.gz	
GSM7789008	NEPC9K4R2	NEPC9K4R2	ChIP	cell type: NEPC; chip antibody: H3K4me3		ftp://ftp.ncbi.nlm.nih.gov/geo/samples/GSM7789nnn/GSM7789008/suppl/GSM7789008_NEPC9K4R2.bed.gz	
GSM7789009	NEPC9PanAR2	NEPC9PanAR2	ChIP	cell type: NEPC; chip antibody: PanH3ac		ftp://ftp.ncbi.nlm.nih.gov/geo/samples/GSM7789nnn/GSM7789009/suppl/GSM7789009_NEPC9PanAR2.bed.gz	
GSM7789010	NG0013_JS8585_S91	NG0013_JS8585_S91	ChIP	cell type: post_BMT; chip antibody: H3K4me3		ftp://ftp.ncbi.nlm.nih.gov/geo/samples/GSM7789nnn/GSM7789010/suppl/GSM7789010_NG0013_JS8585_S91.bed.gz	
GSM7789011	PC05v040	PC05v040	ChIP	cell type: Prostate; chip antibody: H3K27ac		ftp://ftp.ncbi.nlm.nih.gov/geo/samples/GSM7789nnn/GSM7789011/suppl/GSM7789011_PC05v040.bed.gz	
GSM7789012	PC07v030	PC07v030	ChIP	cell type: Prostate; chip antibody: H3K27ac		ftp://ftp.ncbi.nlm.nih.gov/geo/samples/GSM7789nnn/GSM7789012/suppl/GSM7789012_PC07v030.bed.gz	
GSM7789013	PC07v032	PC07v032	ChIP	cell type: Prostate; chip antibody: H3K27ac		ftp://ftp.ncbi.nlm.nih.gov/geo/samples/GSM7789nnn/GSM7789013/suppl/GSM7789013_PC07v032.bed.gz	
GSM7789014	PC07v038	PC07v038	ChIP	cell type: Prostate; chip antibody: H3K27ac		ftp://ftp.ncbi.nlm.nih.gov/geo/samples/GSM7789nnn/GSM7789014/suppl/GSM7789014_PC07v038.bed.gz	
GSM7789015	PC07v039	PC07v039	ChIP	cell type: Prostate; chip antibody: H3K27ac		ftp://ftp.ncbi.nlm.nih.gov/geo/samples/GSM7789nnn/GSM7789015/suppl/GSM7789015_PC07v039.bed.gz	
GSM7789016	PC07v041	PC07v041	ChIP	cell type: Prostate; chip antibody: H3K27ac		ftp://ftp.ncbi.nlm.nih.gov/geo/samples/GSM7789nnn/GSM7789016/suppl/GSM7789016_PC07v041.bed.gz	
GSM7789017	PC07v043	PC07v043	ChIP	cell type: Prostate; chip antibody: H3K27ac		ftp://ftp.ncbi.nlm.nih.gov/geo/samples/GSM7789nnn/GSM7789017/suppl/GSM7789017_PC07v043.bed.gz	
GSM7789018	PC07v046	PC07v046	ChIP	cell type: Prostate; chip antibody: H3K27ac		ftp://ftp.ncbi.nlm.nih.gov/geo/samples/GSM7789nnn/GSM7789018/suppl/GSM7789018_PC07v046.bed.gz	
GSM7789019	PC31K27ac	PC31K27ac	ChIP	cell type: Prostate; chip antibody: H3K27ac		ftp://ftp.ncbi.nlm.nih.gov/geo/samples/GSM7789nnn/GSM7789019/suppl/GSM7789019_PC31K27ac.bed.gz	
GSM7789020	PC31K4me3	PC31K4me3	ChIP	cell type: Prostate; chip antibody: H3K4me3		ftp://ftp.ncbi.nlm.nih.gov/geo/samples/GSM7789nnn/GSM7789020/suppl/GSM7789020_PC31K4me3.bed.gz	
GSM7789021	PC31Me3R1	PC31Me3R1	ChIP	cell type: Prostate; chip antibody: H3K4me3		ftp://ftp.ncbi.nlm.nih.gov/geo/samples/GSM7789nnn/GSM7789021/suppl/GSM7789021_PC31Me3R1.bed.gz	
GSM7789022	PC32nMe3R1	PC32nMe3R1	ChIP	cell type: Prostate; chip antibody: H3K4me3		ftp://ftp.ncbi.nlm.nih.gov/geo/samples/GSM7789nnn/GSM7789022/suppl/GSM7789022_PC32nMe3R1.bed.gz	
GSM7789023	PC32npAcR2	PC32npAcR2	ChIP	cell type: Prostate; chip antibody: PanH3ac		ftp://ftp.ncbi.nlm.nih.gov/geo/samples/GSM7789nnn/GSM7789023/suppl/GSM7789023_PC32npAcR2.bed.gz	
GSM7789024	PC32oMe3R1	PC32oMe3R1	ChIP	cell type: Prostate; chip antibody: H3K4me3		ftp://ftp.ncbi.nlm.nih.gov/geo/samples/GSM7789nnn/GSM7789024/suppl/GSM7789024_PC32oMe3R1.bed.gz	
GSM7789025	PC36r1Me3R1	PC36r1Me3R1	ChIP	cell type: Prostate; chip antibody: H3K4me3		ftp://ftp.ncbi.nlm.nih.gov/geo/samples/GSM7789nnn/GSM7789025/suppl/GSM7789025_PC36r1Me3R1.bed.gz	
GSM7789026	PC36r2Me3R1	PC36r2Me3R1	ChIP	cell type: Prostate; chip antibody: H3K4me3		ftp://ftp.ncbi.nlm.nih.gov/geo/samples/GSM7789nnn/GSM7789026/suppl/GSM7789026_PC36r2Me3R1.bed.gz	
GSM7789027	PC40K27ac	PC40K27ac	ChIP	cell type: Prostate; chip antibody: H3K27ac		ftp://ftp.ncbi.nlm.nih.gov/geo/samples/GSM7789nnn/GSM7789027/suppl/GSM7789027_PC40K27ac.bed.gz	
GSM7789028	PC40K4me3	PC40K4me3	ChIP	cell type: Prostate; chip antibody: H3K4me3		ftp://ftp.ncbi.nlm.nih.gov/geo/samples/GSM7789nnn/GSM7789028/suppl/GSM7789028_PC40K4me3.bed.gz	
GSM7789029	PC48Me3R1	PC48Me3R1	ChIP	cell type: Prostate; chip antibody: H3K4me3		ftp://ftp.ncbi.nlm.nih.gov/geo/samples/GSM7789nnn/GSM7789029/suppl/GSM7789029_PC48Me3R1.bed.gz	
GSM7789030	PC48pAcR2	PC48pAcR2	ChIP	cell type: Prostate; chip antibody: PanH3ac		ftp://ftp.ncbi.nlm.nih.gov/geo/samples/GSM7789nnn/GSM7789030/suppl/GSM7789030_PC48pAcR2.bed.gz	
GSM7789031	PC53K27ac	PC53K27ac	ChIP	cell type: Prostate; chip antibody: H3K27ac		ftp://ftp.ncbi.nlm.nih.gov/geo/samples/GSM7789nnn/GSM7789031/suppl/GSM7789031_PC53K27ac.bed.gz	
GSM7789032	PC53K4me3	PC53K4me3	ChIP	cell type: Prostate; chip antibody: H3K4me3		ftp://ftp.ncbi.nlm.nih.gov/geo/samples/GSM7789nnn/GSM7789032/suppl/GSM7789032_PC53K4me3.bed.gz	
GSM7789033	PCmlf0059M3R2	PCmlf0059M3R2	ChIP	cell type: Prostate; chip antibody: H3K4me3		ftp://ftp.ncbi.nlm.nih.gov/geo/samples/GSM7789nnn/GSM7789033/suppl/GSM7789033_PCmlf0059M3R2.bed.gz	
GSM7789034	PCmlf021	PCmlf021	ChIP	cell type: Prostate; chip antibody: H3K27ac		ftp://ftp.ncbi.nlm.nih.gov/geo/samples/GSM7789nnn/GSM7789034/suppl/GSM7789034_PCmlf021.bed.gz	
GSM7789035	PCmlf022	PCmlf022	ChIP	cell type: Prostate; chip antibody: H3K27ac		ftp://ftp.ncbi.nlm.nih.gov/geo/samples/GSM7789nnn/GSM7789035/suppl/GSM7789035_PCmlf022.bed.gz	
GSM7789036	PCmlf022PanAC_AbC1ug_JS9371_S43	PCmlf022PanAC_AbC1ug_JS9371_S43	ChIP	cell type: Prostate; chip antibody: PanH3ac		ftp://ftp.ncbi.nlm.nih.gov/geo/samples/GSM7789nnn/GSM7789036/suppl/GSM7789036_PCmlf022PanAC_AbC1ug.bed.gz	
GSM7789037	PCmlf022PanAC_AcM1ug_JS9371_S50	PCmlf022PanAC_AcM1ug_JS9371_S50	ChIP	cell type: Prostate; chip antibody: PanH3ac		ftp://ftp.ncbi.nlm.nih.gov/geo/samples/GSM7789nnn/GSM7789037/suppl/GSM7789037_PCmlf022PanAC_AcM1ug.bed.gz	
GSM7789038	PCmlf038	PCmlf038	ChIP	cell type: Prostate; chip antibody: H3K27ac		ftp://ftp.ncbi.nlm.nih.gov/geo/samples/GSM7789nnn/GSM7789038/suppl/GSM7789038_PCmlf038.bed.gz	
GSM7789039	PCmlf039PanAC_AcM1ug_JS9371_S51	PCmlf039PanAC_AcM1ug_JS9371_S51	ChIP	cell type: Prostate; chip antibody: PanH3ac		ftp://ftp.ncbi.nlm.nih.gov/geo/samples/GSM7789nnn/GSM7789039/suppl/GSM7789039_PCmlf039PanAC_AcM1ug.bed.gz	
GSM7789040	PCmlf040	PCmlf040	ChIP	cell type: Prostate; chip antibody: H3K27ac		ftp://ftp.ncbi.nlm.nih.gov/geo/samples/GSM7789nnn/GSM7789040/suppl/GSM7789040_PCmlf040.bed.gz	
GSM7789041	PCmlf041	PCmlf041	ChIP	cell type: Prostate; chip antibody: H3K27ac		ftp://ftp.ncbi.nlm.nih.gov/geo/samples/GSM7789nnn/GSM7789041/suppl/GSM7789041_PCmlf041.bed.gz	
GSM7789042	PR2514PanR2	PR2514PanR2	ChIP	cell type: Prostate; chip antibody: PanH3ac		ftp://ftp.ncbi.nlm.nih.gov/geo/samples/GSM7789nnn/GSM7789042/suppl/GSM7789042_PR2514PanR2.bed.gz	
GSM7789043	PR2777Me3R1	PR2777Me3R1	ChIP	cell type: Prostate; chip antibody: H3K4me3		ftp://ftp.ncbi.nlm.nih.gov/geo/samples/GSM7789nnn/GSM7789043/suppl/GSM7789043_PR2777Me3R1.bed.gz	
GSM7789044	PR2777PanR2	PR2777PanR2	ChIP	cell type: Prostate; chip antibody: PanH3ac		ftp://ftp.ncbi.nlm.nih.gov/geo/samples/GSM7789nnn/GSM7789044/suppl/GSM7789044_PR2777PanR2.bed.gz	
GSM7789045	PR3294Me3R1	PR3294Me3R1	ChIP	cell type: Prostate; chip antibody: H3K4me3		ftp://ftp.ncbi.nlm.nih.gov/geo/samples/GSM7789nnn/GSM7789045/suppl/GSM7789045_PR3294Me3R1.bed.gz	
GSM7789046	PR3294PanR2	PR3294PanR2	ChIP	cell type: Prostate; chip antibody: PanH3ac		ftp://ftp.ncbi.nlm.nih.gov/geo/samples/GSM7789nnn/GSM7789046/suppl/GSM7789046_PR3294PanR2.bed.gz	
GSM7789047	PRAD3260	PRAD3260	ChIP	cell type: Prostate; chip antibody: H3K4me3		ftp://ftp.ncbi.nlm.nih.gov/geo/samples/GSM7789nnn/GSM7789047/suppl/GSM7789047_PRAD3260.bed.gz	
GSM7789048	PRAD3260_JS8584_S130	PRAD3260_JS8584_S130	ChIP	cell type: Prostate; chip antibody: H3K4me3		ftp://ftp.ncbi.nlm.nih.gov/geo/samples/GSM7789nnn/GSM7789048/suppl/GSM7789048_PRAD3260_JS8584_S130.bed.gz	
GSM7789049	RC170Me3R1	RC170Me3R1	ChIP	cell type: Renal; chip antibody: H3K4me3		ftp://ftp.ncbi.nlm.nih.gov/geo/samples/GSM7789nnn/GSM7789049/suppl/GSM7789049_RC170Me3R1.bed.gz	
GSM7789050	RC170PanR3	RC170PanR3	ChIP	cell type: Renal; chip antibody: PanH3ac		ftp://ftp.ncbi.nlm.nih.gov/geo/samples/GSM7789nnn/GSM7789050/suppl/GSM7789050_RC170PanR3.bed.gz	
GSM7789051	RCcC702Me3R1	RCcC702Me3R1	ChIP	cell type: Renal; chip antibody: H3K4me3		ftp://ftp.ncbi.nlm.nih.gov/geo/samples/GSM7789nnn/GSM7789051/suppl/GSM7789051_RCcC702Me3R1.bed.gz	
GSM7789052	RCcC702PanR2	RCcC702PanR2	ChIP	cell type: Renal; chip antibody: PanH3ac		ftp://ftp.ncbi.nlm.nih.gov/geo/samples/GSM7789nnn/GSM7789052/suppl/GSM7789052_RCcC702PanR2.bed.gz	
GSM7789053	RCh1331Me3R1	RCh1331Me3R1	ChIP	cell type: Renal; chip antibody: H3K4me3		ftp://ftp.ncbi.nlm.nih.gov/geo/samples/GSM7789nnn/GSM7789053/suppl/GSM7789053_RCh1331Me3R1.bed.gz	
GSM7789054	reCRpt257Me3R1	reCRpt257Me3R1	ChIP	cell type: Prostate; chip antibody: H3K4me3		ftp://ftp.ncbi.nlm.nih.gov/geo/samples/GSM7789nnn/GSM7789054/suppl/GSM7789054_reCRpt257Me3R1.bed.gz	
GSM7789055	rePR2777Me3R1	rePR2777Me3R1	ChIP	cell type: Prostate; chip antibody: H3K4me3		ftp://ftp.ncbi.nlm.nih.gov/geo/samples/GSM7789nnn/GSM7789055/suppl/GSM7789055_rePR2777Me3R1.bed.gz	
GSM7789056	reS_K27_AMP28_2	reS_K27_AMP28_2	ChIP	cell type: Colorectal; chip antibody: H3K27ac		ftp://ftp.ncbi.nlm.nih.gov/geo/samples/GSM7789nnn/GSM7789056/suppl/GSM7789056_reS_K27_AMP28_2.bed.gz	
GSM7789057	reS_K27_MGI940_1	reS_K27_MGI940_1	ChIP	cell type: Ovarian; chip antibody: H3K27ac		ftp://ftp.ncbi.nlm.nih.gov/geo/samples/GSM7789nnn/GSM7789057/suppl/GSM7789057_reS_K27_MGI940_1.bed.gz	
GSM7789058	reS_K27_MGI942_1	reS_K27_MGI942_1	ChIP	cell type: Ovarian; chip antibody: H3K27ac		ftp://ftp.ncbi.nlm.nih.gov/geo/samples/GSM7789nnn/GSM7789058/suppl/GSM7789058_reS_K27_MGI942_1.bed.gz	
GSM7789059	reS_K27_PS245_2	reS_K27_PS245_2	ChIP	cell type: NSCLC; chip antibody: H3K27ac		ftp://ftp.ncbi.nlm.nih.gov/geo/samples/GSM7789nnn/GSM7789059/suppl/GSM7789059_reS_K27_PS245_2.bed.gz	
GSM7789060	reS_K27_PS55_2	reS_K27_PS55_2	ChIP	cell type: NSCLC; chip antibody: H3K27ac		ftp://ftp.ncbi.nlm.nih.gov/geo/samples/GSM7789nnn/GSM7789060/suppl/GSM7789060_reS_K27_PS55_2.bed.gz	
GSM7789061	reS_K27_TRHC82_2	reS_K27_TRHC82_2	ChIP	cell type: Hepatocellular; chip antibody: H3K27ac		ftp://ftp.ncbi.nlm.nih.gov/geo/samples/GSM7789nnn/GSM7789061/suppl/GSM7789061_reS_K27_TRHC82_2.bed.gz	
GSM7789062	reS_K4_AMP28_2	reS_K4_AMP28_2	ChIP	cell type: Colorectal; chip antibody: H3K4me3		ftp://ftp.ncbi.nlm.nih.gov/geo/samples/GSM7789nnn/GSM7789062/suppl/GSM7789062_reS_K4_AMP28_2.bed.gz	
GSM7789063	reS_K4_BELI83_2	reS_K4_BELI83_2	ChIP	cell type: Thymic; chip antibody: H3K4me3		ftp://ftp.ncbi.nlm.nih.gov/geo/samples/GSM7789nnn/GSM7789063/suppl/GSM7789063_reS_K4_BELI83_2.bed.gz	
GSM7789064	reS_K4_ISIS21_1	reS_K4_ISIS21_1	ChIP	cell type: Colorectal; chip antibody: H3K4me3		ftp://ftp.ncbi.nlm.nih.gov/geo/samples/GSM7789nnn/GSM7789064/suppl/GSM7789064_reS_K4_ISIS21_1.bed.gz	
GSM7789065	reS_K4_MGI940_1	reS_K4_MGI940_1	ChIP	cell type: Ovarian; chip antibody: H3K4me3		ftp://ftp.ncbi.nlm.nih.gov/geo/samples/GSM7789nnn/GSM7789065/suppl/GSM7789065_reS_K4_MGI940_1.bed.gz	
GSM7789066	reS_K4_MGI942_1	reS_K4_MGI942_1	ChIP	cell type: Ovarian; chip antibody: H3K4me3		ftp://ftp.ncbi.nlm.nih.gov/geo/samples/GSM7789nnn/GSM7789066/suppl/GSM7789066_reS_K4_MGI942_1.bed.gz	
GSM7789067	reS_K4_SMAC23_2	reS_K4_SMAC23_2	ChIP	cell type: Ovarian; chip antibody: H3K4me3		ftp://ftp.ncbi.nlm.nih.gov/geo/samples/GSM7789nnn/GSM7789067/suppl/GSM7789067_reS_K4_SMAC23_2.bed.gz	
GSM7789068	reS_K4_TRC42_1	reS_K4_TRC42_1	ChIP	cell type: Prostate; chip antibody: H3K4me3		ftp://ftp.ncbi.nlm.nih.gov/geo/samples/GSM7789nnn/GSM7789068/suppl/GSM7789068_reS_K4_TRC42_1.bed.gz	
GSM7789069	reS_K4_TRHC82_2	reS_K4_TRHC82_2	ChIP	cell type: Hepatocellular; chip antibody: H3K4me3		ftp://ftp.ncbi.nlm.nih.gov/geo/samples/GSM7789nnn/GSM7789069/suppl/GSM7789069_reS_K4_TRHC82_2.bed.gz	
GSM7789070	rGL09828K4R2	rGL09828K4R2	ChIP	cell type: Glioma; chip antibody: H3K4me3		ftp://ftp.ncbi.nlm.nih.gov/geo/samples/GSM7789nnn/GSM7789070/suppl/GSM7789070_rGL09828K4R2.bed.gz	
GSM7789071	rGL10261K4R2	rGL10261K4R2	ChIP	cell type: Glioma; chip antibody: H3K4me3		ftp://ftp.ncbi.nlm.nih.gov/geo/samples/GSM7789nnn/GSM7789071/suppl/GSM7789071_rGL10261K4R2.bed.gz	
GSM7789072	rLC09Me3R1	rLC09Me3R1	ChIP	cell type: SCLC; chip antibody: H3K4me3		ftp://ftp.ncbi.nlm.nih.gov/geo/samples/GSM7789nnn/GSM7789072/suppl/GSM7789072_rLC09Me3R1.bed.gz	
GSM7789073	rLC29Me3R1	rLC29Me3R1	ChIP	cell type: SCLC; chip antibody: H3K4me3		ftp://ftp.ncbi.nlm.nih.gov/geo/samples/GSM7789nnn/GSM7789073/suppl/GSM7789073_rLC29Me3R1.bed.gz	
GSM7789074	rPC31Me3R1	rPC31Me3R1	ChIP	cell type: Prostate; chip antibody: H3K4me3		ftp://ftp.ncbi.nlm.nih.gov/geo/samples/GSM7789nnn/GSM7789074/suppl/GSM7789074_rPC31Me3R1.bed.gz	
GSM7789075	tCG0011	tCG0011	ChIP	cell type: post_BMT; chip antibody: H3K4me3		ftp://ftp.ncbi.nlm.nih.gov/geo/samples/GSM7789nnn/GSM7789075/suppl/GSM7789075_tCG0011.bed.gz	
GSM7789076	tCG0011_JS8584_S134	tCG0011_JS8584_S134	ChIP	cell type: post_BMT; chip antibody: H3K4me3		ftp://ftp.ncbi.nlm.nih.gov/geo/samples/GSM7789nnn/GSM7789076/suppl/GSM7789076_tCG0011_JS8584_S134.bed.gz	
GSM7789077	tCG0028	tCG0028	ChIP	cell type: post_BMT; chip antibody: H3K4me3		ftp://ftp.ncbi.nlm.nih.gov/geo/samples/GSM7789nnn/GSM7789077/suppl/GSM7789077_tCG0028.bed.gz	
GSM7789078	tCG0046	tCG0046	ChIP	cell type: post_BMT; chip antibody: H3K4me3		ftp://ftp.ncbi.nlm.nih.gov/geo/samples/GSM7789nnn/GSM7789078/suppl/GSM7789078_tCG0046.bed.gz	
GSM7789079	tCG0046_JS8584_S135	tCG0046_JS8584_S135	ChIP	cell type: post_BMT; chip antibody: H3K4me3		ftp://ftp.ncbi.nlm.nih.gov/geo/samples/GSM7789nnn/GSM7789079/suppl/GSM7789079_tCG0046_JS8584_S135.bed.gz	
GSM7789080	TEZ_PC_33_Sample1_JS8960_S97	TEZ_PC_33_Sample1_JS8960_S97	ChIP	cell type: Prostate; chip antibody: H3K4me3		ftp://ftp.ncbi.nlm.nih.gov/geo/samples/GSM7789nnn/GSM7789080/suppl/GSM7789080_TEZ_PC_33_Sample1_JS.bed.gz	
GSM7789081	TEZ_PC_33_Sample2_JS8960_S98	TEZ_PC_33_Sample2_JS8960_S98	ChIP	cell type: Prostate; chip antibody: H3K4me3		ftp://ftp.ncbi.nlm.nih.gov/geo/samples/GSM7789nnn/GSM7789081/suppl/GSM7789081_TEZ_PC_33_Sample2_JS.bed.gz	
GSM7789082	TEZ_PC_38_JS9177_S34	TEZ_PC_38_JS9177_S34	ChIP	cell type: Prostate; chip antibody: H3K4me3		ftp://ftp.ncbi.nlm.nih.gov/geo/samples/GSM7789nnn/GSM7789082/suppl/GSM7789082_TEZ_PC_38_JS9177_S34.bed.gz	
GSM7789083	TEZ_PC_39_JS9177_S35	TEZ_PC_39_JS9177_S35	ChIP	cell type: Prostate; chip antibody: H3K4me3		ftp://ftp.ncbi.nlm.nih.gov/geo/samples/GSM7789nnn/GSM7789083/suppl/GSM7789083_TEZ_PC_39_JS9177_S35.bed.gz	
GSM7789084	TEZ_PC_40_JS9177_S36	TEZ_PC_40_JS9177_S36	ChIP	cell type: Prostate; chip antibody: H3K4me3		ftp://ftp.ncbi.nlm.nih.gov/geo/samples/GSM7789nnn/GSM7789084/suppl/GSM7789084_TEZ_PC_40_JS9177_S36.bed.gz	
GSM7789085	TEZ_PC_41_JS9177_S37	TEZ_PC_41_JS9177_S37	ChIP	cell type: Prostate; chip antibody: H3K4me3		ftp://ftp.ncbi.nlm.nih.gov/geo/samples/GSM7789nnn/GSM7789085/suppl/GSM7789085_TEZ_PC_41_JS9177_S37.bed.gz	
GSM7789086	TEZ_PC_42_JS9177_S38	TEZ_PC_42_JS9177_S38	ChIP	cell type: Prostate; chip antibody: H3K4me3		ftp://ftp.ncbi.nlm.nih.gov/geo/samples/GSM7789nnn/GSM7789086/suppl/GSM7789086_TEZ_PC_42_JS9177_S38.bed.gz	
GSM7789087	TEZ_PC_43_JS9177_S39	TEZ_PC_43_JS9177_S39	ChIP	cell type: Prostate; chip antibody: H3K4me3		ftp://ftp.ncbi.nlm.nih.gov/geo/samples/GSM7789nnn/GSM7789087/suppl/GSM7789087_TEZ_PC_43_JS9177_S39.bed.gz	
GSM7789088	TEZ_PC_44_JS9177_S40	TEZ_PC_44_JS9177_S40	ChIP	cell type: Prostate; chip antibody: H3K4me3		ftp://ftp.ncbi.nlm.nih.gov/geo/samples/GSM7789nnn/GSM7789088/suppl/GSM7789088_TEZ_PC_44_JS9177_S40.bed.gz	
GSM7789089	TEZ_PC_45_JS9177_S41	TEZ_PC_45_JS9177_S41	ChIP	cell type: Prostate; chip antibody: H3K4me3		ftp://ftp.ncbi.nlm.nih.gov/geo/samples/GSM7789nnn/GSM7789089/suppl/GSM7789089_TEZ_PC_45_JS9177_S41.bed.gz	
GSM7789090	TEZ_PC_46_JS9177_S42	TEZ_PC_46_JS9177_S42	ChIP	cell type: Prostate; chip antibody: H3K4me3		ftp://ftp.ncbi.nlm.nih.gov/geo/samples/GSM7789nnn/GSM7789090/suppl/GSM7789090_TEZ_PC_46_JS9177_S42.bed.gz	
GSM7789091	TfM10mP31	TfM10mP31	ChIP	cell type: Prostate; chip antibody: H3K4me3		ftp://ftp.ncbi.nlm.nih.gov/geo/samples/GSM7789nnn/GSM7789091/suppl/GSM7789091_TfM10mP31.bed.gz	
GSM7789092	TfM3mP22	TfM3mP22	ChIP	cell type: Prostate; chip antibody: H3K4me3		ftp://ftp.ncbi.nlm.nih.gov/geo/samples/GSM7789nnn/GSM7789092/suppl/GSM7789092_TfM3mP22.bed.gz	
GSM7789093	TfM3mP32	TfM3mP32	ChIP	cell type: Prostate; chip antibody: H3K4me3		ftp://ftp.ncbi.nlm.nih.gov/geo/samples/GSM7789nnn/GSM7789093/suppl/GSM7789093_TfM3mP32.bed.gz	
GSM7789094	TfM3mP33	TfM3mP33	ChIP	cell type: Prostate; chip antibody: H3K4me3		ftp://ftp.ncbi.nlm.nih.gov/geo/samples/GSM7789nnn/GSM7789094/suppl/GSM7789094_TfM3mP33.bed.gz	
GSM7789095	TfM3mP34	TfM3mP34	ChIP	cell type: Prostate; chip antibody: H3K4me3		ftp://ftp.ncbi.nlm.nih.gov/geo/samples/GSM7789nnn/GSM7789095/suppl/GSM7789095_TfM3mP34.bed.gz	
GSM7789096	TfM3mP35	TfM3mP35	ChIP	cell type: Prostate; chip antibody: H3K4me3		ftp://ftp.ncbi.nlm.nih.gov/geo/samples/GSM7789nnn/GSM7789096/suppl/GSM7789096_TfM3mP35.bed.gz	
GSM7789097	TfM4mP23	TfM4mP23	ChIP	cell type: Prostate; chip antibody: H3K4me3		ftp://ftp.ncbi.nlm.nih.gov/geo/samples/GSM7789nnn/GSM7789097/suppl/GSM7789097_TfM4mP23.bed.gz	
GSM7789098	TfM5mP24	TfM5mP24	ChIP	cell type: Prostate; chip antibody: H3K4me3		ftp://ftp.ncbi.nlm.nih.gov/geo/samples/GSM7789nnn/GSM7789098/suppl/GSM7789098_TfM5mP24.bed.gz	
GSM7789099	TfM6mP26	TfM6mP26	ChIP	cell type: Prostate; chip antibody: H3K4me3		ftp://ftp.ncbi.nlm.nih.gov/geo/samples/GSM7789nnn/GSM7789099/suppl/GSM7789099_TfM6mP26.bed.gz	
GSM7789100	TfM7mP27	TfM7mP27	ChIP	cell type: Prostate; chip antibody: H3K4me3		ftp://ftp.ncbi.nlm.nih.gov/geo/samples/GSM7789nnn/GSM7789100/suppl/GSM7789100_TfM7mP27.bed.gz	
GSM7789101	TfM8mP28	TfM8mP28	ChIP	cell type: Prostate; chip antibody: H3K4me3		ftp://ftp.ncbi.nlm.nih.gov/geo/samples/GSM7789nnn/GSM7789101/suppl/GSM7789101_TfM8mP28.bed.gz	
GSM7789102	TfM9mP29	TfM9mP29	ChIP	cell type: Prostate; chip antibody: H3K4me3		ftp://ftp.ncbi.nlm.nih.gov/geo/samples/GSM7789nnn/GSM7789102/suppl/GSM7789102_TfM9mP29.bed.gz	
GSM7789103	tFMCG106_JS8585_S84	tFMCG106_JS8585_S84	ChIP	cell type: post_BMT; chip antibody: H3K4me3		ftp://ftp.ncbi.nlm.nih.gov/geo/samples/GSM7789nnn/GSM7789103/suppl/GSM7789103_tFMCG106_JS8585_S84.bed.gz	
GSM7789104	tFMCG181	tFMCG181	ChIP	cell type: post_BMT; chip antibody: H3K4me3		ftp://ftp.ncbi.nlm.nih.gov/geo/samples/GSM7789nnn/GSM7789104/suppl/GSM7789104_tFMCG181.bed.gz	
GSM7789105	tFMCG189_JS8585_S85	tFMCG189_JS8585_S85	ChIP	cell type: post_BMT; chip antibody: H3K4me3		ftp://ftp.ncbi.nlm.nih.gov/geo/samples/GSM7789nnn/GSM7789105/suppl/GSM7789105_tFMCG189_JS8585_S85.bed.gz	
GSM7789106	tFMNG0181_JS8584_S137	tFMNG0181_JS8584_S137	ChIP	cell type: post_BMT; chip antibody: H3K4me3		ftp://ftp.ncbi.nlm.nih.gov/geo/samples/GSM7789nnn/GSM7789106/suppl/GSM7789106_tFMNG0181_JS8584_S137.bed.gz	
GSM7789107	tFMNG181	tFMNG181	ChIP	cell type: post_BMT; chip antibody: H3K4me3		ftp://ftp.ncbi.nlm.nih.gov/geo/samples/GSM7789nnn/GSM7789107/suppl/GSM7789107_tFMNG181.bed.gz	
GSM7789108	TherF_metPC_22_JS8753_S98	TherF_metPC_22_JS8753_S98	ChIP	cell type: Prostate; chip antibody: H3K4me3		ftp://ftp.ncbi.nlm.nih.gov/geo/samples/GSM7789nnn/GSM7789108/suppl/GSM7789108_TherF_metPC_22_JS875.bed.gz	
GSM7789109	TherF_metPC_23_JS8753_S99	TherF_metPC_23_JS8753_S99	ChIP	cell type: Prostate; chip antibody: H3K4me3		ftp://ftp.ncbi.nlm.nih.gov/geo/samples/GSM7789nnn/GSM7789109/suppl/GSM7789109_TherF_metPC_23_JS875.bed.gz	
GSM7789110	TherF_metPC_24_JS8753_S100	TherF_metPC_24_JS8753_S100	ChIP	cell type: Prostate; chip antibody: H3K4me3		ftp://ftp.ncbi.nlm.nih.gov/geo/samples/GSM7789nnn/GSM7789110/suppl/GSM7789110_TherF_metPC_24_JS875.bed.gz	
GSM7789111	TherF_metPC_26_JS8753_S101	TherF_metPC_26_JS8753_S101	ChIP	cell type: Prostate; chip antibody: H3K4me3		ftp://ftp.ncbi.nlm.nih.gov/geo/samples/GSM7789nnn/GSM7789111/suppl/GSM7789111_TherF_metPC_26_JS875.bed.gz	
GSM7789112	TherF_metPC_27_JS8753_S102	TherF_metPC_27_JS8753_S102	ChIP	cell type: Prostate; chip antibody: H3K4me3		ftp://ftp.ncbi.nlm.nih.gov/geo/samples/GSM7789nnn/GSM7789112/suppl/GSM7789112_TherF_metPC_27_JS875.bed.gz	
GSM7789113	TherF_metPC_28_JS8753_S103	TherF_metPC_28_JS8753_S103	ChIP	cell type: Prostate; chip antibody: H3K4me3		ftp://ftp.ncbi.nlm.nih.gov/geo/samples/GSM7789nnn/GSM7789113/suppl/GSM7789113_TherF_metPC_28_JS875.bed.gz	
GSM7789114	TherF_metPC_29_JS8753_S104	TherF_metPC_29_JS8753_S104	ChIP	cell type: Prostate; chip antibody: H3K4me3		ftp://ftp.ncbi.nlm.nih.gov/geo/samples/GSM7789nnn/GSM7789114/suppl/GSM7789114_TherF_metPC_29_JS875.bed.gz	
GSM7789115	TherF_metPC_31_JS8753_S105	TherF_metPC_31_JS8753_S105	ChIP	cell type: Prostate; chip antibody: H3K4me3		ftp://ftp.ncbi.nlm.nih.gov/geo/samples/GSM7789nnn/GSM7789115/suppl/GSM7789115_TherF_metPC_31_JS875.bed.gz	
GSM7789116	TherF_metPC_32_JS8753_S106	TherF_metPC_32_JS8753_S106	ChIP	cell type: Prostate; chip antibody: H3K4me3		ftp://ftp.ncbi.nlm.nih.gov/geo/samples/GSM7789nnn/GSM7789116/suppl/GSM7789116_TherF_metPC_32_JS875.bed.gz	
GSM7789117	TherF_metPC_33_JS8753_S107	TherF_metPC_33_JS8753_S107	ChIP	cell type: Prostate; chip antibody: H3K4me3		ftp://ftp.ncbi.nlm.nih.gov/geo/samples/GSM7789nnn/GSM7789117/suppl/GSM7789117_TherF_metPC_33_JS875.bed.gz	
GSM7789118	TherF_metPC_34_JS8753_S108	TherF_metPC_34_JS8753_S108	ChIP	cell type: Prostate; chip antibody: H3K4me3		ftp://ftp.ncbi.nlm.nih.gov/geo/samples/GSM7789nnn/GSM7789118/suppl/GSM7789118_TherF_metPC_34_JS875.bed.gz	
GSM7789119	TherF_metPC_35_JS8753_S109	TherF_metPC_35_JS8753_S109	ChIP	cell type: Prostate; chip antibody: H3K4me3		ftp://ftp.ncbi.nlm.nih.gov/geo/samples/GSM7789nnn/GSM7789119/suppl/GSM7789119_TherF_metPC_35_JS875.bed.gz	
GSM7789120	tHP098228K4	tHP098228K4	ChIP	cell type: Healthy; chip antibody: H3K4me3		ftp://ftp.ncbi.nlm.nih.gov/geo/samples/GSM7789nnn/GSM7789120/suppl/GSM7789120_tHP098228K4.bed.gz	
GSM7789121	tLC21Ac	tLC21Ac	ChIP	cell type: NSCLC; chip antibody: PanH3ac		ftp://ftp.ncbi.nlm.nih.gov/geo/samples/GSM7789nnn/GSM7789121/suppl/GSM7789121_tLC21Ac.bed.gz	
GSM7789122	tLC21K4	tLC21K4	ChIP	cell type: NSCLC; chip antibody: H3K4me3		ftp://ftp.ncbi.nlm.nih.gov/geo/samples/GSM7789nnn/GSM7789122/suppl/GSM7789122_tLC21K4.bed.gz	
GSM7789123	tLC29K4	tLC29K4	ChIP	cell type: SCLC; chip antibody: H3K4me3		ftp://ftp.ncbi.nlm.nih.gov/geo/samples/GSM7789nnn/GSM7789123/suppl/GSM7789123_tLC29K4.bed.gz	
GSM7789124	tM1K4	tM1K4	ChIP	cell type: Melanoma; chip antibody: H3K4me3		ftp://ftp.ncbi.nlm.nih.gov/geo/samples/GSM7789nnn/GSM7789124/suppl/GSM7789124_tM1K4.bed.gz	
GSM7789125	tM2K4	tM2K4	ChIP	cell type: Melanoma; chip antibody: H3K4me3		ftp://ftp.ncbi.nlm.nih.gov/geo/samples/GSM7789nnn/GSM7789125/suppl/GSM7789125_tM2K4.bed.gz	
GSM7789126	tNG0050	tNG0050	ChIP	cell type: post_BMT; chip antibody: H3K4me3		ftp://ftp.ncbi.nlm.nih.gov/geo/samples/GSM7789nnn/GSM7789126/suppl/GSM7789126_tNG0050.bed.gz	
GSM7789127	tNG0050_JS8584_S141	tNG0050_JS8584_S141	ChIP	cell type: post_BMT; chip antibody: H3K4me3		ftp://ftp.ncbi.nlm.nih.gov/geo/samples/GSM7789nnn/GSM7789127/suppl/GSM7789127_tNG0050_JS8584_S141.bed.gz	
GSM7789128	tNG0065	tNG0065	ChIP	cell type: post_BMT; chip antibody: H3K4me3		ftp://ftp.ncbi.nlm.nih.gov/geo/samples/GSM7789nnn/GSM7789128/suppl/GSM7789128_tNG0065.bed.gz	
GSM7789129	tNG0065_JS8584_S138	tNG0065_JS8584_S138	ChIP	cell type: post_BMT; chip antibody: H3K4me3		ftp://ftp.ncbi.nlm.nih.gov/geo/samples/GSM7789nnn/GSM7789129/suppl/GSM7789129_tNG0065_JS8584_S138.bed.gz	
GSM7789130	tNG0083	tNG0083	ChIP	cell type: post_BMT; chip antibody: H3K4me3		ftp://ftp.ncbi.nlm.nih.gov/geo/samples/GSM7789nnn/GSM7789130/suppl/GSM7789130_tNG0083.bed.gz	
GSM7789131	tNG0083_JS8584_S139	tNG0083_JS8584_S139	ChIP	cell type: post_BMT; chip antibody: H3K4me3		ftp://ftp.ncbi.nlm.nih.gov/geo/samples/GSM7789nnn/GSM7789131/suppl/GSM7789131_tNG0083_JS8584_S139.bed.gz	
GSM7789132	tPC40Ac	tPC40Ac	ChIP	cell type: Prostate; chip antibody: PanH3ac		ftp://ftp.ncbi.nlm.nih.gov/geo/samples/GSM7789nnn/GSM7789132/suppl/GSM7789132_tPC40Ac.bed.gz	
GSM7789133	tPC40K4	tPC40K4	ChIP	cell type: Prostate; chip antibody: H3K4me3		ftp://ftp.ncbi.nlm.nih.gov/geo/samples/GSM7789nnn/GSM7789133/suppl/GSM7789133_tPC40K4.bed.gz	
GSM7789134	wAMP11_2	wAMP11_2	ChIP	cell type: Colorectal; chip antibody: LPWGS		ftp://ftp.ncbi.nlm.nih.gov/geo/samples/GSM7789nnn/GSM7789134/suppl/GSM7789134_wAMP11_2.bed.gz	
GSM7789135	wAMP13_2	wAMP13_2	ChIP	cell type: Colorectal; chip antibody: LPWGS		ftp://ftp.ncbi.nlm.nih.gov/geo/samples/GSM7789nnn/GSM7789135/suppl/GSM7789135_wAMP13_2.bed.gz	
GSM7789136	wAMP16_2	wAMP16_2	ChIP	cell type: Colorectal; chip antibody: LPWGS		ftp://ftp.ncbi.nlm.nih.gov/geo/samples/GSM7789nnn/GSM7789136/suppl/GSM7789136_wAMP16_2.bed.gz	
GSM7789137	wAMP20_2	wAMP20_2	ChIP	cell type: Colorectal; chip antibody: LPWGS		ftp://ftp.ncbi.nlm.nih.gov/geo/samples/GSM7789nnn/GSM7789137/suppl/GSM7789137_wAMP20_2.bed.gz	
GSM7789138	wAMP28_2	wAMP28_2	ChIP	cell type: Colorectal; chip antibody: LPWGS		ftp://ftp.ncbi.nlm.nih.gov/geo/samples/GSM7789nnn/GSM7789138/suppl/GSM7789138_wAMP28_2.bed.gz	
GSM7789139	wAMP31_2	wAMP31_2	ChIP	cell type: Colorectal; chip antibody: LPWGS		ftp://ftp.ncbi.nlm.nih.gov/geo/samples/GSM7789nnn/GSM7789139/suppl/GSM7789139_wAMP31_2.bed.gz	
GSM7789140	wBELC83_2	wBELC83_2	ChIP	cell type: Thymic; chip antibody: LPWGS		ftp://ftp.ncbi.nlm.nih.gov/geo/samples/GSM7789nnn/GSM7789140/suppl/GSM7789140_wBELC83_2.bed.gz	
GSM7789141	wBELI56_2	wBELI56_2	ChIP	cell type: Thymic; chip antibody: LPWGS		ftp://ftp.ncbi.nlm.nih.gov/geo/samples/GSM7789nnn/GSM7789141/suppl/GSM7789141_wBELI56_2.bed.gz	
GSM7789142	wBELI64_2	wBELI64_2	ChIP	cell type: Thymic; chip antibody: LPWGS		ftp://ftp.ncbi.nlm.nih.gov/geo/samples/GSM7789nnn/GSM7789142/suppl/GSM7789142_wBELI64_2.bed.gz	
GSM7789143	wBELI68_2	wBELI68_2	ChIP	cell type: Thymic; chip antibody: LPWGS		ftp://ftp.ncbi.nlm.nih.gov/geo/samples/GSM7789nnn/GSM7789143/suppl/GSM7789143_wBELI68_2.bed.gz	
GSM7789144	wBELI70_2	wBELI70_2	ChIP	cell type: Thymic; chip antibody: LPWGS		ftp://ftp.ncbi.nlm.nih.gov/geo/samples/GSM7789nnn/GSM7789144/suppl/GSM7789144_wBELI70_2.bed.gz	
GSM7789145	wBELI74_2	wBELI74_2	ChIP	cell type: Thymic; chip antibody: LPWGS		ftp://ftp.ncbi.nlm.nih.gov/geo/samples/GSM7789nnn/GSM7789145/suppl/GSM7789145_wBELI74_2.bed.gz	
GSM7789146	wBELI82_2	wBELI82_2	ChIP	cell type: Thymic; chip antibody: LPWGS		ftp://ftp.ncbi.nlm.nih.gov/geo/samples/GSM7789nnn/GSM7789146/suppl/GSM7789146_wBELI82_2.bed.gz	
GSM7789147	wBMS4_2	wBMS4_2	ChIP	cell type: Renal; chip antibody: LPWGS		ftp://ftp.ncbi.nlm.nih.gov/geo/samples/GSM7789nnn/GSM7789147/suppl/GSM7789147_wBMS4_2.bed.gz	
GSM7789148	wBMS7_2	wBMS7_2	ChIP	cell type: Renal; chip antibody: LPWGS		ftp://ftp.ncbi.nlm.nih.gov/geo/samples/GSM7789nnn/GSM7789148/suppl/GSM7789148_wBMS7_2.bed.gz	
GSM7789149	WCRpr070	WCRpr070	ChIP	cell type: Prostate; chip antibody: LPWGS		ftp://ftp.ncbi.nlm.nih.gov/geo/samples/GSM7789nnn/GSM7789149/suppl/GSM7789149_WCRpr070.bed.gz	
GSM7789150	WCRpr257b	WCRpr257	ChIP	cell type: Prostate; chip antibody: LPWGS		ftp://ftp.ncbi.nlm.nih.gov/geo/samples/GSM7789nnn/GSM7789150/suppl/GSM7789150_WCRpr257b.bed.gz	
GSM7789151	WCRpr436	WCRpr436	ChIP	cell type: Prostate; chip antibody: LPWGS		ftp://ftp.ncbi.nlm.nih.gov/geo/samples/GSM7789nnn/GSM7789151/suppl/GSM7789151_WCRpr436.bed.gz	
GSM7789152	WCRpr749	WCRpr749	ChIP	cell type: Prostate; chip antibody: LPWGS		ftp://ftp.ncbi.nlm.nih.gov/geo/samples/GSM7789nnn/GSM7789152/suppl/GSM7789152_WCRpr749.bed.gz	
GSM7789153	WCRpr987	WCRpr987	ChIP	cell type: Prostate; chip antibody: LPWGS		ftp://ftp.ncbi.nlm.nih.gov/geo/samples/GSM7789nnn/GSM7789153/suppl/GSM7789153_WCRpr987.bed.gz	
GSM7789154	WCRpt070	WCRpt070	ChIP	cell type: Prostate; chip antibody: LPWGS		ftp://ftp.ncbi.nlm.nih.gov/geo/samples/GSM7789nnn/GSM7789154/suppl/GSM7789154_WCRpt070.bed.gz	
GSM7789155	WCRpt436	WCRpt436	ChIP	cell type: Prostate; chip antibody: LPWGS		ftp://ftp.ncbi.nlm.nih.gov/geo/samples/GSM7789nnn/GSM7789155/suppl/GSM7789155_WCRpt436.bed.gz	
GSM7789156	wEZJFG_TF	wEZJFG_TF	ChIP	cell type: Breast; chip antibody: LPWGS		ftp://ftp.ncbi.nlm.nih.gov/geo/samples/GSM7789nnn/GSM7789156/suppl/GSM7789156_wEZJFG_TF.bed.gz	
GSM7789157	WGPC54	WGPC54	ChIP	cell type: Prostate; chip antibody: LPWGS		ftp://ftp.ncbi.nlm.nih.gov/geo/samples/GSM7789nnn/GSM7789157/suppl/GSM7789157_WGPC54.bed.gz	
GSM7789158	WH30642	WH30642	ChIP	cell type: Healthy; chip antibody: LPWGS		ftp://ftp.ncbi.nlm.nih.gov/geo/samples/GSM7789nnn/GSM7789158/suppl/GSM7789158_WH30642.bed.gz	
GSM7789159	WH34881	WH34881	ChIP	cell type: Healthy; chip antibody: LPWGS		ftp://ftp.ncbi.nlm.nih.gov/geo/samples/GSM7789nnn/GSM7789159/suppl/GSM7789159_WH34881.bed.gz	
GSM7789160	WH56703	WH56703	ChIP	cell type: Healthy; chip antibody: LPWGS		ftp://ftp.ncbi.nlm.nih.gov/geo/samples/GSM7789nnn/GSM7789160/suppl/GSM7789160_WH56703.bed.gz	
GSM7789161	wH5UBF_TF	wH5UBF_TF	ChIP	cell type: Breast; chip antibody: LPWGS		ftp://ftp.ncbi.nlm.nih.gov/geo/samples/GSM7789nnn/GSM7789161/suppl/GSM7789161_wH5UBF_TF.bed.gz	
GSM7789162	WH98228	WH98228	ChIP	cell type: Healthy; chip antibody: LPWGS		ftp://ftp.ncbi.nlm.nih.gov/geo/samples/GSM7789nnn/GSM7789162/suppl/GSM7789162_WH98228.bed.gz	
GSM7789163	WHP140197	WHP140197	ChIP	cell type: Healthy; chip antibody: LPWGS		ftp://ftp.ncbi.nlm.nih.gov/geo/samples/GSM7789nnn/GSM7789163/suppl/GSM7789163_WHP140197.bed.gz	
GSM7789164	WHPC53	WHPC53	ChIP	cell type: Prostate; chip antibody: LPWGS		ftp://ftp.ncbi.nlm.nih.gov/geo/samples/GSM7789nnn/GSM7789164/suppl/GSM7789164_WHPC53.bed.gz	
GSM7789165	WHPC54	WHPC54	ChIP	cell type: Prostate; chip antibody: LPWGS		ftp://ftp.ncbi.nlm.nih.gov/geo/samples/GSM7789nnn/GSM7789165/suppl/GSM7789165_WHPC54.bed.gz	
GSM7789166	wHU30E_TF	wHU30E_TF	ChIP	cell type: Breast; chip antibody: LPWGS		ftp://ftp.ncbi.nlm.nih.gov/geo/samples/GSM7789nnn/GSM7789166/suppl/GSM7789166_wHU30E_TF.bed.gz	
GSM7789167	wIGFSE_TF	wIGFSE_TF	ChIP	cell type: Breast; chip antibody: LPWGS		ftp://ftp.ncbi.nlm.nih.gov/geo/samples/GSM7789nnn/GSM7789167/suppl/GSM7789167_wIGFSE_TF.bed.gz	
GSM7789168	wISIS109_1	wISIS109_1	ChIP	cell type: Colorectal; chip antibody: LPWGS		ftp://ftp.ncbi.nlm.nih.gov/geo/samples/GSM7789nnn/GSM7789168/suppl/GSM7789168_wISIS109_1.bed.gz	
GSM7789169	wISIS13_1	wISIS13_1	ChIP	cell type: Colorectal; chip antibody: LPWGS		ftp://ftp.ncbi.nlm.nih.gov/geo/samples/GSM7789nnn/GSM7789169/suppl/GSM7789169_wISIS13_1.bed.gz	
GSM7789170	wISIS21_2	wISIS21_2	ChIP	cell type: Colorectal; chip antibody: LPWGS		ftp://ftp.ncbi.nlm.nih.gov/geo/samples/GSM7789nnn/GSM7789170/suppl/GSM7789170_wISIS21_2.bed.gz	
GSM7789171	wISIS32_1	wISIS32_1	ChIP	cell type: Colorectal; chip antibody: LPWGS		ftp://ftp.ncbi.nlm.nih.gov/geo/samples/GSM7789nnn/GSM7789171/suppl/GSM7789171_wISIS32_1.bed.gz	
GSM7789172	wISIS90_1	wISIS90_1	ChIP	cell type: Colorectal; chip antibody: LPWGS		ftp://ftp.ncbi.nlm.nih.gov/geo/samples/GSM7789nnn/GSM7789172/suppl/GSM7789172_wISIS90_1.bed.gz	
GSM7789173	wL8WWS_TF	wL8WWS_TF	ChIP	cell type: Breast; chip antibody: LPWGS		ftp://ftp.ncbi.nlm.nih.gov/geo/samples/GSM7789nnn/GSM7789173/suppl/GSM7789173_wL8WWS_TF.bed.gz	
GSM7789174	WLC01	WLC01	ChIP	cell type: NSCLC; chip antibody: LPWGS		ftp://ftp.ncbi.nlm.nih.gov/geo/samples/GSM7789nnn/GSM7789174/suppl/GSM7789174_WLC01.bed.gz	
GSM7789175	WLC02	WLC02	ChIP	cell type: NSCLC; chip antibody: LPWGS		ftp://ftp.ncbi.nlm.nih.gov/geo/samples/GSM7789nnn/GSM7789175/suppl/GSM7789175_WLC02.bed.gz	
GSM7789176	WLC04	WLC04	ChIP	cell type: NSCLC; chip antibody: LPWGS		ftp://ftp.ncbi.nlm.nih.gov/geo/samples/GSM7789nnn/GSM7789176/suppl/GSM7789176_WLC04.bed.gz	
GSM7789177	WLC05	WLC05	ChIP	cell type: NSCLC; chip antibody: LPWGS		ftp://ftp.ncbi.nlm.nih.gov/geo/samples/GSM7789nnn/GSM7789177/suppl/GSM7789177_WLC05.bed.gz	
GSM7789178	WLC07	WLC07	ChIP	cell type: NSCLC; chip antibody: LPWGS		ftp://ftp.ncbi.nlm.nih.gov/geo/samples/GSM7789nnn/GSM7789178/suppl/GSM7789178_WLC07.bed.gz	
GSM7789179	WLC08	WLC08	ChIP	cell type: NSCLC; chip antibody: LPWGS		ftp://ftp.ncbi.nlm.nih.gov/geo/samples/GSM7789nnn/GSM7789179/suppl/GSM7789179_WLC08.bed.gz	
GSM7789180	WLC09	WLC09	ChIP	cell type: SCLC; chip antibody: LPWGS		ftp://ftp.ncbi.nlm.nih.gov/geo/samples/GSM7789nnn/GSM7789180/suppl/GSM7789180_WLC09.bed.gz	
GSM7789181	WLC10	WLC10	ChIP	cell type: NSCLC; chip antibody: LPWGS		ftp://ftp.ncbi.nlm.nih.gov/geo/samples/GSM7789nnn/GSM7789181/suppl/GSM7789181_WLC10.bed.gz	
GSM7789182	WLC11	WLC11	ChIP	cell type: NSCLC; chip antibody: LPWGS		ftp://ftp.ncbi.nlm.nih.gov/geo/samples/GSM7789nnn/GSM7789182/suppl/GSM7789182_WLC11.bed.gz	
GSM7789183	WLC12	WLC12	ChIP	cell type: NSCLC; chip antibody: LPWGS		ftp://ftp.ncbi.nlm.nih.gov/geo/samples/GSM7789nnn/GSM7789183/suppl/GSM7789183_WLC12.bed.gz	
GSM7789184	WLC16	WLC16	ChIP	cell type: NSCLC; chip antibody: LPWGS		ftp://ftp.ncbi.nlm.nih.gov/geo/samples/GSM7789nnn/GSM7789184/suppl/GSM7789184_WLC16.bed.gz	
GSM7789185	WLC17	WLC17	ChIP	cell type: NSCLC; chip antibody: LPWGS		ftp://ftp.ncbi.nlm.nih.gov/geo/samples/GSM7789nnn/GSM7789185/suppl/GSM7789185_WLC17.bed.gz	
GSM7789186	WLC20	WLC20	ChIP	cell type: NSCLC; chip antibody: LPWGS		ftp://ftp.ncbi.nlm.nih.gov/geo/samples/GSM7789nnn/GSM7789186/suppl/GSM7789186_WLC20.bed.gz	
GSM7789187	WLC21	WLC21	ChIP	cell type: NSCLC; chip antibody: LPWGS		ftp://ftp.ncbi.nlm.nih.gov/geo/samples/GSM7789nnn/GSM7789187/suppl/GSM7789187_WLC21.bed.gz	
GSM7789188	WLC23	WLC23	ChIP	cell type: NSCLC; chip antibody: LPWGS		ftp://ftp.ncbi.nlm.nih.gov/geo/samples/GSM7789nnn/GSM7789188/suppl/GSM7789188_WLC23.bed.gz	
GSM7789189	wLC25	wLC25	ChIP	cell type: NSCLC; chip antibody: LPWGS		ftp://ftp.ncbi.nlm.nih.gov/geo/samples/GSM7789nnn/GSM7789189/suppl/GSM7789189_wLC25.bed.gz	
GSM7789190	WLC26	WLC26	ChIP	cell type: SCLC; chip antibody: LPWGS		ftp://ftp.ncbi.nlm.nih.gov/geo/samples/GSM7789nnn/GSM7789190/suppl/GSM7789190_WLC26.bed.gz	
GSM7789191	WLC29	WLC29	ChIP	cell type: SCLC; chip antibody: LPWGS		ftp://ftp.ncbi.nlm.nih.gov/geo/samples/GSM7789nnn/GSM7789191/suppl/GSM7789191_WLC29.bed.gz	
GSM7789192	WLC31	WLC31	ChIP	cell type: NSCLC; chip antibody: LPWGS		ftp://ftp.ncbi.nlm.nih.gov/geo/samples/GSM7789nnn/GSM7789192/suppl/GSM7789192_WLC31.bed.gz	
GSM7789193	WLC32	WLC32	ChIP	cell type: SCLC; chip antibody: LPWGS		ftp://ftp.ncbi.nlm.nih.gov/geo/samples/GSM7789nnn/GSM7789193/suppl/GSM7789193_WLC32.bed.gz	
GSM7789194	WLC33	WLC33	ChIP	cell type: SCLC; chip antibody: LPWGS		ftp://ftp.ncbi.nlm.nih.gov/geo/samples/GSM7789nnn/GSM7789194/suppl/GSM7789194_WLC33.bed.gz	
GSM7789195	WLC34	WLC34	ChIP	cell type: SCLC; chip antibody: LPWGS		ftp://ftp.ncbi.nlm.nih.gov/geo/samples/GSM7789nnn/GSM7789195/suppl/GSM7789195_WLC34.bed.gz	
GSM7789196	WLC36	WLC36	ChIP	cell type: SCLC; chip antibody: LPWGS		ftp://ftp.ncbi.nlm.nih.gov/geo/samples/GSM7789nnn/GSM7789196/suppl/GSM7789196_WLC36.bed.gz	
GSM7789197	wLCmlf0013	wLCmlf0013	ChIP	cell type: SCLC; chip antibody: LPWGS		ftp://ftp.ncbi.nlm.nih.gov/geo/samples/GSM7789nnn/GSM7789197/suppl/GSM7789197_wLCmlf0013.bed.gz	
GSM7789198	wLCmlf0014	wLCmlf0014	ChIP	cell type: SCLC; chip antibody: LPWGS		ftp://ftp.ncbi.nlm.nih.gov/geo/samples/GSM7789nnn/GSM7789198/suppl/GSM7789198_wLCmlf0014.bed.gz	
GSM7789199	wLXE8W_TF	wLXE8W_TF	ChIP	cell type: Breast; chip antibody: LPWGS		ftp://ftp.ncbi.nlm.nih.gov/geo/samples/GSM7789nnn/GSM7789199/suppl/GSM7789199_wLXE8W_TF.bed.gz	
GSM7789200	wMCC228	wMCC228	ChIP	cell type: Merkel cell; chip antibody: LPWGS		ftp://ftp.ncbi.nlm.nih.gov/geo/samples/GSM7789nnn/GSM7789200/suppl/GSM7789200_wMCC228.bed.gz	
GSM7789201	wMCC240	wMCC240	ChIP	cell type: Merkel cell; chip antibody: LPWGS		ftp://ftp.ncbi.nlm.nih.gov/geo/samples/GSM7789nnn/GSM7789201/suppl/GSM7789201_wMCC240.bed.gz	
GSM7789202	wMCC241	wMCC241	ChIP	cell type: Merkel cell; chip antibody: LPWGS		ftp://ftp.ncbi.nlm.nih.gov/geo/samples/GSM7789nnn/GSM7789202/suppl/GSM7789202_wMCC241.bed.gz	
GSM7789203	wMCC245	wMCC245	ChIP	cell type: Merkel cell; chip antibody: LPWGS		ftp://ftp.ncbi.nlm.nih.gov/geo/samples/GSM7789nnn/GSM7789203/suppl/GSM7789203_wMCC245.bed.gz	
GSM7789204	wMCC253	wMCC253	ChIP	cell type: Merkel cell; chip antibody: LPWGS		ftp://ftp.ncbi.nlm.nih.gov/geo/samples/GSM7789nnn/GSM7789204/suppl/GSM7789204_wMCC253.bed.gz	
GSM7789205	wMCC260	wMCC260	ChIP	cell type: Merkel cell; chip antibody: LPWGS		ftp://ftp.ncbi.nlm.nih.gov/geo/samples/GSM7789nnn/GSM7789205/suppl/GSM7789205_wMCC260.bed.gz	
GSM7789206	wMCC266	wMCC266	ChIP	cell type: Merkel cell; chip antibody: LPWGS		ftp://ftp.ncbi.nlm.nih.gov/geo/samples/GSM7789nnn/GSM7789206/suppl/GSM7789206_wMCC266.bed.gz	
GSM7789207	wMCC270	wMCC270	ChIP	cell type: Merkel cell; chip antibody: LPWGS		ftp://ftp.ncbi.nlm.nih.gov/geo/samples/GSM7789nnn/GSM7789207/suppl/GSM7789207_wMCC270.bed.gz	
GSM7789208	wMCC274	wMCC274	ChIP	cell type: Merkel cell; chip antibody: LPWGS		ftp://ftp.ncbi.nlm.nih.gov/geo/samples/GSM7789nnn/GSM7789208/suppl/GSM7789208_wMCC274.bed.gz	
GSM7789209	wMCC279	wMCC279	ChIP	cell type: Merkel cell; chip antibody: LPWGS		ftp://ftp.ncbi.nlm.nih.gov/geo/samples/GSM7789nnn/GSM7789209/suppl/GSM7789209_wMCC279.bed.gz	
GSM7789210	wMCC284	wMCC284	ChIP	cell type: Merkel cell; chip antibody: LPWGS		ftp://ftp.ncbi.nlm.nih.gov/geo/samples/GSM7789nnn/GSM7789210/suppl/GSM7789210_wMCC284.bed.gz	
GSM7789211	wMCC306	wMCC306	ChIP	cell type: Merkel cell; chip antibody: LPWGS		ftp://ftp.ncbi.nlm.nih.gov/geo/samples/GSM7789nnn/GSM7789211/suppl/GSM7789211_wMCC306.bed.gz	
GSM7789212	wMCC316	wMCC316	ChIP	cell type: Merkel cell; chip antibody: LPWGS		ftp://ftp.ncbi.nlm.nih.gov/geo/samples/GSM7789nnn/GSM7789212/suppl/GSM7789212_wMCC316.bed.gz	
GSM7789213	wMCC323	wMCC323	ChIP	cell type: Merkel cell; chip antibody: LPWGS		ftp://ftp.ncbi.nlm.nih.gov/geo/samples/GSM7789nnn/GSM7789213/suppl/GSM7789213_wMCC323.bed.gz	
GSM7789214	wMCC324	wMCC324	ChIP	cell type: Merkel cell; chip antibody: LPWGS		ftp://ftp.ncbi.nlm.nih.gov/geo/samples/GSM7789nnn/GSM7789214/suppl/GSM7789214_wMCC324.bed.gz	
GSM7789215	wMerk168	wMerk168	ChIP	cell type: Merkel cell; chip antibody: LPWGS		ftp://ftp.ncbi.nlm.nih.gov/geo/samples/GSM7789nnn/GSM7789215/suppl/GSM7789215_wMerk168.bed.gz	
GSM7789216	wMerk197	wMerk197	ChIP	cell type: Merkel cell; chip antibody: LPWGS		ftp://ftp.ncbi.nlm.nih.gov/geo/samples/GSM7789nnn/GSM7789216/suppl/GSM7789216_wMerk197.bed.gz	
GSM7789217	wMerk212	wMerk212	ChIP	cell type: NEPC; chip antibody: LPWGS		ftp://ftp.ncbi.nlm.nih.gov/geo/samples/GSM7789nnn/GSM7789217/suppl/GSM7789217_wMerk212.bed.gz	
GSM7789218	wMerk229	wMerk229	ChIP	cell type: NEPC; chip antibody: LPWGS		ftp://ftp.ncbi.nlm.nih.gov/geo/samples/GSM7789nnn/GSM7789218/suppl/GSM7789218_wMerk229.bed.gz	
GSM7789219	wMGI933_1	wMGI933_1	ChIP	cell type: Ovarian; chip antibody: LPWGS		ftp://ftp.ncbi.nlm.nih.gov/geo/samples/GSM7789nnn/GSM7789219/suppl/GSM7789219_wMGI933_1.bed.gz	
GSM7789220	wMGI938_1	wMGI938_1	ChIP	cell type: Ovarian; chip antibody: LPWGS		ftp://ftp.ncbi.nlm.nih.gov/geo/samples/GSM7789nnn/GSM7789220/suppl/GSM7789220_wMGI938_1.bed.gz	
GSM7789221	wMGI940_2	wMGI940_2	ChIP	cell type: Ovarian; chip antibody: LPWGS		ftp://ftp.ncbi.nlm.nih.gov/geo/samples/GSM7789nnn/GSM7789221/suppl/GSM7789221_wMGI940_2.bed.gz	
GSM7789222	wMGI942_1	wMGI942_1	ChIP	cell type: Ovarian; chip antibody: LPWGS		ftp://ftp.ncbi.nlm.nih.gov/geo/samples/GSM7789nnn/GSM7789222/suppl/GSM7789222_wMGI942_1.bed.gz	
GSM7789223	WML01	WML01	ChIP	cell type: Melanoma; chip antibody: LPWGS		ftp://ftp.ncbi.nlm.nih.gov/geo/samples/GSM7789nnn/GSM7789223/suppl/GSM7789223_WML01.bed.gz	
GSM7789224	WML02	WML02	ChIP	cell type: Melanoma; chip antibody: LPWGS		ftp://ftp.ncbi.nlm.nih.gov/geo/samples/GSM7789nnn/GSM7789224/suppl/GSM7789224_WML02.bed.gz	
GSM7789225	WML03	WML03	ChIP	cell type: Melanoma; chip antibody: LPWGS		ftp://ftp.ncbi.nlm.nih.gov/geo/samples/GSM7789nnn/GSM7789225/suppl/GSM7789225_WML03.bed.gz	
GSM7789226	WML04	WML04	ChIP	cell type: Melanoma; chip antibody: LPWGS		ftp://ftp.ncbi.nlm.nih.gov/geo/samples/GSM7789nnn/GSM7789226/suppl/GSM7789226_WML04.bed.gz	
GSM7789227	WML05	WML05	ChIP	cell type: Melanoma; chip antibody: LPWGS		ftp://ftp.ncbi.nlm.nih.gov/geo/samples/GSM7789nnn/GSM7789227/suppl/GSM7789227_WML05.bed.gz	
GSM7789228	WML06	WML06	ChIP	cell type: Melanoma; chip antibody: LPWGS		ftp://ftp.ncbi.nlm.nih.gov/geo/samples/GSM7789nnn/GSM7789228/suppl/GSM7789228_WML06.bed.gz	
GSM7789229	WMPC53	WMPC53	ChIP	cell type: Prostate; chip antibody: LPWGS		ftp://ftp.ncbi.nlm.nih.gov/geo/samples/GSM7789nnn/GSM7789229/suppl/GSM7789229_WMPC53.bed.gz	
GSM7789230	WMPC54	WMPC54	ChIP	cell type: Prostate; chip antibody: LPWGS		ftp://ftp.ncbi.nlm.nih.gov/geo/samples/GSM7789nnn/GSM7789230/suppl/GSM7789230_WMPC54.bed.gz	
GSM7789231	WNE2273	WNE2273	ChIP	cell type: NEPC; chip antibody: LPWGS		ftp://ftp.ncbi.nlm.nih.gov/geo/samples/GSM7789nnn/GSM7789231/suppl/GSM7789231_WNE2273.bed.gz	
GSM7789232	wNEmlf013	wNEmlf013	ChIP	cell type: Prostate; chip antibody: LPWGS		ftp://ftp.ncbi.nlm.nih.gov/geo/samples/GSM7789nnn/GSM7789232/suppl/GSM7789232_wNEmlf013.bed.gz	
GSM7789233	wNEmlf014	wNEmlf014	ChIP	cell type: Prostate; chip antibody: LPWGS		ftp://ftp.ncbi.nlm.nih.gov/geo/samples/GSM7789nnn/GSM7789233/suppl/GSM7789233_wNEmlf014.bed.gz	
GSM7789234	wNEmlf015	wNEmlf015	ChIP	cell type: NSCLC; chip antibody: LPWGS		ftp://ftp.ncbi.nlm.nih.gov/geo/samples/GSM7789nnn/GSM7789234/suppl/GSM7789234_wNEmlf015.bed.gz	
GSM7789235	wNEmlf016	wNEmlf016	ChIP	cell type: NEPC; chip antibody: LPWGS		ftp://ftp.ncbi.nlm.nih.gov/geo/samples/GSM7789nnn/GSM7789235/suppl/GSM7789235_wNEmlf016.bed.gz	
GSM7789236	wNEmlf017	wNEmlf017	ChIP	cell type: NEPC; chip antibody: LPWGS		ftp://ftp.ncbi.nlm.nih.gov/geo/samples/GSM7789nnn/GSM7789236/suppl/GSM7789236_wNEmlf017.bed.gz	
GSM7789237	wNEmlf019	wNEmlf019	ChIP	cell type: Merkel cell; chip antibody: LPWGS		ftp://ftp.ncbi.nlm.nih.gov/geo/samples/GSM7789nnn/GSM7789237/suppl/GSM7789237_wNEmlf019.bed.gz	
GSM7789238	wNEmlf020	wNEmlf020	ChIP	cell type: Prostate; chip antibody: LPWGS		ftp://ftp.ncbi.nlm.nih.gov/geo/samples/GSM7789nnn/GSM7789238/suppl/GSM7789238_wNEmlf020.bed.gz	
GSM7789239	wNEmlf021	wNEmlf021	ChIP	cell type: Hepatocellular; chip antibody: LPWGS		ftp://ftp.ncbi.nlm.nih.gov/geo/samples/GSM7789nnn/GSM7789239/suppl/GSM7789239_wNEmlf021.bed.gz	
GSM7789240	wNEmlf022	wNEmlf022	ChIP	cell type: Merkel cell; chip antibody: LPWGS		ftp://ftp.ncbi.nlm.nih.gov/geo/samples/GSM7789nnn/GSM7789240/suppl/GSM7789240_wNEmlf022.bed.gz	
GSM7789241	wNIH_AMP_8_2	wNIH_AMP_8_2	ChIP	cell type: NSCLC; chip antibody: LPWGS		ftp://ftp.ncbi.nlm.nih.gov/geo/samples/GSM7789nnn/GSM7789241/suppl/GSM7789241_wNIH_AMP_8_2.bed.gz	
GSM7789242	wNIH_PS_36_2	wNIH_PS_36_2	ChIP	cell type: NEPC; chip antibody: LPWGS		ftp://ftp.ncbi.nlm.nih.gov/geo/samples/GSM7789nnn/GSM7789242/suppl/GSM7789242_wNIH_PS_36_2.bed.gz	
GSM7789243	wNIH_PS_7_1	wNIH_PS_7_1	ChIP	cell type: Colorectal; chip antibody: LPWGS		ftp://ftp.ncbi.nlm.nih.gov/geo/samples/GSM7789nnn/GSM7789243/suppl/GSM7789243_wNIH_PS_7_1.bed.gz	
GSM7789244	wNIH_TRC_4_2	wNIH_TRC_4_2	ChIP	cell type: Prostate; chip antibody: LPWGS		ftp://ftp.ncbi.nlm.nih.gov/geo/samples/GSM7789nnn/GSM7789244/suppl/GSM7789244_wNIH_TRC_4_2.bed.gz	
GSM7789245	wNIH_TRC_7_1	wNIH_TRC_7_1	ChIP	cell type: Hepatocellular; chip antibody: LPWGS		ftp://ftp.ncbi.nlm.nih.gov/geo/samples/GSM7789nnn/GSM7789245/suppl/GSM7789245_wNIH_TRC_7_1.bed.gz	
GSM7789246	wNIH_TRHC_14_2	wNIH_TRHC_14_2	ChIP	cell type: Hepatocellular; chip antibody: LPWGS		ftp://ftp.ncbi.nlm.nih.gov/geo/samples/GSM7789nnn/GSM7789246/suppl/GSM7789246_wNIH_TRHC_14_2.bed.gz	
GSM7789247	wNIH_TRHC_7_2	wNIH_TRHC_7_2	ChIP	cell type: Prostate; chip antibody: LPWGS		ftp://ftp.ncbi.nlm.nih.gov/geo/samples/GSM7789nnn/GSM7789247/suppl/GSM7789247_wNIH_TRHC_7_2.bed.gz	
GSM7789248	WP2627	WP2627	ChIP	cell type: Prostate; chip antibody: LPWGS		ftp://ftp.ncbi.nlm.nih.gov/geo/samples/GSM7789nnn/GSM7789248/suppl/GSM7789248_WP2627.bed.gz	
GSM7789249	WPC31	WPC31	ChIP	cell type: Prostate; chip antibody: LPWGS		ftp://ftp.ncbi.nlm.nih.gov/geo/samples/GSM7789nnn/GSM7789249/suppl/GSM7789249_WPC31.bed.gz	
GSM7789250	WPC32	WPC32	ChIP	cell type: Prostate; chip antibody: LPWGS		ftp://ftp.ncbi.nlm.nih.gov/geo/samples/GSM7789nnn/GSM7789250/suppl/GSM7789250_WPC32.bed.gz	
GSM7789251	WPC38	WPC38	ChIP	cell type: Prostate; chip antibody: LPWGS		ftp://ftp.ncbi.nlm.nih.gov/geo/samples/GSM7789nnn/GSM7789251/suppl/GSM7789251_WPC38.bed.gz	
GSM7789252	WPC39	WPC39	ChIP	cell type: Prostate; chip antibody: LPWGS		ftp://ftp.ncbi.nlm.nih.gov/geo/samples/GSM7789nnn/GSM7789252/suppl/GSM7789252_WPC39.bed.gz	
GSM7789253	WPC40	WPC40	ChIP	cell type: Prostate; chip antibody: LPWGS		ftp://ftp.ncbi.nlm.nih.gov/geo/samples/GSM7789nnn/GSM7789253/suppl/GSM7789253_WPC40.bed.gz	
GSM7789254	wPCmlf049	wPCmlf049	ChIP	cell type: Thymic; chip antibody: LPWGS		ftp://ftp.ncbi.nlm.nih.gov/geo/samples/GSM7789nnn/GSM7789254/suppl/GSM7789254_wPCmlf049.bed.gz	
GSM7789255	wPCmlf052	wPCmlf052	ChIP	cell type: Merkel cell; chip antibody: LPWGS		ftp://ftp.ncbi.nlm.nih.gov/geo/samples/GSM7789nnn/GSM7789255/suppl/GSM7789255_wPCmlf052.bed.gz	
GSM7789256	wPCmlf066	wPCmlf066	ChIP	cell type: NEPC; chip antibody: LPWGS		ftp://ftp.ncbi.nlm.nih.gov/geo/samples/GSM7789nnn/GSM7789256/suppl/GSM7789256_wPCmlf066.bed.gz	
GSM7789257	wPCmlf074	wPCmlf074	ChIP	cell type: Thymic; chip antibody: LPWGS		ftp://ftp.ncbi.nlm.nih.gov/geo/samples/GSM7789nnn/GSM7789257/suppl/GSM7789257_wPCmlf074.bed.gz	
GSM7789258	wPCmlf080	wPCmlf080	ChIP	cell type: Colorectal; chip antibody: LPWGS		ftp://ftp.ncbi.nlm.nih.gov/geo/samples/GSM7789nnn/GSM7789258/suppl/GSM7789258_wPCmlf080.bed.gz	
GSM7789259	wPCmlf081	wPCmlf081	ChIP	cell type: SCLC; chip antibody: LPWGS		ftp://ftp.ncbi.nlm.nih.gov/geo/samples/GSM7789nnn/GSM7789259/suppl/GSM7789259_wPCmlf081.bed.gz	
GSM7789260	WPCmlf37	WPCmlf37	ChIP	cell type: Prostate; chip antibody: LPWGS		ftp://ftp.ncbi.nlm.nih.gov/geo/samples/GSM7789nnn/GSM7789260/suppl/GSM7789260_WPCmlf37.bed.gz	
GSM7789261	wPS12_2	wPS12_2	ChIP	cell type: NSCLC; chip antibody: LPWGS		ftp://ftp.ncbi.nlm.nih.gov/geo/samples/GSM7789nnn/GSM7789261/suppl/GSM7789261_wPS12_2.bed.gz	
GSM7789262	wPS122_2	wPS122_2	ChIP	cell type: NSCLC; chip antibody: LPWGS		ftp://ftp.ncbi.nlm.nih.gov/geo/samples/GSM7789nnn/GSM7789262/suppl/GSM7789262_wPS122_2.bed.gz	
GSM7789263	wPS154_2	wPS154_2	ChIP	cell type: NSCLC; chip antibody: LPWGS		ftp://ftp.ncbi.nlm.nih.gov/geo/samples/GSM7789nnn/GSM7789263/suppl/GSM7789263_wPS154_2.bed.gz	
GSM7789264	wPS173_2	wPS173_2	ChIP	cell type: NSCLC; chip antibody: LPWGS		ftp://ftp.ncbi.nlm.nih.gov/geo/samples/GSM7789nnn/GSM7789264/suppl/GSM7789264_wPS173_2.bed.gz	
GSM7789265	wPS197_2	wPS197_2	ChIP	cell type: NSCLC; chip antibody: LPWGS		ftp://ftp.ncbi.nlm.nih.gov/geo/samples/GSM7789nnn/GSM7789265/suppl/GSM7789265_wPS197_2.bed.gz	
GSM7789266	wPS219_2	wPS219_2	ChIP	cell type: NSCLC; chip antibody: LPWGS		ftp://ftp.ncbi.nlm.nih.gov/geo/samples/GSM7789nnn/GSM7789266/suppl/GSM7789266_wPS219_2.bed.gz	
GSM7789267	wPS245_2	wPS245_2	ChIP	cell type: NSCLC; chip antibody: LPWGS		ftp://ftp.ncbi.nlm.nih.gov/geo/samples/GSM7789nnn/GSM7789267/suppl/GSM7789267_wPS245_2.bed.gz	
GSM7789268	wPS248_2	wPS248_2	ChIP	cell type: NSCLC; chip antibody: LPWGS		ftp://ftp.ncbi.nlm.nih.gov/geo/samples/GSM7789nnn/GSM7789268/suppl/GSM7789268_wPS248_2.bed.gz	
GSM7789269	wPS55_2	wPS55_2	ChIP	cell type: NSCLC; chip antibody: LPWGS		ftp://ftp.ncbi.nlm.nih.gov/geo/samples/GSM7789nnn/GSM7789269/suppl/GSM7789269_wPS55_2.bed.gz	
GSM7789270	wPS75_2	wPS75_2	ChIP	cell type: NSCLC; chip antibody: LPWGS		ftp://ftp.ncbi.nlm.nih.gov/geo/samples/GSM7789nnn/GSM7789270/suppl/GSM7789270_wPS75_2.bed.gz	
GSM7789271	wPS96_2	wPS96_2	ChIP	cell type: NSCLC; chip antibody: LPWGS		ftp://ftp.ncbi.nlm.nih.gov/geo/samples/GSM7789nnn/GSM7789271/suppl/GSM7789271_wPS96_2.bed.gz	
GSM7789272	WRC38	WRC38	ChIP	cell type: Renal; chip antibody: LPWGS		ftp://ftp.ncbi.nlm.nih.gov/geo/samples/GSM7789nnn/GSM7789272/suppl/GSM7789272_WRC38.bed.gz	
GSM7789273	wSMAC11_2	wSMAC11_2	ChIP	cell type: Ovarian; chip antibody: LPWGS		ftp://ftp.ncbi.nlm.nih.gov/geo/samples/GSM7789nnn/GSM7789273/suppl/GSM7789273_wSMAC11_2.bed.gz	
GSM7789274	wSMAC16_2	wSMAC16_2	ChIP	cell type: Ovarian; chip antibody: LPWGS		ftp://ftp.ncbi.nlm.nih.gov/geo/samples/GSM7789nnn/GSM7789274/suppl/GSM7789274_wSMAC16_2.bed.gz	
GSM7789275	wSMAC23_2	wSMAC23_2	ChIP	cell type: Ovarian; chip antibody: LPWGS		ftp://ftp.ncbi.nlm.nih.gov/geo/samples/GSM7789nnn/GSM7789275/suppl/GSM7789275_wSMAC23_2.bed.gz	
GSM7789276	wSMAC5_2	wSMAC5_2	ChIP	cell type: Ovarian; chip antibody: LPWGS		ftp://ftp.ncbi.nlm.nih.gov/geo/samples/GSM7789nnn/GSM7789276/suppl/GSM7789276_wSMAC5_2.bed.gz	
GSM7789277	wTRC23_1	wTRC23_1	ChIP	cell type: Prostate; chip antibody: LPWGS		ftp://ftp.ncbi.nlm.nih.gov/geo/samples/GSM7789nnn/GSM7789277/suppl/GSM7789277_wTRC23_1.bed.gz	
GSM7789278	wTRC25_1	wTRC25_1	ChIP	cell type: Prostate; chip antibody: LPWGS		ftp://ftp.ncbi.nlm.nih.gov/geo/samples/GSM7789nnn/GSM7789278/suppl/GSM7789278_wTRC25_1.bed.gz	
GSM7789279	wTRC30_1	wTRC30_1	ChIP	cell type: Prostate; chip antibody: LPWGS		ftp://ftp.ncbi.nlm.nih.gov/geo/samples/GSM7789nnn/GSM7789279/suppl/GSM7789279_wTRC30_1.bed.gz	
GSM7789280	wTRC40_1	wTRC40_1	ChIP	cell type: Prostate; chip antibody: LPWGS		ftp://ftp.ncbi.nlm.nih.gov/geo/samples/GSM7789nnn/GSM7789280/suppl/GSM7789280_wTRC40_1.bed.gz	
GSM7789281	wTRC42_1	wTRC42_1	ChIP	cell type: Prostate; chip antibody: LPWGS		ftp://ftp.ncbi.nlm.nih.gov/geo/samples/GSM7789nnn/GSM7789281/suppl/GSM7789281_wTRC42_1.bed.gz	
GSM7789282	wTRC53_1	wTRC53_1	ChIP	cell type: Prostate; chip antibody: LPWGS		ftp://ftp.ncbi.nlm.nih.gov/geo/samples/GSM7789nnn/GSM7789282/suppl/GSM7789282_wTRC53_1.bed.gz	
GSM7789283	wTRC61_2	wTRC61_2	ChIP	cell type: Prostate; chip antibody: LPWGS		ftp://ftp.ncbi.nlm.nih.gov/geo/samples/GSM7789nnn/GSM7789283/suppl/GSM7789283_wTRC61_2.bed.gz	
GSM7789284	wTRC67_2	wTRC67_2	ChIP	cell type: Prostate; chip antibody: LPWGS		ftp://ftp.ncbi.nlm.nih.gov/geo/samples/GSM7789nnn/GSM7789284/suppl/GSM7789284_wTRC67_2.bed.gz	
GSM7789285	wTRC78_1	wTRC78_1	ChIP	cell type: Prostate; chip antibody: LPWGS		ftp://ftp.ncbi.nlm.nih.gov/geo/samples/GSM7789nnn/GSM7789285/suppl/GSM7789285_wTRC78_1.bed.gz	
GSM7789286	wTRC84_2	wTRC84_2	ChIP	cell type: Prostate; chip antibody: LPWGS		ftp://ftp.ncbi.nlm.nih.gov/geo/samples/GSM7789nnn/GSM7789286/suppl/GSM7789286_wTRC84_2.bed.gz	
GSM7789287	wTRHC101_2	wTRHC101_2	ChIP	cell type: Hepatocellular; chip antibody: LPWGS		ftp://ftp.ncbi.nlm.nih.gov/geo/samples/GSM7789nnn/GSM7789287/suppl/GSM7789287_wTRHC101_2.bed.gz	
GSM7789288	wTRHC103_2	wTRHC103_2	ChIP	cell type: Hepatocellular; chip antibody: LPWGS		ftp://ftp.ncbi.nlm.nih.gov/geo/samples/GSM7789nnn/GSM7789288/suppl/GSM7789288_wTRHC103_2.bed.gz	
GSM7789289	wTRHC128_2	wTRHC128_2	ChIP	cell type: Hepatocellular; chip antibody: LPWGS		ftp://ftp.ncbi.nlm.nih.gov/geo/samples/GSM7789nnn/GSM7789289/suppl/GSM7789289_wTRHC128_2.bed.gz	
GSM7789290	wTRHC25_2	wTRHC25_2	ChIP	cell type: Hepatocellular; chip antibody: LPWGS		ftp://ftp.ncbi.nlm.nih.gov/geo/samples/GSM7789nnn/GSM7789290/suppl/GSM7789290_wTRHC25_2.bed.gz	
GSM7789291	wTRHC33_2	wTRHC33_2	ChIP	cell type: Hepatocellular; chip antibody: LPWGS		ftp://ftp.ncbi.nlm.nih.gov/geo/samples/GSM7789nnn/GSM7789291/suppl/GSM7789291_wTRHC33_2.bed.gz	
GSM7789292	wTRHC47_1	wTRHC47_1	ChIP	cell type: Hepatocellular; chip antibody: LPWGS		ftp://ftp.ncbi.nlm.nih.gov/geo/samples/GSM7789nnn/GSM7789292/suppl/GSM7789292_wTRHC47_1.bed.gz	
GSM7789293	wTRHC54_2	wTRHC54_2	ChIP	cell type: Hepatocellular; chip antibody: LPWGS		ftp://ftp.ncbi.nlm.nih.gov/geo/samples/GSM7789nnn/GSM7789293/suppl/GSM7789293_wTRHC54_2.bed.gz	
GSM7789294	wTRHC66_2	wTRHC66_2	ChIP	cell type: Hepatocellular; chip antibody: LPWGS		ftp://ftp.ncbi.nlm.nih.gov/geo/samples/GSM7789nnn/GSM7789294/suppl/GSM7789294_wTRHC66_2.bed.gz	
GSM7789295	wTRHC68_2	wTRHC68_2	ChIP	cell type: Hepatocellular; chip antibody: LPWGS		ftp://ftp.ncbi.nlm.nih.gov/geo/samples/GSM7789nnn/GSM7789295/suppl/GSM7789295_wTRHC68_2.bed.gz	
GSM7789296	wTRHC82_2	wTRHC82_2	ChIP	cell type: Hepatocellular; chip antibody: LPWGS		ftp://ftp.ncbi.nlm.nih.gov/geo/samples/GSM7789nnn/GSM7789296/suppl/GSM7789296_wTRHC82_2.bed.gz	
GSM7789297	wTRHC88_2	wTRHC88_2	ChIP	cell type: Hepatocellular; chip antibody: LPWGS		ftp://ftp.ncbi.nlm.nih.gov/geo/samples/GSM7789nnn/GSM7789297/suppl/GSM7789297_wTRHC88_2.bed.gz	
