spearman_median	spearman_IQR	overlap_median	overlap_IQR
0.958327751079424	0.00851784522025234	0.218	0.0874
